Event Name,Event ID,Organizer Name,Attendee #,Barcode #,Order Date,Buyer Last Name,Buyer First Name,Buyer Email,Prefix,Last Name,First Name,Suffix,Email,Quantity,Ticket Type,Date Attending,Device #,Check-In Date,IP Location,Discount,Group,Affiliate,Order #,Order Type,Currency,Total Paid,Fees Paid,Eventbrite Fees,Eventbrite Payment Processing,Tax Paid,Attendee Status,Ticket Delivery Method,Home Address 1,Home Address 2,Home City,Home State,Home Zip,Home Country,Home Phone,Cell Phone,Gender,Age,Birth Date,Please suggest a topic for an unconference session,Would you like to receive BigData-related emails from our event sponsors.,Shipping Address 1,Shipping Address 2,Shipping City,Shipping State,Shipping Zip,Shipping Country,Job Title,Company,Work Address 1,Work Address 2,Work City,Work State,Work Zip,Work Country,Work Phone,Website,Blog,Notes
"""Open"" BigDataCamp Chicago - Apr 21, 2012",3329058303,BigDataCamp,104031945,81758985104031900000,"Apr 16, 2012",riley,al,aariley@gmail.com,,riley,aa,,aariley@gmail.com,1,Attendee,"Apr 21, 2012 at 10:00 AM",,,"Chicago, IL, United States",,,,81758985,Free Order,USD,0,0,0,0,0,Attending,eTicket,,,,IL,,US,,,,,,big data for policy makers and government finance officers,Yes,,,,,,,consultant,aa & emerson,,,,,,,,"http://www.aaemerson,com",,
"""Open"" BigDataCamp Chicago - Apr 21, 2012",3329058303,BigDataCamp,104329417,81985247104329400000,"Apr 17, 2012",Avais,Ahmed,aavais@yahoo.com,,Avais,Ahmed,,aavais@yahoo.com,1,Attendee,"Apr 21, 2012 at 10:00 AM",,,"Chicago, IL, United States",,,,81985247,Free Order,USD,0,0,0,0,0,Attending,eTicket,5978 N Lincoln Ave APT 4C,,Chicago,IL,60659,US,,,,,,,Yes,,,,,,,Revenue Systems Engineer II,CTA,,,,,,,,,,
"""Open"" BigDataCamp Chicago - Apr 21, 2012",3329058303,BigDataCamp,103242637,81150019103242600000,"Apr 13, 2012",Lal,Ace,ace.lal@openbi.com,,Lal,Ace,,ace.lal@openbi.com,1,Attendee,"Apr 21, 2012 at 10:00 AM",,,"Oak Park, IL, United States",,,,81150019,Free Order,USD,0,0,0,0,0,Attending,eTicket,,,,IL,,US,,,,,,Common big data architectures,Yes,,,,,,,Consultant,OpenBI,,,,,,,,http://www.openbi.com,,
"""Open"" BigDataCamp Chicago - Apr 21, 2012",3329058303,BigDataCamp,102434839,80508359102434800000,"Apr 10, 2012",Tarkowski,Adam,adam.tarkowski@thinkbiganalytics.com,,Tarkowski,Adam,,adam.tarkowski@thinkbiganalytics.com,1,Attendee,"Apr 21, 2012 at 10:00 AM",,,"Chicago, IL, United States",,,,80508359,Free Order,USD,0,0,0,0,0,Attending,eTicket,c/o Think Big Analytics,"117 N Jefferson, Suite LL03",Chicago,IL,60661,US,,,,,,,Yes,,,,,,,Principal,Think Big Analytics,,,,,,,,,,
"""Open"" BigDataCamp Chicago - Apr 21, 2012",3329058303,BigDataCamp,104944203,82467425104944200000,"Apr 19, 2012",Gray,Adam,adam@adamgray.us,,Gray,Adam,,adam@adamgray.us,1,Attendee,"Apr 21, 2012 at 10:00 AM",,,"Chicago, IL, United States",,,,82467425,Free Order,USD,0,0,0,0,0,Attending,eTicket,1611 W. Grace St.,Apt. 1,Chicago,IL,60613,US,,,,,,,No,,,,,,,Software Developer,Cleversafe Inc.,,,,,,,,http://www.cleversafe.com,,
"""Open"" BigDataCamp Chicago - Apr 21, 2012",3329058303,BigDataCamp,104663547,82247849104663500000,"Apr 18, 2012",MEZGHOUTI,ADIL,adilmezghouti@gmail.com,,MEZGHOUTI,ADIL,,adilmezghouti@gmail.com,1,Attendee,"Apr 21, 2012 at 10:00 AM",,,"Brookfield, WI, United States",,,,82247849,Free Order,USD,0,0,0,0,0,Attending,eTicket,6144 GAGE AVE APT 30,30,ROSEMONT,IL,600185034,US,,,,,,,Yes,,,,,,,Software Architect,Independent,,,,,,,7733171805,,,
"""Open"" BigDataCamp Chicago - Apr 21, 2012",3329058303,BigDataCamp,104568541,82174065104568500000,"Apr 18, 2012",Olson,Joe,admin@tracklytics.com,,Olson,Joe,,admin@tracklytics.com,1,Attendee,"Apr 21, 2012 at 10:00 AM",,,"Hoffman Estates, IL, United States",,,,82174065,Free Order,USD,0,0,0,0,0,Attending,eTicket,22 W Washington ,Suite 1500,Chicago,IL,60602,US,,,,,,,No,,,,,,,CTO,Tracklytics LLC,,,,,,,,,,
"""Open"" BigDataCamp Chicago - Apr 21, 2012",3329058303,BigDataCamp,102566389,80611351102566400000,"Apr 10, 2012",Mahansaria,Anup,ahamanup@gmail.com,,Mahansaria,Anup,,ahamanup@gmail.com,1,Attendee,"Apr 21, 2012 at 10:00 AM",,,"Glenview, IL, United States",,,,80611351,Free Order,USD,0,0,0,0,0,Attending,eTicket,1870 W Plam Dr #377,,Mt prospect,IL,60056,US,,,,,,,Yes,,,,,,,Associate manager,Emids technologies,,,,,,,,,,
"""Open"" BigDataCamp Chicago - Apr 21, 2012",3329058303,BigDataCamp,104104951,81817939104105000000,"Apr 17, 2012",Hoblitzell,Andrew,ahoblitz@gmail.com,,Hoblitzell,Andrew,,ahoblitz@gmail.com,1,Attendee,"Apr 21, 2012 at 10:00 AM",,,"Indianapolis, IN, United States",,,,81817939,Free Order,USD,0,0,0,0,0,Attending,eTicket,706 Raccoon Run,,Greenwood,IN,46142,US,,,,,,Hadoop and R/Mahout/SAS/OBI,Yes,,,,,,,Developer,NGS,,,,,,,,,,
"""Open"" BigDataCamp Chicago - Apr 21, 2012",3329058303,BigDataCamp,105182421,82648965105182400000,"Apr 20, 2012",Khakhkhar,Ami,akhakhkhar@gmail.com,,Khakhkhar,Ami,,akhakhkhar@gmail.com,1,Attendee,"Apr 21, 2012 at 10:00 AM",,,"Evanston, IL, United States",,,,82648965,Free Order,USD,0,0,0,0,0,Attending,eTicket,,,,IL,,US,,,,,,,No,,,,,,,Consultant,CBIG,,,,,,,,,,
"""Open"" BigDataCamp Chicago - Apr 21, 2012",3329058303,BigDataCamp,104426865,82062957104426900000,"Apr 18, 2012",Budianto,Albert,albert.budianto@chicagobigroup.com,,Budianto,Albert,,albert.budianto@chicagobigroup.com,1,Attendee,"Apr 21, 2012 at 10:00 AM",,,"Lake Zurich, IL, United States",,,,82062957,Free Order,USD,0,0,0,0,0,Attending,eTicket,155 Tyler Ct,,Lake Zurich,IL,60047,US,,,,,,,,,,,,,,Consultant,Chicago Business Intelligence Group,,,,,,,,http://www.chicagobigroup.com,,
"""Open"" BigDataCamp Chicago - Apr 21, 2012",3329058303,BigDataCamp,102431157,80505509102431100000,"Apr 10, 2012",Deijkers,Aldo,aldo@coreanalytics.com,,Deijkers,Aldo,,aldo@coreanalytics.com,1,Attendee,"Apr 21, 2012 at 10:00 AM",,,"Alamo, CA, United States",,,,80505509,Free Order,USD,0,0,0,0,0,Attending,eTicket,,,,IL,,US,,,,,,,No,,,,,,,CTO,"Core Analytics, LLC / Game Loyalty",,,,,,,773-575-2648,http://www.coreanalytics.com,http://clickinsights.blogspot.com/,
"""Open"" BigDataCamp Chicago - Apr 21, 2012",3329058303,BigDataCamp,104117863,81828331104117900000,"Apr 17, 2012",Friedgan,Alex,alex.friedgan@gmail.com,,Friedgan,Alex,,alex.friedgan@gmail.com,1,Attendee,"Apr 21, 2012 at 10:00 AM",,,"Chicago, IL, United States",,,,81828331,Free Order,USD,0,0,0,0,0,Attending,eTicket,,,,IL,,US,,,,,,,No,,,,,,,Data Architect,Roundarch Isobar,,,,,,,,,,
"""Open"" BigDataCamp Chicago - Apr 21, 2012",3329058303,BigDataCamp,102464679,80531343102464700000,"Apr 10, 2012",Lalani,Ameena,ameena_lalani@hotmail.com,,Lalani,Ameena,,ameena_lalani@hotmail.com,1,Attendee,"Apr 21, 2012 at 10:00 AM",,,"Chicago, IL, United States",,,,80531343,Free Order,USD,0,0,0,0,0,Attending,eTicket,,,,IL,,US,,,,,,,No,,,,,,,DBA,Comscore,,,,,,,,,,
"""Open"" BigDataCamp Chicago - Apr 21, 2012",3329058303,BigDataCamp,104117751,81828241104117700000,"Apr 17, 2012",Dulipat,Amit ,amith.d@gmail.com,,Dulipat,Amit ,,amith.d@gmail.com,1,Attendee,"Apr 21, 2012 at 10:00 AM",,,"Peoria, IL, United States",,,,81828241,Free Order,USD,0,0,0,0,0,Attending,eTicket,1459 W taylor St,,Chicago,IL,60607,US,,,,,,,No,,,,,,,Senior Consultant,Ernst & Young,,,,,,,,http://ey.com,,
"""Open"" BigDataCamp Chicago - Apr 21, 2012",3329058303,BigDataCamp,104880003,82417395104880000000,"Apr 19, 2012",Kishore,Ananth,ananth.kishore@gmail.com,,Kishore,Ananth,,ananth.kishore@gmail.com,1,Attendee,"Apr 21, 2012 at 10:00 AM",,,"Hoffman Estates, IL, United States",,,,82417395,Free Order,USD,0,0,0,0,0,Attending,eTicket,230 Lillian pl,,Bartlett,IL,60103,US,,,,,,,No,,,,,,,Consultant,Independent consultant,,,,,,,,,,
"""Open"" BigDataCamp Chicago - Apr 21, 2012",3329058303,BigDataCamp,103874167,81636169103874200000,"Apr 16, 2012",Martin,Angela,AngelaLMartin@gmail.com,,Martin,Angela,,AngelaLMartin@gmail.com,1,Attendee,"Apr 21, 2012 at 10:00 AM",,,"Homewood, IL, United States",,,,81636169,Free Order,USD,0,0,0,0,0,Attending,eTicket,934 W Cuyler Ave #4D,,Chicago,IL,60613,US,,,,,,,No,,,,,,,Sales Executive,Telx,,,,,,,3127315226,http://www.telx.com,,
"""Open"" BigDataCamp Chicago - Apr 21, 2012",3329058303,BigDataCamp,104246313,81921409104246300000,"Apr 17, 2012",Gross,Anna,anna.gross@us.mcd.com,,Gross,Anna,,anna.gross@us.mcd.com,1,Attendee,"Apr 21, 2012 at 10:00 AM",,,"Orland Park, IL, United States",,,,81921409,Free Order,USD,0,0,0,0,0,Attending,eTicket,3170 N. Sheridan #1121,,Chicago,IL,60657,US,,,,,,,Yes,,,,,,,Database Architect,McDonald's,,,,,,,,,,
"""Open"" BigDataCamp Chicago - Apr 21, 2012",3329058303,BigDataCamp,103845379,81613499103845400000,"Apr 16, 2012",Ognev,Sasha,aognev@getcollc.com,,Ognev,Sasha,,aognev@getcollc.com,1,Attendee,"Apr 21, 2012 at 10:00 AM",,,"New York, NY, United States",,,,81613499,Free Order,USD,0,0,0,0,0,Attending,eTicket,8 E Randolph ST 2408,,Chicago,IL,60601,US,,,,,,,No,,,,,,,Associate,GETCO LLC,,,,,,,,,,
"""Open"" BigDataCamp Chicago - Apr 21, 2012",3329058303,BigDataCamp,104269217,81938771104269200000,"Apr 17, 2012",Rasin,Alexander,arasin@cdm.depaul.edu,,Rasin,Alexander,,arasin@cdm.depaul.edu,1,Attendee w/ Donation,"Apr 21, 2012 at 10:00 AM",,,"Chicago, IL, United States",,,,81938771,PayPal Completed,USD,11.24,1.24,1.24,0,0,Attending,eTicket,,,,IL,,US,,,,,,,Yes,,,,,,,Assistant Professor,DePaul University,,,,,,,,,,
"""Open"" BigDataCamp Chicago - Apr 21, 2012",3329058303,BigDataCamp,102539019,80590409102539000000,"Apr 10, 2012",Marcus,Ariel,ariel.marcus@openbi.com,,Marcus,Ariel,,ariel.marcus@openbi.com,1,Attendee,"Apr 21, 2012 at 10:00 AM",,,"Harwood Heights, IL, United States",,,,80590409,Free Order,USD,0,0,0,0,0,Attending,eTicket,,,,IL,,US,,,,,,,,,,,,,,Consultant ,OpenBI,,,,,,,,,,
"""Open"" BigDataCamp Chicago - Apr 21, 2012",3329058303,BigDataCamp,104272911,81941643104272900000,"Apr 17, 2012",Muthalagu,Arun,arunmm@gmail.com,,Muthalagu,Arun,,arunmm@gmail.com,1,Attendee,"Apr 21, 2012 at 10:00 AM",,,"Evanston, IL, United States",,,,81941643,Free Order,USD,0,0,0,0,0,Attending,eTicket,"18 E Elm St.,",Apt 804,Chicago,IL,60611,US,,,,,,,No,,,,,,,Manager - Healthcare Research Data,Northwestern University,,,,,,,3124201635,,,
"""Open"" BigDataCamp Chicago - Apr 21, 2012",3329058303,BigDataCamp,104095219,81809825104095200000,"Apr 17, 2012",Klein,Andrew,avk@acm.org,,Klein,Andrew,,avk@acm.org,1,Attendee,"Apr 21, 2012 at 10:00 AM",,,United States,,,,81809825,Free Order,USD,0,0,0,0,0,Attending,eTicket,,,,IL,,US,,,,,,,No,,,,,,,Business Solutions Architect,BMO Harris Bank,,,,,,,,,,
"""Open"" BigDataCamp Chicago - Apr 21, 2012",3329058303,BigDataCamp,104168241,81860943104168300000,"Apr 17, 2012",Leung,Bernie,bernie@mesatech.com,,Leung,Bernie,,bernie@mesatech.com,1,Attendee,"Apr 21, 2012 at 10:00 AM",,,"Chicago, IL, United States",,,,81860943,Free Order,USD,0,0,0,0,0,Attending,eTicket,,,,IL,,US,,,,,,,Yes,,,,,,,President,MESA Technology,,,,,,,,,,
"""Open"" BigDataCamp Chicago - Apr 21, 2012",3329058303,BigDataCamp,104239651,81916163104239600000,"Apr 17, 2012",Nguyen,Binh,binh211@yahoo.com,,Nguyen,Binh,,binh211@yahoo.com,1,Attendee,"Apr 21, 2012 at 10:00 AM",,,"Chicago, IL, United States",,,,81916163,Free Order,USD,0,0,0,0,0,Attending,eTicket,,,,IL,,US,,,,,,,Yes,,,,,,,Research Assistant,Institute for Health Research and Policy,,,,,,,,,,
"""Open"" BigDataCamp Chicago - Apr 21, 2012",3329058303,BigDataCamp,104028311,81755989104028300000,"Apr 16, 2012",Loo,Brian,bloogle@gmail.com,,Loo,Brian,,bloogle@gmail.com,1,Attendee,"Apr 21, 2012 at 10:00 AM",,,"Chicago, IL, United States",,,,81755989,Free Order,USD,0,0,0,0,0,Attending,eTicket,,,,IL,,US,,,,,,,Yes,,,,,,,Financial Engineer,CIG,,,,,,,,,,
"""Open"" BigDataCamp Chicago - Apr 21, 2012",3329058303,BigDataCamp,104650285,82237637104650300000,"Apr 18, 2012",Paul,Bruce,bruce.c.paul@gmail.com,,Paul,Bruce,,bruce.c.paul@gmail.com,1,Attendee,"Apr 21, 2012 at 10:00 AM",,,"Washington, DC, United States",,,,82237637,Free Order,USD,0,0,0,0,0,Attending,eTicket,,639 W. Armitage Ave.,Chicago,IL,60614,US,,,,,,,Yes,,,,,,,n/a,n/a,,,,,,,XXXXXXXXXX,,,
"""Open"" BigDataCamp Chicago - Apr 21, 2012",3329058303,BigDataCamp,104012885,81743517104012900000,"Apr 16, 2012",Le,Bich-Thuy,bttl3@yahoo.com,,Le,Bich-Thuy,,bttl3@yahoo.com,1,Attendee,"Apr 21, 2012 at 10:00 AM",,,"Indianapolis, IN, United States",,,,81743517,Free Order,USD,0,0,0,0,0,Attending,eTicket,,,,IL,,US,,,,,,,Yes,,,,,,,Principal,Le Comsulting,,,,,,,,,,
"""Open"" BigDataCamp Chicago - Apr 21, 2012",3329058303,BigDataCamp,104936887,82461635104936900000,"Apr 19, 2012",O'Donovan,Caroline,c.e.odonovan@gmail.com,,O'Donovan,Caroline,,c.e.odonovan@gmail.com,1,Attendee,"Apr 21, 2012 at 10:00 AM",,,"Chicago, IL, United States",,,,82461635,Free Order,USD,0,0,0,0,0,Attending,eTicket,5555 S. Everett Avenue,6D,Chicago,IL,60637,US,,,,,,"Data journalism, how to break in, what to do if you're not savvy",No,,,,,,,Production assistant,WBEZ,,,,,,,,,,
"""Open"" BigDataCamp Chicago - Apr 21, 2012",3329058303,BigDataCamp,104209313,81892523104209300000,"Apr 17, 2012",Rojas,Carlos,carlscrg@gmail.com,,Rojas,Carlos,,carlscrg@gmail.com,1,Attendee,"Apr 21, 2012 at 10:00 AM",,,"Chicago, IL, United States",,,,81892523,Free Order,USD,0,0,0,0,0,Attending,eTicket,,,,IL,,US,,,,,,,Yes,,,,,,,Principal Consultant,Ariadna Lab,,,,,,,,,,
"""Open"" BigDataCamp Chicago - Apr 21, 2012",3329058303,BigDataCamp,104409543,82049249104409600000,"Apr 18, 2012",Zmuda,Carol,carol.zmuda@orbitz.com,,Zmuda,Carol,,carol.zmuda@orbitz.com,1,Attendee,"Apr 21, 2012 at 10:00 AM",,,"Chicago, IL, United States",,,esli,82049249,Free Order,USD,0,0,0,0,0,Attending,eTicket,3711 W. Eddy,,Chicago,IL,60618,US,,,,,,,Yes,,,,,,,Application DBA,Orbitz Worldwide,,,,,,,,,,
"""Open"" BigDataCamp Chicago - Apr 21, 2012",3329058303,BigDataCamp,103837155,81607055103837200000,"Apr 16, 2012",wang,cathy,cathyp222000@yahoo.com,,wang,cathy,,cathyp222000@yahoo.com,1,Attendee,"Apr 21, 2012 at 10:00 AM",,,"Washington, DC, United States",,,,81607055,Free Order,USD,0,0,0,0,0,Attending,eTicket,,,,IL,,US,,,,,,,,,,,,,,admin,eer,,,,,,,,,,
"""Open"" BigDataCamp Chicago - Apr 21, 2012",3329058303,BigDataCamp,104085799,81802133104085800000,"Apr 17, 2012",Hansen,Charley,charles.e.hansen@gmail.com,,Hansen,Charles,,charles.e.hansen@gmail.com,1,Attendee,"Apr 21, 2012 at 10:00 AM",,,"New York, NY, United States",,,,81802133,Free Order,USD,0,0,0,0,0,Attending,eTicket,,,,IL,,US,,,,,,,No,,,,,,,portfolio associate,MSSB,,,,,,,,,,
"""Open"" BigDataCamp Chicago - Apr 21, 2012",3329058303,BigDataCamp,102456743,80525043102456700000,"Apr 10, 2012",Chatterjee,Subrata,chatterjee_sub@yahoo.com,,Chatterjee,Subrata,,chatterjee_sub@yahoo.com,1,Attendee w/ Donation,"Apr 21, 2012 at 10:00 AM",,,"Richmond, IN, United States",,,,80525043,PayPal Completed,USD,11.24,1.24,1.24,0,0,Attending,eTicket,707 Eagle Brook Lane,,Naperville,IL,60565,US,,,,,,How to use Mahout,Yes,,,,,,,Senior Consultant,IBM,,,,,,,6302812821,,,
"""Open"" BigDataCamp Chicago - Apr 21, 2012",3329058303,BigDataCamp,104473613,82100377104473600000,"Apr 18, 2012",Cheng,Lixin,chenglx@gmail.com,,Cheng,Lixin,,chenglx@gmail.com,1,Attendee,"Apr 21, 2012 at 10:00 AM",,,"Buffalo Grove, IL, United States",,,,82100377,Free Order,USD,0,0,0,0,0,Attending,eTicket,2099 Sheridan Rd.,,BUFFALO GROVE,IL,60089,US,,,,,,,No,,,,,,,Tech Lead,Morningstar Inc.,,,,,,,3126966368,,,
"""Open"" BigDataCamp Chicago - Apr 21, 2012",3329058303,BigDataCamp,104274243,81942689104274300000,"Apr 17, 2012",Krishnan Chockalingam,Chockalingam,chockalingam.kc@gmail.com,,Krishnan Chockalingam,Chockalingam,,chockalingam.kc@gmail.com,1,Attendee,"Apr 21, 2012 at 10:00 AM",,,"Chicago, IL, United States",,,,81942689,Free Order,USD,0,0,0,0,0,Attending,eTicket,1523 W TAYLOR STREET,APT 1,CHICAGO,IL,60607,US,,,,,,,Yes,,,,,,,Business Analyst,"Newedge USA, LLC",,,,,,,, , ,
"""Open"" BigDataCamp Chicago - Apr 21, 2012",3329058303,BigDataCamp,104339777,81993345104339800000,"Apr 17, 2012",Fagalde,Chris,chris.fagalde@chicagobigroup.com,,Fagalde,Chris,,chris.fagalde@chicagobigroup.com,1,Attendee,"Apr 21, 2012 at 10:00 AM",,,"Glen Ellyn, IL, United States",,,,81993345,Free Order,USD,0,0,0,0,0,Attending,eTicket,698 Meadowview Crossing,,West Chicago,IL,60185,US,,,,,,,Yes,,,,,,,Senior Consultant,Chicago Business Intelligence Group,,,,,,,630.901.1000,http://www.chicagobigroup.com/,,
"""Open"" BigDataCamp Chicago - Apr 21, 2012",3329058303,BigDataCamp,104171141,81863033104171200000,"Apr 17, 2012",Welch,Casey,cmwelchfl@gmail.com,,Welch,Casey,,cmwelchfl@gmail.com,1,Attendee,"Apr 21, 2012 at 10:00 AM",,,"Chicago, IL, United States",,,,81863033,Free Order,USD,0,0,0,0,0,Attending,eTicket,,,,IL,,US,,,,,,Data Visualization and UX. Data presentation.,Yes,,,,,,,Web Developer,Freelance,,,,,,,,,,
"""Open"" BigDataCamp Chicago - Apr 21, 2012",3329058303,BigDataCamp,102464445,80531151102464500000,"Apr 10, 2012",Mollet,Cory,cory.mollet@gmail.com,,Mollet,Cory,,cory.mollet@gmail.com,1,Attendee,"Apr 21, 2012 at 10:00 AM",,,"Chicago, IL, United States",,,,80531151,Free Order,USD,0,0,0,0,0,Attending,eTicket,,,,IL,60068,US,,,,,,,,,,,,,,Open Data Evangelist,At-large,,,,,,,,,,
"""Open"" BigDataCamp Chicago - Apr 21, 2012",3329058303,BigDataCamp,102448683,80518647102448700000,"Apr 10, 2012",Landry,Craig,craigtlandry@gmail.com,,Landry,Craig,,craigtlandry@gmail.com,1,Attendee,"Apr 21, 2012 at 10:00 AM",,,"Chicago, IL, United States",,,,80518647,Free Order,USD,0,0,0,0,0,Attending,eTicket,555 W Madison,Apt. 1711,Chicago,IL,60661,US,,,,,,,No,,,,,,,Principal Software Engineer,EB,,,,,,,,,,
"""Open"" BigDataCamp Chicago - Apr 21, 2012",3329058303,BigDataCamp,105314629,82749657105314600000,"Apr 21, 2012",ferguson,dana,danasferguson@gmail.com,,ferguson,dana,,danasferguson@gmail.com,1,Attendee,"Apr 21, 2012 at 10:00 AM",,,"Bloomingdale, IL, United States",,,,82749657,Free Order,USD,0,0,0,0,0,Attending,eTicket,3326 n damen apt g,,chicago,IL,60618,US,,,,,,,Yes,,,,,,,Predictive Modeler,Allstate,,,,,,,,,,
"""Open"" BigDataCamp Chicago - Apr 21, 2012",3329058303,BigDataCamp,103944421,81689469103944400000,"Apr 16, 2012",Zauber,Daniel,daniel@dotplotter.com,,Zauber,Daniel,,daniel@dotplotter.com,1,Attendee,"Apr 21, 2012 at 10:00 AM",,,"Chicago, IL, United States",,,,81689469,Free Order,USD,0,0,0,0,0,Attending,eTicket,,,,IL,,US,,,,,,,No,,,,,,,Data Manager,Obama for America,,,,,,,,,,
"""Open"" BigDataCamp Chicago - Apr 21, 2012",3329058303,BigDataCamp,103260661,81163795103260700000,"Apr 13, 2012",Reinke,David,david.reinke@openbi.com,,Reinke,David,,david.reinke@openbi.com,1,Attendee,"Apr 21, 2012 at 10:00 AM",,,"Elmhurst, IL, United States",,,,81163795,Free Order,USD,0,0,0,0,0,Attending,eTicket,,,,IL,,US,,,,,,,,,,,,,,Partner,OpenBI,,,,,,,630-405-8404,www.openbi.com,,
"""Open"" BigDataCamp Chicago - Apr 21, 2012",3329058303,BigDataCamp,102963065,80927857102963000000,"Apr 12, 2012",Douglas,David,david@crinlogic.com,,Douglas,David,,david@crinlogic.com,1,Attendee,"Apr 21, 2012 at 10:00 AM",,,"Chicago, IL, United States",,,,80927857,Free Order,USD,0,0,0,0,0,Attending,eTicket,70 West Huron Street,,Chicago,IL,60654,US,,,,,,Big Data hardware,Yes,,,,,,,CEO,CrinLogic,,,,,,,,http://crinlogic.com,,
"""Open"" BigDataCamp Chicago - Apr 21, 2012",3329058303,BigDataCamp,103839417,81608855103839400000,"Apr 16, 2012",Martin,David,dem@alcf.anl.gov,,Martin,David,,dem@alcf.anl.gov,1,Attendee,"Apr 21, 2012 at 10:00 AM",,,"Woodridge, IL, United States",,,,81608855,Free Order,USD,0,0,0,0,0,Attending,eTicket,,,,IL,,US,,,,,,,Yes,,,,,,,"Program Manager, Emerging Technologies and Industr",Argonne National Laboratory,,,,,,,,http://www.alcf.anl.gov,,
"""Open"" BigDataCamp Chicago - Apr 21, 2012",3329058303,BigDataCamp,103935631,81682653103935600000,"Apr 16, 2012",Schleicher,Dennis,dennisschleicher99@yahoo.com,,Schleicher,Dennis,,dennisschleicher99@yahoo.com,1,Attendee,"Apr 21, 2012 at 10:00 AM",,,"Hoffman Estates, IL, United States",,,es1,81682653,Free Order,USD,0,0,0,0,0,Attending,eTicket,25 Morris Street,,Park Ridge,IL,60068,US,,,,,,,Yes,,,,,,,"Executive Producer, GameOn",Sears,,,,,,,,,http://tibetantailor.com/,
"""Open"" BigDataCamp Chicago - Apr 21, 2012",3329058303,BigDataCamp,102408213,80487641102408200000,"Apr 10, 2012",Eddelbuettel,Dirk,dirk@eddelbuettel.com,,Eddelbuettel,Dirk,,dirk@eddelbuettel.com,1,Attendee,"Apr 21, 2012 at 10:00 AM",,,"River Forest, IL, United States",,,,80487641,Free Order,USD,0,0,0,0,0,Attending,eTicket,711 Monroe Ave,,River Forest,IL,60305,US,,,,,,,No,,,,,,,Quantitative Analyst,Various,,,,,,,,,http://dirk.eddelbuettel.com/blog/,
"""Open"" BigDataCamp Chicago - Apr 21, 2012",3329058303,BigDataCamp,102253969,80363955102254000000,"Apr 9, 2012",Nielsen,Dave,dnielsen@gmail.com,,Nielsen,Dave,,dnielsen@gmail.com,1,Attendee,"Apr 21, 2012 at 10:00 AM",,,Russia,,,,80363955,Free Order,USD,0,0,0,0,0,Attending,eTicket,1046 Mercy Street,,Mountain View,CA,94041,US,,,,,,open data,Yes,,,,,,,Co-founder,CloudCamp,,,,,,,415-531-6674,http://www.cloudcamp.org,http://twitter.com/davenielsen,
"""Open"" BigDataCamp Chicago - Apr 21, 2012",3329058303,BigDataCamp,102581885,80623371102581900000,"Apr 10, 2012",Portnoy,David,dportnoy@datalytx.com,,Portnoy,David,,dportnoy@datalytx.com,1,Attendee,"Apr 21, 2012 at 10:00 AM",,,"Chicago, IL, United States",,,,80623371,Free Order,USD,0,0,0,0,0,Attending,eTicket,,,,IL,,US,,,,,,,,,,,,,,Principal Consultant,"Datalytx, Inc.",,,,,,,312.970.9740,,,
"""Open"" BigDataCamp Chicago - Apr 21, 2012",3329058303,BigDataCamp,104071665,81790917104071700000,"Apr 17, 2012",Hansen,Jeff,dscheffy@gmail.com,,Je,Hansen,,dscheffy@gmail.com,1,Attendee,"Apr 21, 2012 at 10:00 AM",,,"Chicago, IL, United States",,,,81790917,Free Order,USD,0,0,0,0,0,Attending,eTicket,2109 N Leavitt St,Apt 1,Chicago,IL,60647,US,,,,,,,No,,,,,,,Head Snail,Project Snail Trail,,,,,,,,http://www.projectsnailtrail.org,http://www.projectsnailtrail.org/blog,
"""Open"" BigDataCamp Chicago - Apr 21, 2012",3329058303,BigDataCamp,104120239,81830211104120200000,"Apr 17, 2012",Selvaraj,David,dselvara@hotmail.com,,Selvaraj,David,,dselvara@hotmail.com,1,Attendee,"Apr 21, 2012 at 10:00 AM",,,"Naperville, IL, United States",,,,81830211,Free Order,USD,0,0,0,0,0,Attending,eTicket,,,,IL,,US,,,,,,,Yes,,,,,,,Senior Architect,Indpendent Consultant,,,,,,,,,,
"""Open"" BigDataCamp Chicago - Apr 21, 2012",3329058303,BigDataCamp,104065001,81785391104065000000,"Apr 17, 2012",Meeks,Daniel,dwm1n266@gmail.com,,Meeks,Daniel,,dwm1n266@gmail.com,1,Attendee,"Apr 21, 2012 at 10:00 AM",,,"Chicago, IL, United States",,,efblike,81785391,Free Order,USD,0,0,0,0,0,Attending,eTicket,1n266 West,,Carol Stream,IL,60188,US,,,,,,,,,,,,,,independent,Independent,,,,,,,,,,
"""Open"" BigDataCamp Chicago - Apr 21, 2012",3329058303,BigDataCamp,102439469,80511813102439500000,"Apr 10, 2012",Gfesser,Erik,egfesser@ieee.org,,Gfesser,Erik,,egfesser@ieee.org,1,Attendee,"Apr 21, 2012 at 10:00 AM",,,"Downers Grove, IL, United States",,,,80511813,Free Order,USD,0,0,0,0,0,Attending,eTicket,,,,IL,60148,US,,,,,,,No,,,,,,,Senior Technical Architect,NVISIA LLC,,,,,,,,http://www.nvisia.com,http://www.erikgfesser.com,
"""Open"" BigDataCamp Chicago - Apr 21, 2012",3329058303,BigDataCamp,104234881,81912473104234900000,"Apr 17, 2012",Chao,Eisen,eisen27@hotmail.com,,Chao,Eisen,,eisen27@hotmail.com,1,Attendee w/ Donation,"Apr 21, 2012 at 10:00 AM",,,"Chicago, IL, United States",,,,81912473,Abandoned,USD,2.02,1.02,1.02,0,0,Abandoned,eTicket,3125 S THROOP ST APT 3R,,CHICAGO,IL,606086363,US,,,,,,,Yes,,,,,,,Middleware Specialist,HP,,,,,,,3123433873,,,
"""Open"" BigDataCamp Chicago - Apr 21, 2012",3329058303,BigDataCamp,104237123,81914239104237100000,"Apr 17, 2012",Weng,Yun,elinweng@gmail.com,,Weng,Yun,,elinweng@gmail.com,1,Attendee,"Apr 21, 2012 at 10:00 AM",,,"New York, NY, United States",,,,81914239,Free Order,USD,0,0,0,0,0,Attending,eTicket,,,,IL,,US,,,,,,,Yes,,,,,,,Sr. Manager,Accuen Media,,,,,,,,,,
"""Open"" BigDataCamp Chicago - Apr 21, 2012",3329058303,BigDataCamp,105031999,82536887105032000000,"Apr 20, 2012",Gratz,Eli,ergratz@gmail.com,,Gratz,Eli,,ergratz@gmail.com,1,Attendee,"Apr 21, 2012 at 10:00 AM",,,"Flushing, NY, United States",,,,82536887,Free Order,USD,0,0,0,0,0,Attending,eTicket,,,,IL,,US,,,,,,,Yes,,,,,,,Project Manager,VS Networks,,,,,,,,,http://eligratz.com,
"""Open"" BigDataCamp Chicago - Apr 21, 2012",3329058303,BigDataCamp,104502085,82122595104502100000,"Apr 18, 2012",Potash,Eric,eric.potash@gmail.com,,Potash,Eric,,eric.potash@gmail.com,1,Attendee,"Apr 21, 2012 at 10:00 AM",,,"Chicago, IL, United States",,,,82122595,Free Order,USD,0,0,0,0,0,Attending,eTicket,,,,IL,,US,,,,,,,,,,,,,,Graduate Student,Northwestern University,,,,,,,,,,
"""Open"" BigDataCamp Chicago - Apr 21, 2012",3329058303,BigDataCamp,104640977,82230533104641000000,"Apr 18, 2012",Liu,Xinbo,ericliu.email@gmail.com,,Liu,Xinbo,,ericliu.email@gmail.com,1,Attendee,"Apr 21, 2012 at 10:00 AM",,,"Schaumburg, IL, United States",,,,82230533,Free Order,USD,0,0,0,0,0,Attending,eTicket,,,,IL,,US,,,,,,,,,,,,,,Sr. Business Intelligence Architect,Strata,,,,,,,,,,
"""Open"" BigDataCamp Chicago - Apr 21, 2012",3329058303,BigDataCamp,102435957,80509251102436000000,"Apr 10, 2012",Gaster,Gabriel,eulerian@uchicago.edu,,Gaster,Gabriel,,eulerian@uchicago.edu,1,Attendee,"Apr 21, 2012 at 10:00 AM",,,"Chicago, IL, United States",,,,80509251,Free Order,USD,0,0,0,0,0,Attending,eTicket,6718 N. Newgard Ave.,,Chicago,IL,60626,US,,,,,,,Yes,,,,,,,Analyst,"Stonegate Advisors, LLC",,,,,,,7732342234,,,
"""Open"" BigDataCamp Chicago - Apr 21, 2012",3329058303,BigDataCamp,102525237,80579061102525200000,"Apr 10, 2012",Wang,Ed,eymw.linkedin@gmail.com,,Wang,Ed,,eymw.linkedin@gmail.com,1,Attendee,"Apr 21, 2012 at 10:00 AM",,,"Chicago, IL, United States",,,,80579061,Free Order,USD,0,0,0,0,0,Attending,eTicket,,,,IL,,US,,,,,,,Yes,,,,,,,Developer/Analyst,CWLLC,,,,,,,,,,
"""Open"" BigDataCamp Chicago - Apr 21, 2012",3329058303,BigDataCamp,104441639,82074563104441700000,"Apr 18, 2012",Harfoush,Fady,fharfoush@yahoo.com,,Harfoush,Fady,,fharfoush@yahoo.com,1,Attendee,"Apr 21, 2012 at 10:00 AM",,,"Naperville, IL, United States",,,,82074563,Free Order,USD,0,0,0,0,0,Attending,eTicket,,,,IL,,US,,,,,,,Yes,,,,,,,Chief Information Officer,Social Market Analytics,,,,,,,,http://socialmarketanalytics.com,,
"""Open"" BigDataCamp Chicago - Apr 21, 2012",3329058303,BigDataCamp,102652969,80680627102653000000,"Apr 11, 2012",Scarpelli,Frank,frankscarpelli@gmail.com,,Scarpelli,Frank,,frankscarpelli@gmail.com,1,Attendee,"Apr 21, 2012 at 10:00 AM",,,"Chicago, IL, United States",,,,80680627,Free Order,USD,0,0,0,0,0,Attending,eTicket,903 Park Drive,,Melrose Park,IL,60160,US,,,,,,,Yes,,,,,,,Consultant,Cision,,,,,,,312-873-6511,http://www.cision.com,,
"""Open"" BigDataCamp Chicago - Apr 21, 2012",3329058303,BigDataCamp,105191029,82655251105191000000,"Apr 20, 2012",Wong,Frederick,fred.wong@morningstar.com,,Wong,Frederick,,fred.wong@morningstar.com,1,Attendee,"Apr 21, 2012 at 10:00 AM",,,"Chicago, IL, United States",,,,82655251,Free Order,USD,0,0,0,0,0,Attending,eTicket,,,,IL,,US,,,,,,,Yes,,,,,,,Product Development Manager,Morningstar,,,,,,,,,,
"""Open"" BigDataCamp Chicago - Apr 21, 2012",3329058303,BigDataCamp,102560429,80606873102560400000,"Apr 10, 2012",Gilbert,Gary,gary@NNovationSoftware.com,,Gilbert,Gary,,gary@NNovationSoftware.com,1,Attendee,"Apr 21, 2012 at 10:00 AM",,,"Arlington Heights, IL, United States",,,,80606873,Free Order,USD,0,0,0,0,0,Attending,eTicket,814 E. Hackberry Drive,,Arlington Heights,IL,60004,US,,,,,,,Yes,,,,,,,Solutions Architect,"SQLstream, Inc",,,,,,,847.577.4275,www.sqlstream.com,,
"""Open"" BigDataCamp Chicago - Apr 21, 2012",3329058303,BigDataCamp,102879293,80860693102879300000,"Apr 11, 2012",OConnell,Gerald,gerry.oconnell@gmail.com,,OConnell,Gerald,,gerry.oconnell@gmail.com,1,Attendee,"Apr 21, 2012 at 10:00 AM",,,"Chicago, IL, United States",,,,80860693,Free Order,USD,0,0,0,0,0,Attending,eTicket,605 W Madison St,Apt 4807,Chicago,IL,60661,US,,,,,,,Yes,,,,,,,Senior Associate,PwC,,,,,,,202-527-4005,,,
"""Open"" BigDataCamp Chicago - Apr 21, 2012",3329058303,BigDataCamp,102556209,80603825102556200000,"Apr 10, 2012",Korrub,Geoff,gkorrub@gmail.com,,Korrub,Geoff,,gkorrub@gmail.com,1,Attendee,"Apr 21, 2012 at 10:00 AM",,,"Chicago, IL, United States",,,,80603825,Free Order,USD,0,0,0,0,0,Attending,eTicket,,,,IL,,US,,,,,,,No,,,,,,,"Sr, Systems Engineer",Juniper Networks,,,,,,,847-530-2180,http://www.juniper.net,,
"""Open"" BigDataCamp Chicago - Apr 21, 2012",3329058303,BigDataCamp,104026483,81754529104026500000,"Apr 16, 2012",Leynes,Gene,gleynes@gmail.com,,Leynes,Gene,,gleynes@gmail.com,1,Attendee,"Apr 21, 2012 at 10:00 AM",,,"Chicago, IL, United States",,,,81754529,Free Order,USD,0,0,0,0,0,Attending,eTicket,1430 W  Rascher,Apt 1,Chicago,IL,60640,US,,,,,,"How are people using R with open source big data solutions, and commercial software",Yes,,,,,,,Product Manager,Milliman,,,,,,,,,http://geneorama.com,
"""Open"" BigDataCamp Chicago - Apr 21, 2012",3329058303,BigDataCamp,103364109,81241533103364100000,"Apr 13, 2012",Mabon,Graham,gmabon@splunk.com,,Mabon,Graham,,gmabon@splunk.com,1,Attendee,"Apr 21, 2012 at 10:00 AM",,,"Chicago, IL, United States",,,,81241533,Free Order,USD,0,0,0,0,0,Attending,eTicket,3504 N Fremont St,,Chicago,IL,60657,US,,,,,,,Yes,,,,,,,Director,Splunk,,,,,,,,http://www.splunk.com,,
"""Open"" BigDataCamp Chicago - Apr 21, 2012",3329058303,BigDataCamp,102849449,80836629102849500000,"Apr 11, 2012",ganesan,venkateswaran,gv.rayden@gmail.com,,ganesan,venkateswaran,,gv.rayden@gmail.com,1,Attendee,"Apr 21, 2012 at 10:00 AM",,,"Chicago, IL, United States",,,,80836629,Free Order,USD,0,0,0,0,0,Attending,eTicket,1452 W LEXINGTON ST,APT 1R,CHICAGO,IL,60607,US,,,,,,,Yes,,,,,,,Student,UNIVERSITY OF ILLINOIS AT CHICAGO,,,,,,,3128049546,,,
"""Open"" BigDataCamp Chicago - Apr 21, 2012",3329058303,BigDataCamp,104109911,81821853104109900000,"Apr 17, 2012",Husain,Hamel,hamel.husain@gmail.com,,Husain,Hamel,,hamel.husain@gmail.com,1,Attendee,"Apr 21, 2012 at 10:00 AM",,,"Rural Hall, NC, United States",,,,81821853,Free Order,USD,0,0,0,0,0,Attending,eTicket,1302 W Fillmore,,Chicago,IL,60607,US,,,,,,,Yes,,,,,,,Associate,AlixPartnersw,,,,,,,214-893-3072,,,
"""Open"" BigDataCamp Chicago - Apr 21, 2012",3329058303,BigDataCamp,102450117,80519747102450100000,"Apr 10, 2012",Asghari,Hamed,hasghari@gmail.com,,Asghari,Hamed,,hasghari@gmail.com,1,Attendee,"Apr 21, 2012 at 10:00 AM",,,"Rolling Meadows, IL, United States",,,,80519747,Free Order,USD,0,0,0,0,0,Attending,eTicket,,,,IL,,US,,,,,,,No,,,,,,,Software Engineer,Encyclopaedia Britannica,,,,,,,,,,
"""Open"" BigDataCamp Chicago - Apr 21, 2012",3329058303,BigDataCamp,102670361,80694629102670400000,"Apr 11, 2012",Patel,Hiral,hiral@hiralpatel.com,,Patel,Hiral,,hiral@hiralpatel.com,1,Attendee,"Apr 21, 2012 at 10:00 AM",,,"Berkeley, CA, United States",,,,80694629,Free Order,USD,0,0,0,0,0,Attending,eTicket,,,,IL,,US,,,,,,"Migrating from ""new API"" of 0.20.2 to YARN for MapReduce.
When would you consider Mesos vs YARN?
Scalding vs Scoobi vs Scrunch?
Hadoop Namenode High Availability.
What will be the next major release of Hadoop and when?",No,,,,,,,CTO,GridX,,,,,,,,,,
"""Open"" BigDataCamp Chicago - Apr 21, 2012",3329058303,BigDataCamp,102434173,80507917102434200000,"Apr 10, 2012",Raic,Ap,inspire_data@yahoo.com,,Raic,Ap,,inspire_data@yahoo.com,1,Attendee,"Apr 21, 2012 at 10:00 AM",,,"Villa Park, IL, United States",,,,80507917,Free Order,USD,0,0,0,0,0,Attending,eTicket,,,,IL,,US,,,,,,,,,,,,,,data scientist,0,,,,,,,,,,
"""Open"" BigDataCamp Chicago - Apr 21, 2012",3329058303,BigDataCamp,103834299,81604837103834300000,"Apr 16, 2012",Thakrar,Jayesh,j_thakrar@yahoo.com,,Thakrar,Jayesh,,j_thakrar@yahoo.com,1,Attendee,"Apr 21, 2012 at 10:00 AM",,,"Chicago, IL, United States",,,,81604837,Free Order,USD,0,0,0,0,0,Attending,eTicket,425 Randolph St.,,Chicago,IL,60606,US,,,,,,,Yes,,,,,,,Architect,Independent Consultant,,,,,,,6302766176,,,
"""Open"" BigDataCamp Chicago - Apr 21, 2012",3329058303,BigDataCamp,104116967,81827557104117000000,"Apr 17, 2012",Malik,Jami,jaymalik1@gmail.com,,Malik,Jami,,jaymalik1@gmail.com,1,Attendee,"Apr 21, 2012 at 10:00 AM",,,"Lincolnshire, IL, United States",,,,81827557,Free Order,USD,0,0,0,0,0,Attending,eTicket,Milwaukee and Dundee,,Lincolnshire,IL,60069,US,,,,,,,Yes,,,,,,,Data Design Manager,AonHewitt,,,,,,,,,,
"""Open"" BigDataCamp Chicago - Apr 21, 2012",3329058303,BigDataCamp,104336665,81990881104336700000,"Apr 17, 2012",Blaschak,Jeff,jeff.blaschak@gmail.com,,Blaschak,Jeff,,jeff.blaschak@gmail.com,1,Attendee,"Apr 21, 2012 at 10:00 AM",,,"Rochester, IN, United States",,,,81990881,Free Order,USD,0,0,0,0,0,Attending,eTicket,,,,IL,,US,,,,,,Social network analysis.,Yes,,,,,,,Principal Research Scientist,"Social Market Analytics, LLC",,,,,,,630-457-4190,http://socialmarketanalytics.com,,
"""Open"" BigDataCamp Chicago - Apr 21, 2012",3329058303,BigDataCamp,104037933,81763631104038000000,"Apr 16, 2012",Fung,Jeff,jeff.fung@gmail.com,,Fung,Jeff,,jeff.fung@gmail.com,1,Attendee,"Apr 21, 2012 at 10:00 AM",,,United States,,,,81763631,Free Order,USD,0,0,0,0,0,Attending,eTicket,,,,IL,,US,,,,,,,,,,,,,,Researcher,XR Trading,,,,,,,,,,
"""Open"" BigDataCamp Chicago - Apr 21, 2012",3329058303,BigDataCamp,102380431,80465407102380400000,"Apr 10, 2012",Cattell,Jerry,jerrycattell@gmail.com,,Cattell,Jerry,,jerrycattell@gmail.com,1,Attendee,"Apr 21, 2012 at 10:00 AM",,,"Chicago, IL, United States",,,,80465407,Free Order,USD,0,0,0,0,0,Attending,eTicket,1832 N Lincoln Ave,APT 1F,Chicago,IL,60614,US,,,,,,,Yes,,,,,,,Technologist,Pulse Energy,,,,,,,3123990929,http://www.pulseenergy.com,,
"""Open"" BigDataCamp Chicago - Apr 21, 2012",3329058303,BigDataCamp,102653139,80680753102653200000,"Apr 11, 2012",Faulkenberry,John,jfaulkenberry@netratechnologies.com,,Faulkenberry,John,,jfaulkenberry@netratechnologies.com,1,Attendee,"Apr 21, 2012 at 10:00 AM",,,United States,,,,80680753,Free Order,USD,0,0,0,0,0,Attending,eTicket,4550 N Richmond,,Chicago,IL,60625,US,,,,,,"Combining big data with more traditional, structured analytic environments.",Yes,,,,,,,Principal,Netra Technologies,,,,,,,312-303-4242,http://www.netratechnologies.com,,
"""Open"" BigDataCamp Chicago - Apr 21, 2012",3329058303,BigDataCamp,104832725,82380783104832700000,"Apr 19, 2012",Kalov,Josh,jkalov@gmail.com,,Kalov,Josh,,jkalov@gmail.com,1,Attendee,"Apr 21, 2012 at 10:00 AM",,,"Chicago, IL, United States",,,,82380783,Free Order,USD,0,0,0,0,0,Attending,eTicket,,,,,60657,US,,,,,,,No,,,,,,,GIS Data Analyst,NOKIA,,,,,,,,http://twitter.com/shua123,http://kalov.net,
"""Open"" BigDataCamp Chicago - Apr 21, 2012",3329058303,BigDataCamp,102518757,80573727102518800000,"Apr 10, 2012",Malhotra,Jai,jmalhotra@xtremeinsights.com,,Malhotra,Jai,,jmalhotra@xtremeinsights.com,1,Attendee,"Apr 21, 2012 at 10:00 AM",,,"Lake Zurich, IL, United States",,,,80573727,Free Order,USD,0,0,0,0,0,Attending,eTicket,20431 N Joshua Ct,,Deer Park,IL,60010,US,,,,,,,No,,,,,,,Founder,Xtremeinsights,,,,,,,2243212341,http://www.xtremeinsights.com,,
"""Open"" BigDataCamp Chicago - Apr 21, 2012",3329058303,BigDataCamp,104082373,81799341104082400000,"Apr 17, 2012",Reynaud,Jean-marc,Jmreynaud1@gmail.com,,Reynaud,Jean-marc,,Jmreynaud1@gmail.com,1,Attendee,"Apr 21, 2012 at 10:00 AM",,,"Oak Park, IL, United States",,,,81799341,Free Order,USD,0,0,0,0,0,Attending,eTicket,,,,IL,,US,,,,,,,,,,,,,,Sr architect,Thomson reuters,,,,,,,,,,
"""Open"" BigDataCamp Chicago - Apr 21, 2012",3329058303,BigDataCamp,103726013,81517359103726000000,"Apr 15, 2012",Hanson,Jon,jon.hanson@openbi.com,,Hanson,Jon,,jon.hanson@openbi.com,1,Attendee,"Apr 21, 2012 at 10:00 AM",,,"Waukegan, IL, United States",,,,81517359,Free Order,USD,0,0,0,0,0,Attending,eTicket,1885 N Winnebago Ave,Apt 3W,Chicago,IL,60647,US,,,,,,,Yes,,,,,,,Senior Consultant,OpenBI LLC,,,,,,,3128908374,,,
"""Open"" BigDataCamp Chicago - Apr 21, 2012",3329058303,BigDataCamp,102317119,80413755102317100000,"Apr 10, 2012",Seidman,Jonathan,jonathan.seidman@gmail.com,,Seidman,Jonathan,,jonathan.seidman@gmail.com,1,Attendee,"Apr 21, 2012 at 10:00 AM",,,"Chicago, IL, United States",,,,80413755,Free Order,USD,0,0,0,0,0,Attending,eTicket,4105 North Monticello,,Chicago,IL,60618,US,,,,,,,Yes,,,,,,,Solutions Archictect,Cloudera,,,,,,,,,,
"""Open"" BigDataCamp Chicago - Apr 21, 2012",3329058303,BigDataCamp,102461557,80528893102461500000,"Apr 10, 2012",Baltz,Jonathan,JonathanBaltz@gmail.com,,Baltz,Jonathan,,JonathanBaltz@gmail.com,1,Attendee,"Apr 21, 2012 at 10:00 AM",,,"Elgin, IL, United States",,,,80528893,Free Order,USD,0,0,0,0,0,Attending,eTicket,,,Chicago,IL,60626,US,,,,,,Introduction and Use of the R Language with Big Data,No,,,,,,,Sr. Software Engineer,Career Builder,,,,,,,,http://jonathanbaltz.com,http://jonathanbaltz.com/blog,
"""Open"" BigDataCamp Chicago - Apr 21, 2012",3329058303,BigDataCamp,102570765,80614893102570800000,"Apr 10, 2012",z,joni,jonn_z@yahoo.com,,z,joni,,jonn_z@yahoo.com,1,Attendee,"Apr 21, 2012 at 10:00 AM",,,"Chicago, IL, United States",,,,80614893,Free Order,USD,0,0,0,0,0,Attending,eTicket,,,,IL,,US,,,,,,,,,,,,,,dba,it,,,,,,,,,,
"""Open"" BigDataCamp Chicago - Apr 21, 2012",3329058303,BigDataCamp,105309937,82745885105310000000,"Apr 21, 2012",de Castelnau,Joseph,joseph@decastelnau.com,,de Castelnau,Joseph,,joseph@decastelnau.com,1,Attendee,"Apr 21, 2012 at 10:00 AM",,,"Huntington, IN, United States",,,,82745885,Free Order,USD,0,0,0,0,0,Attending,eTicket,5817 N. Spaulding Ave.,,Chicago,IL,60659,US,,,,,,Analytics Maturity Model,Yes,,,,,,,Senior Vice President,Nielsen Marketing Analytics,,,,,,,847-563-9003,http://www.nielsen.com,,
"""Open"" BigDataCamp Chicago - Apr 21, 2012",3329058303,BigDataCamp,105231435,82685991105231400000,"Apr 20, 2012",Spencer,J-R,jrspncr@yahoo.com,,Spencer,J.R.,,jrspncr@yahoo.com,1,Attendee,"Apr 21, 2012 at 10:00 AM",,,"Bloomingdale, IL, United States",,,zvents,82685991,Free Order,USD,0,0,0,0,0,Attending,eTicket,,,,IL,,US,,,,,,,,,,,,,,Consultant,StoryEvent Media,,,,,,,,,,
"""Open"" BigDataCamp Chicago - Apr 21, 2012",3329058303,BigDataCamp,104040003,81765267104040000000,"Apr 16, 2012",Uesugi,Joseph,juesugi@gmail.com,,Uesugi,Joseph,,juesugi@gmail.com,1,Attendee,"Apr 21, 2012 at 10:00 AM",,,"Chicago, IL, United States",,,,81765267,Free Order,USD,0,0,0,0,0,Attending,eTicket,,,,IL,,US,,,,,,Choice of coding platform for big data. Optimal hardware for handling big data. Cross-platform environment. ,No,,,,,,,Principal,Uesugi Consulting Services,,,,,,,,,,
"""Open"" BigDataCamp Chicago - Apr 21, 2012",3329058303,BigDataCamp,104026059,81754175104026100000,"Apr 16, 2012",Wang,Jian ,jwang114@hawk.iit.edu,,Wang,Jian ,,jwang114@hawk.iit.edu,1,Attendee,"Apr 21, 2012 at 10:00 AM",,,"Chicago, IL, United States",,,,81754175,Free Order,USD,0,0,0,0,0,Attending,eTicket,,,,IL,,US,,,,,,,,,,,,,,Student,Stuart Business School,,,,,,,,,,
"""Open"" BigDataCamp Chicago - Apr 21, 2012",3329058303,BigDataCamp,104237785,81914779104237800000,"Apr 17, 2012",Karim,Faisal,karim.16@osu.edu,,Karim,Faisal,,karim.16@osu.edu,1,Attendee,"Apr 21, 2012 at 10:00 AM",,,"Hoffman Estates, IL, United States",,,,81914779,Free Order,USD,0,0,0,0,0,Attending,eTicket,421 West Barry Avenue,,Chicago,IL,60657,US,,,,,,,No,,,,,,,Automation Engineer,Sears Holdings Corporation,,,,,,,312.368.1342,,,
"""Open"" BigDataCamp Chicago - Apr 21, 2012",3329058303,BigDataCamp,103836579,81606571103836600000,"Apr 16, 2012",Jackson,Karl,karljax@gmail.com,,Jackson,Karl,,karljax@gmail.com,1,Attendee,"Apr 21, 2012 at 10:00 AM",,,"Chicago, IL, United States",,,,81606571,Free Order,USD,0,0,0,0,0,Attending,eTicket,,,,IL,,US,,,,,,,No,,,,,,,"Manager, Software Engineering","comScore, Inc",,,,,,,,,,
"""Open"" BigDataCamp Chicago - Apr 21, 2012",3329058303,BigDataCamp,103843783,81612271103843800000,"Apr 16, 2012",C.,Kate,kcascorbi@gmail.com,,Cascorbi,Kate,,kcascorbi@gmail.com,1,Attendee,"Apr 21, 2012 at 10:00 AM",,,"Chicago, IL, United States",,,,81612271,Free Order,USD,0,0,0,0,0,Attending,eTicket,,,,IL,,US,,,,,,,Yes,,,,,,,Partner,i 2 e,,,,,,,,,,
"""Open"" BigDataCamp Chicago - Apr 21, 2012",3329058303,BigDataCamp,103227821,81138007103227800000,"Apr 13, 2012",Haas,Kevin,kevin.haas@openbi.com,,Haas,Kevin,,kevin.haas@openbi.com,1,Attendee,"Apr 21, 2012 at 10:00 AM",,,United States,,,,81138007,Free Order,USD,0,0,0,0,0,Attending,eTicket,5713 w roscoe st,,Chicago,IL,60634,US,,,,,,Making a Data Warehouse a Big Data Data Warehouse - How Hadoop and NoSQL fit into a traditional Data Warehouse infrastructure,Yes,,,,,,,Partner,OpenBI,,,,,,,7734256010,http://www.openbi.com,,
"""Open"" BigDataCamp Chicago - Apr 21, 2012",3329058303,BigDataCamp,104242271,81918201104242300000,"Apr 17, 2012",Krishnan,Krish,krish.krishnan@chicagobigroup.com,,Krishnan,Krish,,krish.krishnan@chicagobigroup.com,1,Attendee,"Apr 21, 2012 at 10:00 AM",,,"Hoffman Estates, IL, United States",,,,81918201,Free Order,USD,0,0,0,0,0,Attending,eTicket,,,,IL,,US,,,,,,,Yes,,,,,,,"VP, Big Data",Chicago Business Intelligence Group,,,,,,,8473129058,http://www.chicagobusinessintelligencegroup.cpm,,
"""Open"" BigDataCamp Chicago - Apr 21, 2012",3329058303,BigDataCamp,104104667,81817695104104700000,"Apr 17, 2012",Andersen,Kristen,kristenandersen@us.ibm.com,,Andersen,Kristen,,kristenandersen@us.ibm.com,1,Attendee,"Apr 21, 2012 at 10:00 AM",,,"Deerfield, IL, United States",,,,81817695,Free Order,USD,0,0,0,0,0,Attending,eTicket,645A Sheridan Road,,Winnetka,IL,60093,US,,,,,,,Yes,,,,,,,Business Development Executive,IBM,,,,,,,8476369807,http://ibm.com,,
"""Open"" BigDataCamp Chicago - Apr 21, 2012",3329058303,BigDataCamp,102448129,80518207102448100000,"Apr 10, 2012",Kondapalli,Satya,ksnksits@gmail.com,,Kondapalli,Satya,,ksnksits@gmail.com,1,Attendee,"Apr 21, 2012 at 10:00 AM",,,"Chicago, IL, United States",,,,80518207,Free Order,USD,0,0,0,0,0,Attending,eTicket,"1847, snead st ",,bolingbrook,IL,60490,US,,,,,,,Yes,,,,,,,Data architect,IC,,,,,,,312-227-4496,,,
"""Open"" BigDataCamp Chicago - Apr 21, 2012",3329058303,BigDataCamp,102448937,80518841102448900000,"Apr 10, 2012",Saluja,Kulwant,kssaluja@yahoo.com,,Saluja,Kulwant,,kssaluja@yahoo.com,1,Attendee,"Apr 21, 2012 at 10:00 AM",,,"Chicago, IL, United States",,,,80518841,Free Order,USD,0,0,0,0,0,Attending,eTicket,,,,IL,,US,,,,,,,Yes,,,,,,,Sr. Software Engineer,Arc Worldwide,,,,,,,,,,
"""Open"" BigDataCamp Chicago - Apr 21, 2012",3329058303,BigDataCamp,104875043,82413313104875000000,"Apr 19, 2012",Thangappan,Kannan,kthangap@yahoo.com,,Thangappan,Kannan,,kthangap@yahoo.com,1,Attendee,"Apr 21, 2012 at 10:00 AM",,,"Hoffman Estates, IL, United States",,,,82413313,Free Order,USD,0,0,0,0,0,Attending,eTicket,,,,IL,,US,,,,,,,Yes,,,,,,,Systems Engineer,Sears Holdings Corp,,,,,,,,,,
"""Open"" BigDataCamp Chicago - Apr 21, 2012",3329058303,BigDataCamp,105194997,82658207105195000000,"Apr 20, 2012",Slavin,Lev,lev@venturesomeconsulting.com,,Slavin,Lev,,lev@venturesomeconsulting.com,1,Attendee,"Apr 21, 2012 at 10:00 AM",,,"Chicago, IL, United States",,,,82658207,Free Order,USD,0,0,0,0,0,Attending,eTicket,,,,IL,,US,,,,,,,No,,,,,,,Principal,Venturesome Consulting,,,,,,,,,,
"""Open"" BigDataCamp Chicago - Apr 21, 2012",3329058303,BigDataCamp,104107285,81819833104107300000,"Apr 17, 2012",Durette,Luc,lucdurette@gmail.com,,Durette,Luc,,lucdurette@gmail.com,1,Attendee,"Apr 21, 2012 at 10:00 AM",,,"Chicago, IL, United States",,,,81819833,Free Order,USD,0,0,0,0,0,Attending,eTicket,2904 W. Palmer,,Chicago,IL,60647,US,,,,,,,Yes,,,,,,,ERP Developer,DePaul University,,,,,,,,,,
"""Open"" BigDataCamp Chicago - Apr 21, 2012",3329058303,BigDataCamp,104044609,81768761104044600000,"Apr 16, 2012",Uzunov,Lyubomir-Michele,lyubomir@uchicago.edu,,Uzunov,Lyubomir-Michele,,lyubomir@uchicago.edu,1,Attendee,"Apr 21, 2012 at 10:00 AM",,,"Chicago, IL, United States",,,,81768761,Free Order,USD,0,0,0,0,0,Attending,eTicket,441 E Erie St,Apt 2509,Chicago,IL,60611,US,,,,,,,Yes,,,,,,,Research Analyst,Illinois Science and Technology Coalition,,,,,,,,,,
"""Open"" BigDataCamp Chicago - Apr 21, 2012",3329058303,BigDataCamp,104856865,82398979104856900000,"Apr 19, 2012",McDonough,Mac,mac@m2ab.com,,McDonough,Mac,,mac@m2ab.com,1,Attendee,"Apr 21, 2012 at 10:00 AM",,,"Glenview, IL, United States",,,,82398979,Free Order,USD,0,0,0,0,0,Attending,eTicket,,,,IL,,US,,,,,,,No,,,,,,,Senior Architect,TrafficCast,,,,,,,,,,
"""Open"" BigDataCamp Chicago - Apr 21, 2012",3329058303,BigDataCamp,105253319,82701287105253300000,"Apr 20, 2012",Chandra,Manoj,manoj_chandra@hotmail.com,,Chandra,Manoj,,manoj_chandra@hotmail.com,1,Attendee,"Apr 21, 2012 at 10:00 AM",,,"Normal, IL, United States",,,,82701287,Free Order,USD,0,0,0,0,0,Attending,eTicket,949 W College Pkwy,,Chicago,IL,60608,US,,,,,,,Yes,,,,,,,Application  Development Mgr,J P Morgan,,,,,,,,,,
"""Open"" BigDataCamp Chicago - Apr 21, 2012",3329058303,BigDataCamp,104081457,81798583104081500000,"Apr 17, 2012",Murashev,Marina,marina.murashev@openbi.com,,Murashev,Marina,,marina.murashev@openbi.com,1,Attendee,"Apr 21, 2012 at 10:00 AM",,,"Chattanooga, TN, United States",,,,81798583,Free Order,USD,0,0,0,0,0,Attending,eTicket,,,,IL,,US,,,,,,,No,,,,,,,Consultant,OpenBI,,,,,,,,,,
"""Open"" BigDataCamp Chicago - Apr 21, 2012",3329058303,BigDataCamp,105265277,82710497105265300000,"Apr 20, 2012",ilario,massimo,massimo.ilario@gmail.com,,ilario,massimo,,massimo.ilario@gmail.com,1,Attendee,"Apr 21, 2012 at 10:00 AM",,,"Chicago, IL, United States",,,,82710497,Free Order,USD,0,0,0,0,0,Attending,eTicket,2111 W Belmont Ave,Apt 3,Chicago,IL,60618,US,,,,,,,Yes,,,,,,,Lead Software Development Engineer,Storeplacer,,,,,,,,http://www.storeplacer.com/,,
"""Open"" BigDataCamp Chicago - Apr 21, 2012",3329058303,BigDataCamp,104025287,81753609104025300000,"Apr 16, 2012",Baggott,Matthew,matt@baggott.net,,Baggott,Matthew,,matt@baggott.net,1,Attendee w/ Donation,"Apr 21, 2012 at 10:00 AM",,,"Chicago, IL, United States",,,,81753609,PayPal Completed,USD,11.24,1.24,1.24,0,0,Attending,eTicket,,,,IL,,US,,,,,,,Yes,,,,,,,postdoc ,UChicago,,,,,,,,,,
"""Open"" BigDataCamp Chicago - Apr 21, 2012",3329058303,BigDataCamp,103809385,81585149103809400000,"Apr 16, 2012",O'Keefe,Matt,matt@mattokeefe.com,,O'Keefe,Matt,,matt@mattokeefe.com,1,Attendee,"Apr 21, 2012 at 10:00 AM",,,"Chicago, IL, United States",,,,81585149,Free Order,USD,0,0,0,0,0,Attending,eTicket,,,,,60602,US,,,,,,,,,,,,,,Senior Technology Architect,"Morningstar, Inc.",,,,,,,,,,
"""Open"" BigDataCamp Chicago - Apr 21, 2012",3329058303,BigDataCamp,102433173,80507099102433200000,"Apr 10, 2012",Berends,Matthew,matthewberends@gmail.com,,Berends,Matthew,,matthewberends@gmail.com,1,Attendee,"Apr 21, 2012 at 10:00 AM",,,"Mchenry, IL, United States",,,,80507099,Free Order,USD,0,0,0,0,0,Attending,eTicket,4208 N. Leavitt #2,,Chicago,IL,60618,US,,,,,,,Yes,,,,,,,Software Developer,Quattrosource,,,,,,,,,,
"""Open"" BigDataCamp Chicago - Apr 21, 2012",3329058303,BigDataCamp,104895615,82429347104895600000,"Apr 19, 2012",Pao,May,May@m2ab.com,,Pao,May,,May@m2ab.com,1,Attendee,"Apr 21, 2012 at 10:00 AM",,,"Ingleside, IL, United States",,,,82429347,Free Order,USD,0,0,0,0,0,Attending,eTicket,,,,IL,,US,,,,,,,,,,,,,,Principal,M2 consulting,,,,,,,,,,
"""Open"" BigDataCamp Chicago - Apr 21, 2012",3329058303,BigDataCamp,103352375,81232795103352400000,"Apr 13, 2012",Gokhale,Mayuresh,mayureshg@talentica.com,,Gokhale,Mayuresh,,mayureshg@talentica.com,1,Attendee,"Apr 21, 2012 at 10:00 AM",,,"Caranzalem, India",,,esli,81232795,Free Order,USD,0,0,0,0,0,Attending,eTicket,,,,CA,,US,,,,,,,Yes,,,,,,,Senior Manager - Business Development and Sales,Talentica Software (I) Pvt. Ltd.,,,,,,,,http://www.talentica.com,,
"""Open"" BigDataCamp Chicago - Apr 21, 2012",3329058303,BigDataCamp,104253801,81927177104253800000,"Apr 17, 2012",Chou,Marco,mchou@cdm.depaul.edu,,Chou,Marco,,mchou@cdm.depaul.edu,1,Attendee,"Apr 21, 2012 at 10:00 AM",,,"Chicago, IL, United States",,,,81927177,Free Order,USD,0,0,0,0,0,Attending,eTicket,243 S. Wabash Ave.,,Chicago,IL,60604,US,,,,,,,Yes,,,,,,,Associate Director,DePaul University,,,,,,,847-226-2263,http://cdm.depaul.edu,,
"""Open"" BigDataCamp Chicago - Apr 21, 2012",3329058303,BigDataCamp,102504865,80562659102504900000,"Apr 10, 2012",D'Agostino,Michelangelo,mdagost@gmail.com,,D'Agostino,Michelangelo,,mdagost@gmail.com,1,Attendee,"Apr 21, 2012 at 10:00 AM",,,"Chicago, IL, United States",,,,80562659,Free Order,USD,0,0,0,0,0,Attending,eTicket,,,,IL,,US,,,,,,,Yes,,,,,,,Senior Analyst,Obama for America,,,,,,,,,,
"""Open"" BigDataCamp Chicago - Apr 21, 2012",3329058303,BigDataCamp,105259991,82706457105260000000,"Apr 20, 2012",Baraz,Michael,Michael.Baraz@ChicagoBIGroup.com,,Baraz,Michael,,Michael.Baraz@ChicagoBIGroup.com,1,Attendee,"Apr 21, 2012 at 10:00 AM",,,"Westchester, IL, United States",,,,82706457,Free Order,USD,0,0,0,0,0,Attending,eTicket,1817 Hawthorne Ave,,Westchester,IL,60154,US,,,,,,,Yes,,,,,,,Data Architect,Chicago BI Group,,,,,,,630-781-8890,http://ChicagoBIGroup.com,,
"""Open"" BigDataCamp Chicago - Apr 21, 2012",3329058303,BigDataCamp,104423353,82060357104423300000,"Apr 18, 2012",Quach,Michael,Michael.Quach@chicagobigroup.com,,Quach,Michael,,Michael.Quach@chicagobigroup.com,1,Attendee,"Apr 21, 2012 at 10:00 AM",,,"Chicago, IL, United States",,,,82060357,Free Order,USD,0,0,0,0,0,Attending,eTicket,,,,IL,,US,,,,,,,,,,,,,,Senior Consultant,CBIG,,,,,,,,,,
"""Open"" BigDataCamp Chicago - Apr 21, 2012",3329058303,BigDataCamp,102490567,80551417102490600000,"Apr 10, 2012",Posada,Mitchell,mitch@mitchellposada.com,,Posada,Mitchell,,mitch@mitchellposada.com,1,Attendee,"Apr 21, 2012 at 10:00 AM",,,"Chicago, IL, United States",,,,80551417,Free Order,USD,0,0,0,0,0,Attending,eTicket,1049 W. Oakdale Ave. #305,,Chicago,IL,60657,US,,,,,,Behavioral Based Predictive Optimization,,,,,,,,Chief Relevancy Officer,Mitchell Posada,,,,,,,,www.MitchellPosada.com,,
"""Open"" BigDataCamp Chicago - Apr 21, 2012",3329058303,BigDataCamp,104080781,81798055104080800000,"Apr 17, 2012",Bolorforoush,Masood ,mmi@DATAPAINT.COM,,Boloroforush,Masood,,mmi@datapaint.com,1,Attendee w/ Donation,"Apr 21, 2012 at 10:00 AM",,,"Evanston, IL, United States",,,,81798055,Abandoned,USD,6.12,1.12,1.12,0,0,Abandoned,eTicket,1860 Sherman Ave,Apt 4NW,Evanston,IL,60201,US,,,,,,,,,,,,,,Presendent,Man Machine Interface,,,,,,,,http://www.datapaint.com,,
"""Open"" BigDataCamp Chicago - Apr 21, 2012",3329058303,BigDataCamp,104120667,81830543104120600000,"Apr 17, 2012",Bolorforeoush,Masood,MMI@datapaint.com,,Bolorforeoush,Masood,,MMI@datapaint.com,1,Attendee w/ Donation,"Apr 21, 2012 at 10:00 AM",,,"Evanston, IL, United States",,,,81830543,PayPal Completed,USD,6.12,1.12,1.12,0,0,Attending,eTicket,1860 sherman Ave,Apt 4NW,Evanston,IL,60201,US,,,,,,,,,,,,,,owner,Man Machine Interface,,,,,,,,http://www.datapaint.com,,
"""Open"" BigDataCamp Chicago - Apr 21, 2012",3329058303,BigDataCamp,104661235,82246133104661200000,"Apr 18, 2012",Mueller,Mark,mmueller002@ameritech.net,,Mueller,Mark,,mmueller002@ameritech.net,1,Attendee,"Apr 21, 2012 at 10:00 AM",,,"Chicago, IL, United States",,,,82246133,Free Order,USD,0,0,0,0,0,Attending,eTicket,,,,IL,,US,,,,,,,No,,,,,,,Director of Operations,GBR,,,,,,,,,,
"""Open"" BigDataCamp Chicago - Apr 21, 2012",3329058303,BigDataCamp,104696297,82274695104696300000,"Apr 19, 2012",Dasaro,Lou,mr_lou_d@yahoo.com,,Dasaro,Lou,,mr_lou_d@yahoo.com,1,Attendee,"Apr 21, 2012 at 10:00 AM",,,"Oak Park, IL, United States",,,,82274695,Free Order,USD,0,0,0,0,0,Attending,eTicket,744 Park Ave,,River Forest,IL,60305,US,,,,,,,Yes,,,,,,,Partner,PostEfx,,,,,,,312-972-4848,http://www.PostEfx.com,,
"""Open"" BigDataCamp Chicago - Apr 21, 2012",3329058303,BigDataCamp,104176189,81867061104176200000,"Apr 17, 2012",Stout,Nate,na.stout@gmail.com,,Stout,Nate,,na.stout@gmail.com,1,Attendee,"Apr 21, 2012 at 10:00 AM",,,"Indianapolis, IN, United States",,,,81867061,Free Order,USD,0,0,0,0,0,Attending,eTicket,,,,IL,,US,,,,,,,Yes,,,,,,,Student,Taylor University,,,,,,,,,,
"""Open"" BigDataCamp Chicago - Apr 21, 2012",3329058303,BigDataCamp,103777427,81559559103777400000,"Apr 16, 2012",kulasekar,narayanan,narayanank@slalom.com,,kulasekar,narayanan,,narayanank@slalom.com,1,Attendee,"Apr 21, 2012 at 10:00 AM",,,"Naperville, IL, United States",,,,81559559,Free Order,USD,0,0,0,0,0,Attending,eTicket,,,,IL,,US,,,,,,"BigData Security
Is a huge (10 TB+) structured database good candidate for Hadoop?",Yes,,,,,,,Solution Architect,Slalom Consulting,,,,,,,,http://www.slalom.com,http://blog.slalom.com/,
"""Open"" BigDataCamp Chicago - Apr 21, 2012",3329058303,BigDataCamp,103832035,81603039103832000000,"Apr 16, 2012",Noor,Nauman,naumannoor@gmail.com,,Noor,Nauman,,naumannoor@gmail.com,1,Attendee,"Apr 21, 2012 at 10:00 AM",,,"New York, NY, United States",,,,81603039,Free Order,USD,0,0,0,0,0,Attending,eTicket,440 N Wabash Ave,#3810,Chicago,IL,60611,US,,,,,,,No,,,,,,,Director,PwC,,,,,,,,,http://day0.tumblr.com,
"""Open"" BigDataCamp Chicago - Apr 21, 2012",3329058303,BigDataCamp,104154809,81851227104154800000,"Apr 17, 2012",Narayanaswamy,Deena,ndeena@gmail.com,,Narayanaswamy,Deena,,ndeena@gmail.com,1,Attendee,"Apr 21, 2012 at 10:00 AM",,,"Saint Paul, MN, United States",,,,81851227,Free Order,USD,0,0,0,0,0,Attending,eTicket,,,Oak Park,IL,60302,US,,,,,,Social Data,No,,,,,,,Pre-Sales Sr. Consultant,FICO ,,,,,,,,www.fico.com,,
"""Open"" BigDataCamp Chicago - Apr 21, 2012",3329058303,BigDataCamp,104221471,81902035104221500000,"Apr 17, 2012",Sarkar,Neil,neil41@gmail.com,,Sarkar,Neil,,neil41@gmail.com,1,Attendee,"Apr 21, 2012 at 10:00 AM",,,"Chicago, IL, United States",,,,81902035,Free Order,USD,0,0,0,0,0,Attending,eTicket,,,,IL,,US,,,,,,,No,,,,,,,Senior Consultant,Navigant,,,,,,,,,,
"""Open"" BigDataCamp Chicago - Apr 21, 2012",3329058303,BigDataCamp,102464195,80530933102464200000,"Apr 10, 2012",Hanson,Norm,nhanson@dotomi.com,,Hanson,Norm,,nhanson@dotomi.com,1,Attendee,"Apr 21, 2012 at 10:00 AM",,,"Chicago, IL, United States",,,,80530933,Free Order,USD,0,0,0,0,0,Attending,eTicket,2200 Greenwood Ave,,Wilmette,IL,60091,US,,,,,,HBase...replacing traditional OLTP stores and how operationalize.,No,,,,,,,Team Lead,Dotomi,,,,,,,,http://dotomi.com,,
"""Open"" BigDataCamp Chicago - Apr 21, 2012",3329058303,BigDataCamp,105317941,82752367105318000000,"Apr 21, 2012",Kumar,Nishant,nishant0ds@gmail.com,,Kumar,Nishant,,nishant0ds@gmail.com,1,Attendee,"Apr 21, 2012 at 10:00 AM",,,United States,,,,82752367,Free Order,USD,0,0,0,0,0,Attending,eTicket,,,,IL,,US,,,,,,,,,,,,,,Consultant,Nielsen Marketing Analytics,,,,,,,,,,
"""Open"" BigDataCamp Chicago - Apr 21, 2012",3329058303,BigDataCamp,103251775,81156863103251800000,"Apr 13, 2012",Nandula,Murali,nmukri@gmail.com,,Nandula,Murali,,nmukri@gmail.com,1,Attendee,"Apr 21, 2012 at 10:00 AM",,,"Hoffman Estates, IL, United States",,,esli,81156863,Free Order,USD,0,0,0,0,0,Attending,eTicket,,,,IL,,US,,,,,,HBase,Yes,,,,,,,Technical Specialist,Sears Holdings Corporation,,,,,,,,,,
"""Open"" BigDataCamp Chicago - Apr 21, 2012",3329058303,BigDataCamp,102493265,80553495102493300000,"Apr 10, 2012",Beeson,Jim,noseebmij@yahoo.com,,Beeson,Jim,,noseebmij@yahoo.com,1,Attendee,"Apr 21, 2012 at 10:00 AM",,,"Chicago, IL, United States",,,,80553495,Free Order,USD,0,0,0,0,0,Attending,eTicket,,,,IL,,US,,,,,,,Yes,,,,,,,Sr. Data Architect,Navteq,,,,,,,,,,
"""Open"" BigDataCamp Chicago - Apr 21, 2012",3329058303,BigDataCamp,102617995,80652293102618000000,"Apr 11, 2012",Kadji,Ouethy,okadji@gmail.com,,Kadji,Ouethy,,okadji@gmail.com,1,Attendee,"Apr 21, 2012 at 10:00 AM",,,"Chicago, IL, United States",,,,80652293,Free Order,USD,0,0,0,0,0,Attending,eTicket,,,,IL,,US,,,,,,,No,,,,,,,Student,Uchicago,,,,,,,,,,
"""Open"" BigDataCamp Chicago - Apr 21, 2012",3329058303,BigDataCamp,104206849,81890591104206900000,"Apr 17, 2012",Rojas,Omar,omar.rojas@bt.com,,Rojas,Omar,,omar.rojas@bt.com,1,Attendee,"Apr 21, 2012 at 10:00 AM",,,"Chicago, IL, United States",,,,81890591,Free Order,USD,0,0,0,0,0,Attending,eTicket,2322 N Commonwealth Ave Apt 303,,Chicago,IL,60614-3408,US,,,,,,,Yes,,,,,,,Network Planning ¥ Design,BT,,,,,,,,,,
"""Open"" BigDataCamp Chicago - Apr 21, 2012",3329058303,BigDataCamp,104627609,82220171104627600000,"Apr 18, 2012",Anderson,Pallavi,pallavi.kaushik@gmail.com,,Anderson,Pallavi,,pallavi.kaushik@gmail.com,1,Attendee,"Apr 21, 2012 at 10:00 AM",,,"Chicago, IL, United States",,,,82220171,Free Order,USD,0,0,0,0,0,Attending,eTicket,,,,IL,60661,US,,,,,,,Yes,,,,,,,Principal Software Engineer,Motorola Solutions,,,,,,,2247157889,http://about.me/pkaushik,,
"""Open"" BigDataCamp Chicago - Apr 21, 2012",3329058303,BigDataCamp,104921547,82449359104921500000,"Apr 19, 2012",French,Patrick,patrickanium@gmail.com,,French,Patrick,,patrickanium@gmail.com,1,Attendee,"Apr 21, 2012 at 10:00 AM",,,"Bloomington, IN, United States",,,,82449359,Free Order,USD,0,0,0,0,0,Attending,eTicket,,,,IL,,US,,,,,,,,,,,,,,programmer,Open Software Integrators,,,,,,,,,,
"""Open"" BigDataCamp Chicago - Apr 21, 2012",3329058303,BigDataCamp,102464411,80531119102464400000,"Apr 10, 2012",Rossman,Paul,paul@factory9.com,,Rossman,Paul,,paul@factory9.com,1,Attendee,"Apr 21, 2012 at 10:00 AM",,,"Chicago, IL, United States",,,,80531119,Free Order,USD,0,0,0,0,0,Attending,eTicket,,,,IL,,US,,,,,,,No,,,,,,,Tech Awesome Dude,Threadless,,,,,,,,http://threadless.com,,
"""Open"" BigDataCamp Chicago - Apr 21, 2012",3329058303,BigDataCamp,103846241,81614223103846200000,"Apr 16, 2012",Morano,Pete,peter@petermorano.com,,Morano,Pete,,peter@petermorano.com,1,Attendee,"Apr 21, 2012 at 10:00 AM",,,United States,,,estw,81614223,Free Order,USD,0,0,0,0,0,Attending,eTicket,,,,IL,,US,,,,,,,,,,,,,,Director of Technology,TrainSignal,,,,,,,,,,
"""Open"" BigDataCamp Chicago - Apr 21, 2012",3329058303,BigDataCamp,103118339,81050191103118400000,"Apr 12, 2012",Felix,Pablo,pfelix@searshc.com,,Felix,Pablo,,pfelix@searshc.com,1,Attendee,"Apr 21, 2012 at 10:00 AM",,,"Hoffman Estates, IL, United States",,,,81050191,Free Order,USD,0,0,0,0,0,Attending,eTicket,,,,IL,,US,,,,,,,Yes,,,,,,,Lead System Engineer,Sears Holding,,,,,,,,,,
"""Open"" BigDataCamp Chicago - Apr 21, 2012",3329058303,BigDataCamp,103899987,81655533103900000000,"Apr 16, 2012",WANG,PENG,Phoenix.wang@morningstar.com,,WANG,PENG,,Phoenix.wang@morningstar.com,1,Attendee,"Apr 21, 2012 at 10:00 AM",,,"Chicago, IL, United States",,,,81655533,Free Order,USD,0,0,0,0,0,Attending,eTicket,2626 N LAKEVIEW AVE,UNIT 1510,CHICAGO,IL,60614,US,,,,,,,Yes,,,,,,,Developer,Morningstar,,,,,,,312-244 7240,,,
"""Open"" BigDataCamp Chicago - Apr 21, 2012",3329058303,BigDataCamp,105065923,82563499105065900000,"Apr 20, 2012",McClure,Pete,pmcclure@maprtech.com,,McClure,Pete,,pmcclure@maprtech.com,1,Attendee,"Apr 21, 2012 at 10:00 AM",,,"Saint John, IN, United States",,,,82563499,Free Order,USD,0,0,0,0,0,Attending,eTicket,2530 Bennington Ave.,,Schererville,IN,46375,US,,,,,,,No,,,,,,,Director-Midwest,MapR Technologies,,,,,,,,http://www.mapr.com,,
"""Open"" BigDataCamp Chicago - Apr 21, 2012",3329058303,BigDataCamp,103861213,81626019103861200000,"Apr 16, 2012",Lovekar,Preeti,preeti.lovekar@gmail.com,,Lovekar,Preeti,,preeti.lovekar@gmail.com,1,Attendee,"Apr 21, 2012 at 10:00 AM",,,"Chicago, IL, United States",,,,81626019,Free Order,USD,0,0,0,0,0,Attending,eTicket,,,,IL,,US,,,,,,,,,,,,,,Tech Lead,Roundarch,,,,,,,,,,
"""Open"" BigDataCamp Chicago - Apr 21, 2012",3329058303,BigDataCamp,104475111,82101543104475100000,"Apr 18, 2012",Sidhanti,Raghav,raghavendra.sidhanti@morningstar.com,,Sidhanti,Raghav,,raghavendra.sidhanti@morningstar.com,1,Attendee,"Apr 21, 2012 at 10:00 AM",,,"Chicago, IL, United States",,,,82101543,Free Order,USD,0,0,0,0,0,Attending,eTicket,,,Chicago,IL,,US,,,,,,,Yes,,,,,,,Engineer,Morningstar,,,,,,,3123482723,,,
"""Open"" BigDataCamp Chicago - Apr 21, 2012",3329058303,BigDataCamp,102972821,80935669102972800000,"Apr 12, 2012",Critchett,Rick,rcritchett@dotomi.com,,Critchett,Rick,,rcritchett@dotomi.com,1,Attendee,"Apr 21, 2012 at 10:00 AM",,,"Chicago, IL, United States",,,,80935669,Free Order,USD,0,0,0,0,0,Attending,eTicket,,,,IL,,US,,,,,,,,,,,,,,Sr Software Engineer,Dotomi,,,,,,,,,,
"""Open"" BigDataCamp Chicago - Apr 21, 2012",3329058303,BigDataCamp,104237575,81914601104237600000,"Apr 17, 2012",Dux,Rob,rdux@crs.com,,Dux,Rob,,rdux@crs.com,1,Attendee w/ Donation,"Apr 21, 2012 at 10:00 AM",,,"Chicago, IL, United States",,,,81914601,PayPal Completed,USD,26.62,1.62,1.62,0,0,Attending,eTicket,430 N Michigan Ave,,Chicago,IL,60611,US,,,,,,,Yes,,,,,,,Information Technology Manager,Council of Residential Specialists,,,,,,,3123214438,,,
"""Open"" BigDataCamp Chicago - Apr 21, 2012",3329058303,BigDataCamp,104924225,82451485104924200000,"Apr 19, 2012",Albecker,Reid,reidsub@att.net,,Albecker,Reid,,reidsub@att.net,1,Attendee,"Apr 21, 2012 at 10:00 AM",,,"Chicago, IL, United States",,,,82451485,Free Order,USD,0,0,0,0,0,Attending,eTicket,,,Chicago,IL,,US,,,,,,,No,,,,,,,Architect ,New Paradigm Technologies,,,,,,,,,,
"""Open"" BigDataCamp Chicago - Apr 21, 2012",3329058303,BigDataCamp,104243019,81918805104243000000,"Apr 17, 2012",Landry,Rick,rick.landry@gmail.com,,Landry,Rick,,rick.landry@gmail.com,1,Attendee,"Apr 21, 2012 at 10:00 AM",,,"Dublin, CA, United States",,,es1,81918805,Free Order,USD,0,0,0,0,0,Attending,eTicket,6458 W 108th St,,Worth,IL,60482,US,,,,,,,Yes,,,,,,,consultant,www.lantec1.us,,,,,,,7086017771,,,
"""Open"" BigDataCamp Chicago - Apr 21, 2012",3329058303,BigDataCamp,102456387,80524763102456400000,"Apr 10, 2012",Katofiasc,Rob,rkatofiasc@cars.com,,Katofiasc,Rob,,rkatofiasc@cars.com,1,Attendee,"Apr 21, 2012 at 10:00 AM",,,"Chicago, IL, United States",,,,80524763,Free Order,USD,0,0,0,0,0,Attending,eTicket,175 W Jackson Suite 800,,Chicago,IL,60604,US,,,,,,,Yes,,,,,,,Director,Cars.com,,,,,,,312-601-5774,http://www.cars.com,,
"""Open"" BigDataCamp Chicago - Apr 21, 2012",3329058303,BigDataCamp,102847607,80835179102847600000,"Apr 11, 2012",Lancaster,Rob,rlancaster@orbitz.com,,Lancaster,Rob,,rlancaster@orbitz.com,1,Attendee,"Apr 21, 2012 at 10:00 AM",,,"Chicago, IL, United States",,,eorg,80835179,Free Order,USD,0,0,0,0,0,Attending,eTicket,1737 N Paulina St #202,,Chicago,IL,60622,US,,,,,,,Yes,,,,,,,Solution Architect,Orbitz,,,,,,,312-894-5059,,,
"""Open"" BigDataCamp Chicago - Apr 21, 2012",3329058303,BigDataCamp,104114731,81825713104114700000,"Apr 17, 2012",Hadfield,Rob,robhadfield@hotmail.com,,Hadfield,Rob,,robhadfield@hotmail.com,1,Attendee,"Apr 21, 2012 at 10:00 AM",,,"Chicago, IL, United States",,,,81825713,Free Order,USD,0,0,0,0,0,Attending,eTicket,3660 N Lakeshore Drive,#404,Chicago,IL,60613,US,,,,,,,,,,,,,,N/A,N/A,,,,,,,,,,
"""Open"" BigDataCamp Chicago - Apr 21, 2012",3329058303,BigDataCamp,104601961,82199967104602000000,"Apr 18, 2012",Veeramachaneni,Ravi,rveeramachaneni@informatica.com,,Veeramachaneni,Ravi,,rveeramachaneni@informatica.com,1,Attendee,"Apr 21, 2012 at 10:00 AM",,,"Deerfield, IL, United States",,,,82199967,Free Order,USD,0,0,0,0,0,Attending,eTicket,,,,IL,,US,,,,,,,No,,,,,,,Big Data Product Specialist,Informatica,,,,,,,312-496-8107,http://www.informatica.com/bigdata,,
"""Open"" BigDataCamp Chicago - Apr 21, 2012",3329058303,BigDataCamp,103695427,81494523103695400000,"Apr 15, 2012",Geno,Ryan,ryan.geno@cloudera.com,,Geno,Ryan,,ryan.geno@cloudera.com,1,Attendee,"Apr 21, 2012 at 10:00 AM",,,"Chicago, IL, United States",,,,81494523,Free Order,USD,0,0,0,0,0,Attending,eTicket,1000 North Kingsbury Street Unit 108,,Chicago,IL,60610,US,,,,,,,Yes,,,,,,,System Engineer,Cloudera,,,,,,,,,,
"""Open"" BigDataCamp Chicago - Apr 21, 2012",3329058303,BigDataCamp,104585319,82186987104585300000,"Apr 18, 2012",Geno,Ryan,Ryan.Geno@cloudera.com,,Geno,Ryan,,Ryan.Geno@cloudera.com,1,Attendee,"Apr 21, 2012 at 10:00 AM",,,"Hoffman Estates, IL, United States",,,,82186987,Free Order,USD,0,0,0,0,0,Attending,eTicket,,,,IL,,US,,,,,,,Yes,,,,,,,Engineer,CloudEra,,,,,,,,,,
"""Open"" BigDataCamp Chicago - Apr 21, 2012",3329058303,BigDataCamp,104082135,81799155104082100000,"Apr 17, 2012",Patel,Sagar,sagar.patel@morningstar.com,,Patel,Sagar,,sagar.patel@morningstar.com,1,Attendee,"Apr 21, 2012 at 10:00 AM",,,"Chicago, IL, United States",,,,81799155,Free Order,USD,0,0,0,0,0,Attending,eTicket,,,,IL,,US,,,,,,,No,,,,,,,Database Leader,"Morningstar, Inc.",,,,,,,,,,
"""Open"" BigDataCamp Chicago - Apr 21, 2012",3329058303,BigDataCamp,102431481,80505759102431500000,"Apr 10, 2012",Sharma,Saurabh,saurabh@lightbank.com,,Sharma,Saurabh,,saurabh.sharma@gmail.com,1,Attendee,"Apr 21, 2012 at 10:00 AM",,,"Chicago, IL, United States",,,,80505759,Free Order,USD,0,0,0,0,0,Attending,eTicket,600 W Chicago Ave,Suite 700,Chicago,IL,60654,US,,,,,,,Yes,,,,,,,Associate,Lightbank,,,,,,,3125044937,,,
"""Open"" BigDataCamp Chicago - Apr 21, 2012",3329058303,BigDataCamp,104508237,82127421104508200000,"Apr 18, 2012",Kumbhat,Seema,seemabmw@yahoo.com,,Kumbhat,Seema,,seemabmw@yahoo.com,1,Attendee,"Apr 21, 2012 at 10:00 AM",,,"Chicago, IL, United States",,,,82127421,Free Order,USD,0,0,0,0,0,Attending,eTicket,,,,IL,,US,,,,,,,,,,,,,,Medical Director,Hospira,,,,,,,,,,
"""Open"" BigDataCamp Chicago - Apr 21, 2012",3329058303,BigDataCamp,102389581,80472869102389600000,"Apr 10, 2012",Shariff,Shafiq,shafiq@groupon.com,,Shariff,Shafiq,,shafiq@groupon.com,1,Attendee,"Apr 21, 2012 at 10:00 AM",,,"Aurora, IL, United States",,,,80472869,Free Order,USD,0,0,0,0,0,Attending,eTicket,,,,IL,,US,,,,,,,,,,,,,,Sr. Product Manager,Groupon,,,,,,,,,,
"""Open"" BigDataCamp Chicago - Apr 21, 2012",3329058303,BigDataCamp,104317809,81976209104317800000,"Apr 17, 2012",Kumbhat,Shalesh,shalesh@vividit.com,,Kumbhat,Shalesh,,shalesh@vividit.com,1,Attendee,"Apr 21, 2012 at 10:00 AM",,,"Chicago, IL, United States",,,,81976209,Free Order,USD,0,0,0,0,0,Attending,eTicket,,,,IL,,US,,,,,,,No,,,,,,,Recruitment Director,"Vivid Technologies, Inc.",,,,,,,312-955-0307,www.vividit.com,,
"""Open"" BigDataCamp Chicago - Apr 21, 2012",3329058303,BigDataCamp,104117545,81828063104117500000,"Apr 17, 2012",Nagaraja,Sharat,sharatnreddy@gmail.com,,Nagaraja,Sharat,,sharatnreddy@gmail.com,1,Attendee,"Apr 21, 2012 at 10:00 AM",,,"Chicago, IL, United States",,,,81828063,Free Order,USD,0,0,0,0,0,Attending,eTicket,625 West Madison,Apt 3606,Chicago,IL,60661,US,,,,,,,Yes,,,,,,,Datamart Developer,comScore,,,,,,,2177216159,http://www.comscore.com,,
"""Open"" BigDataCamp Chicago - Apr 21, 2012",3329058303,BigDataCamp,103025197,80978173103025200000,"Apr 12, 2012",Sharma,Akash,sharma101@hotmail.com,,Sharm,Akash,,sharma101@hotmail.com,1,Attendee,"Apr 21, 2012 at 10:00 AM",,,"Hoffman Estates, IL, United States",,,,80978173,Free Order,USD,0,0,0,0,0,Attending,eTicket,,,,IL,,US,,,,,,,Yes,,,,,,,Technical Specialiset,Sears,,,,,,,,,,
"""Open"" BigDataCamp Chicago - Apr 21, 2012",3329058303,BigDataCamp,104198215,81884099104198200000,"Apr 17, 2012",Harwick,Shannon,sharwick@gmail.com,,Harwick,Shannon,,sharwick@hotmail.com,1,Attendee,"Apr 21, 2012 at 10:00 AM",,,"Chicago, IL, United States",,,,81884099,Free Order,USD,0,0,0,0,0,Attending,eTicket,1226 W. Winona St. #3S,,Chicago,IL,60640,US,,,,,,,No,,,,,,,Student,UIC,,,,,,,,,,
"""Open"" BigDataCamp Chicago - Apr 21, 2012",3329058303,BigDataCamp,104181473,81871067104181500000,"Apr 17, 2012",Kadari,Shyam,shyam.kadari@gmail.com,,Kadari,Shyam kadari,,shyam.kadari@gmail.com,1,Attendee w/ Donation,"Apr 21, 2012 at 10:00 AM",,,"Hinsdale, IL, United States",,,,81871067,PayPal Completed,USD,11.24,1.24,1.24,0,0,Attending,eTicket,,,Westmont,IL,,US,,,,,,,Yes,,,,,,,Consultant,Minerva,,,,,,,,,,
"""Open"" BigDataCamp Chicago - Apr 21, 2012",3329058303,BigDataCamp,104274185,81942631104274200000,"Apr 17, 2012",Maguluri,Siva Theja,siva.theja@gmail.com,,Maguluri,Siva Theja,,siva.theja@gmail.com,1,Attendee,"Apr 21, 2012 at 10:00 AM",,,"Urbana, IL, United States",,,,81942631,Free Order,USD,0,0,0,0,0,Attending,eTicket,,,,IL,,US,,,,,,,Yes,,,,,,,Graduate Research ASsistant,University of Illinois Urbana Champaign,,,,,,,,,,
"""Open"" BigDataCamp Chicago - Apr 21, 2012",3329058303,BigDataCamp,102561691,80607743102561700000,"Apr 10, 2012",Mcevilly,Scott,Smcevilly@gmail.com,,Mcevilly,Scott,,Smcevilly@gmail.com,1,Attendee,"Apr 21, 2012 at 10:00 AM",,,"Chicago, IL, United States",,,,80607743,Free Order,USD,0,0,0,0,0,Attending,eTicket,825 w Cornelia,Apt 3n,Chicago,IL,60657,US,,,,,,"Gephi, hadoop w/pentaho, making big data analysis and additional segmentation more accessible to non hive/pig/SQL users through tableau post data scientist analysis",Yes,,,,,,,Analyst,AMA,,,,,,,,,,
"""Open"" BigDataCamp Chicago - Apr 21, 2012",3329058303,BigDataCamp,104160791,81855271104160800000,"Apr 17, 2012",Fullman,Scott,smfullman@gmail.com,,Fullman,Scott,,smfullman@gmail.com,1,Attendee,"Apr 21, 2012 at 10:00 AM",,,"Chicago, IL, United States",,,,81855271,Free Order,USD,0,0,0,0,0,Attending,eTicket,,,,IL,,US,,,,,,,No,,,,,,,Advisory,PwC,,,,,,,,,,
"""Open"" BigDataCamp Chicago - Apr 21, 2012",3329058303,BigDataCamp,102837123,80826929102837100000,"Apr 11, 2012",nallan arunachalam,surresh balaji,snalla4@uic.edu,,nallan arunachalam,surresh balaji,,snalla4@uic.edu,1,Attendee,"Apr 21, 2012 at 10:00 AM",,,"Lombard, IL, United States",,,,80826929,Free Order,USD,0,0,0,0,0,Attending,eTicket,926 south oakley blvd,fl1,chicago,IL,60612,US,,,,,,,Yes,,,,,,,student consultant staff,blue cross blue shield association,,,,,,,3126370657,,,
"""Open"" BigDataCamp Chicago - Apr 21, 2012",3329058303,BigDataCamp,102479017,80542507102479000000,"Apr 10, 2012",Shaik,Siraj,srjanalytics@gmail.com,,Shaik,Siraj,,srjanalytics@gmail.com,1,Attendee,"Apr 21, 2012 at 10:00 AM",,,"Elk Grove Village, IL, United States",,,,80542507,Free Order,USD,0,0,0,0,0,Attending,eTicket,,,,IL,,US,,,,,,,,,,,,,,Analyst,Cogent Data Solutions,,,,,,,,,,
"""Open"" BigDataCamp Chicago - Apr 21, 2012",3329058303,BigDataCamp,105304775,82741835105304800000,"Apr 21, 2012",fullman,sue,sue.fullman@gmail.com,,fullman,sue,,sue.fullman@gmail.com,1,Attendee,"Apr 21, 2012 at 10:00 AM",,,"Park Ridge, IL, United States",,,,82741835,Free Order,USD,0,0,0,0,0,Attending,eTicket,200 west sibley street,,park ridge,IL,60068,US,,,,,,,Yes,,,,,,,co-founder,dishable,,,,,,,8472195210,http://dishable.com,http://dishable.wordpress.com/,
"""Open"" BigDataCamp Chicago - Apr 21, 2012",3329058303,BigDataCamp,104026509,81754555104026500000,"Apr 16, 2012",XUE,SISI,sxue1@hawk.iit.edu,,XUE,SISI,,sxue1@hawk.iit.edus,1,Attendee,"Apr 21, 2012 at 10:00 AM",,,"Chicago, IL, United States",,,,81754555,Free Order,USD,0,0,0,0,0,Attending,eTicket,,,,IL,,US,,,,,,,Yes,,,,,,,Graduate Student,IIT,,,,,,,,,,
"""Open"" BigDataCamp Chicago - Apr 21, 2012",3329058303,BigDataCamp,102440287,80512487102440300000,"Apr 10, 2012",Knight,Tim,t_knight@comcast.net,,Knight,Tim,,t_knight@comcast.net,1,Attendee,"Apr 21, 2012 at 10:00 AM",,,"Denver, CO, United States",,,,80512487,Free Order,USD,0,0,0,0,0,Attending,eTicket,,,,IL,,US,,,,,,,No,,,,,,,"Principal, BI",redbox,,,,,,,,,,
"""Open"" BigDataCamp Chicago - Apr 21, 2012",3329058303,BigDataCamp,103955741,81698265103955700000,"Apr 16, 2012",Dunning,Ted,ted.dunning@gmail.com,,Dunning,Ted,,ted.dunning@gmail.com,1,Attendee w/ Donation,"Apr 21, 2012 at 10:00 AM",,,"Oakland, CA, United States",,,,81698265,PayPal Completed,USD,2.02,1.02,1.02,0,0,Attending,eTicket,1070 Rosemont,,Los Altos,CA,94024,US,,,,,,"1) Real-time processing with Storm and Hadoop

2) Real-time learning

3) Really big data and how to manage it.",No,,,,,,,Chief Application Architect,MapR Technologies,,,,,,,858-414-0013,http://mapr.com,,
"""Open"" BigDataCamp Chicago - Apr 21, 2012",3329058303,BigDataCamp,104493951,82116235104494000000,"Apr 18, 2012",O'Malley,Ted,ted@cloudera.com,,O'Malley,Ted,,ted@cloudera.com,1,Attendee,"Apr 21, 2012 at 10:00 AM",,,"Palo Alto, CA, United States",,,,82116235,Free Order,USD,0,0,0,0,0,Attending,eTicket,,,,IL,,US,,,,,,,Yes,,,,,,,Account Executive,Cloudera,,,,,,,773-870-2298,,,
"""Open"" BigDataCamp Chicago - Apr 21, 2012",3329058303,BigDataCamp,104733083,82304093104733100000,"Apr 19, 2012",Perez,Tom,Thomas.Michael.Perez@gmail.com,,Perez,Tom,,Thomas.Michael.Perez@gmail.com,1,Attendee w/ Donation,"Apr 21, 2012 at 10:00 AM",,,"South Bend, IN, United States",,,,82304093,PayPal Completed,USD,26.62,1.62,1.62,0,0,Attending,eTicket,24726 West Maple Way,,South Bend,IN,46628,US,,,,,,,Yes,,,,,,,Database Developer,Press Ganey,,,,,,,,,,
"""Open"" BigDataCamp Chicago - Apr 21, 2012",3329058303,BigDataCamp,105270449,82714583105270500000,"Apr 20, 2012",McLeish,Thomas J,tjm@tjmcleish.com,,McLeish,Thomas J,,tjm@tjmcleish.com,1,Attendee,"Apr 21, 2012 at 10:00 AM",,,"Chicago, IL, United States",,,,82714583,Free Order,USD,0,0,0,0,0,Attending,eTicket,,,,IL,,US,,,,,,,Yes,,,,,,,Technology Lead,Iota Partners LLC,,,,,,,,www.iota-partners.com,,
"""Open"" BigDataCamp Chicago - Apr 21, 2012",3329058303,BigDataCamp,104104795,81817811104104800000,"Apr 17, 2012",Meeds,Ted,tmeeds@gmail.com,,Meeds,Ted,,tmeeds@gmail.com,1,Attendee w/ Donation,"Apr 21, 2012 at 10:00 AM",,,"Chicago, IL, United States",,,,81817811,PayPal Completed,USD,21.49,1.49,1.49,0,0,Attending,eTicket,200 E Delaware Place,11D,Chicago,IL,60611,US,,,,,,,Yes,,,,,,,Data Researcher,Komico LLC,,,,,,,,,,
"""Open"" BigDataCamp Chicago - Apr 21, 2012",3329058303,BigDataCamp,103550771,81389591103550800000,"Apr 14, 2012",Erskine,Keith,toastie604@gmail.com,,Erskine,Keith,,toastie604@gmail.com,1,Attendee,"Apr 21, 2012 at 10:00 AM",,,"Washington, DC, United States",,,,81389591,Free Order,USD,0,0,0,0,0,Attending,eTicket,,,,,,US,,,,,,,Yes,,,,,,,Senior Data Analyst,Democratic National Committee,,,,,,,,,,
"""Open"" BigDataCamp Chicago - Apr 21, 2012",3329058303,BigDataCamp,104353695,82004187104353700000,"Apr 17, 2012",Fergen,Troy,troyfergen@yahoo.com,,Fergen,Troy,,troyfergen@yahoo.com,1,Attendee,"Apr 21, 2012 at 10:00 AM",,,"Chicago, IL, United States",,,,82004187,Free Order,USD,0,0,0,0,0,Attending,eTicket,,,,IL,,US,,,,,,,Yes,,,,,,,Principal,Fergen Consulting Group,,,,,,,312.316.1678,,,
"""Open"" BigDataCamp Chicago - Apr 21, 2012",3329058303,BigDataCamp,102686029,80706995102686000000,"Apr 11, 2012",Green,Tyler,tyler.green2@gmail.com,,Green,Tyler,,tyler.green2@gmail.com,1,Attendee,"Apr 21, 2012 at 10:00 AM",,,"Chicago, IL, United States",,,,80706995,Free Order,USD,0,0,0,0,0,Attending,eTicket,,,,IL,,US,,,,,,,No,,,,,,,Director of Automation,Skydroponic Farms,,,,,,,,,,
"""Open"" BigDataCamp Chicago - Apr 21, 2012",3329058303,BigDataCamp,102448681,80518645102448700000,"Apr 10, 2012",Usenkanov,Norman,usenkanov@gmail.com,,Usenkanov,Norman,,usenkanov@gmail.com,1,Attendee,"Apr 21, 2012 at 10:00 AM",,,"Chicago, IL, United States",,,,80518645,Free Order,USD,0,0,0,0,0,Attending,eTicket,,,,IL,,US,,,,,,,Yes,,,,,,,Software Developer,Britannica,,,,,,,,http://www.britannica.com,http://usenkanov.wordpress.com,
"""Open"" BigDataCamp Chicago - Apr 21, 2012",3329058303,BigDataCamp,103833467,81604195103833500000,"Apr 16, 2012",Ludwig,Veronica,veronica@veronicaludwig.com,,Ludwig,Veronica,,veronica@veronicaludwig.com,1,Attendee,"Apr 21, 2012 at 10:00 AM",,,"Chicago, IL, United States",,,,81604195,Free Order,USD,0,0,0,0,0,Attending,eTicket,,,Chicago,IL,60610,US,,,,,,,,,,,,,,Consultant,Venchure Corporation,,,,,,,3126133133,,,
"""Open"" BigDataCamp Chicago - Apr 21, 2012",3329058303,BigDataCamp,104643411,82232433104643400000,"Apr 18, 2012",Pandian,Vevek ,vevek.pandian@morningstar.com,,Pandian,Vevek ,,vevek.pandian@morningstar.com,1,Attendee,"Apr 21, 2012 at 10:00 AM",,,"Indianapolis, IN, United States",,,,82232433,Free Order,USD,0,0,0,0,0,Attending,eTicket,,,,IL,,US,,,,,,,No,,,,,,,Developer,Morningstar Inc,,,,,,,,,,
"""Open"" BigDataCamp Chicago - Apr 21, 2012",3329058303,BigDataCamp,102835449,80825593102835400000,"Apr 11, 2012",Hariharan,Vivek,vharih3@uic.edu,,Hariharan,Vivek,,vharih3@uic.edu,1,Attendee,"Apr 21, 2012 at 10:00 AM",,,"Chicago, IL, United States",,,,80825593,Free Order,USD,0,0,0,0,0,Attending,eTicket,"1523 W Taylor St, Apt 1",,Chicago,IL,60607,US,,,,,,Data mining using big data,,,,,,,,Software Developer Intern,Motorola Mobility,,,,,,,,http://cs.uic.edu/~vharihar,,
"""Open"" BigDataCamp Chicago - Apr 21, 2012",3329058303,BigDataCamp,104175067,81866147104175100000,"Apr 17, 2012",Davenport,Patrick,virmundi@gmail.com,,Davenport,Patrick,,virmundi@gmail.com,1,Attendee w/ Donation,"Apr 21, 2012 at 10:00 AM",,,"Indianapolis, IN, United States",,,,81866147,PayPal Completed,USD,6.12,1.12,1.12,0,0,Attending,eTicket,14798 Fawn Hollow Ln,,Noblesville,IN,46060,US,,,,,,,Yes,,,,,,,Manager Consultant,Sogeti,,,,,,,,,,
"""Open"" BigDataCamp Chicago - Apr 21, 2012",3329058303,BigDataCamp,103853019,81619589103853100000,"Apr 16, 2012",Vaid,Vivek,vivek.vaid@gmail.com,,Vaid,Vivek,,vivek.vaid@gmail.com,1,Attendee,"Apr 21, 2012 at 10:00 AM",,,"Chicago, IL, United States",,,,81619589,Free Order,USD,0,0,0,0,0,Attending,eTicket,,,,IL,,US,,,,,,Use cases for big data. How big does your data need to get for the technology to be applicable.,Yes,,,,,,,Engineering Director,Morningstar,,,,,,,,,,
"""Open"" BigDataCamp Chicago - Apr 21, 2012",3329058303,BigDataCamp,102432087,80506233102432100000,"Apr 10, 2012",remennik,vera,vremennik@hotmail.com,,remennik,vera,,vremennik@hotmail.com,1,Attendee,"Apr 21, 2012 at 10:00 AM",,,"Chicago, IL, United States",,,,80506233,Free Order,USD,0,0,0,0,0,Attending,eTicket,,,,IL,,US,,,,,,,Yes,,,,,,,application developer,depaul,,,,,,,,,,
"""Open"" BigDataCamp Chicago - Apr 21, 2012",3329058303,BigDataCamp,104121707,81831381104121700000,"Apr 17, 2012",Ruan,Wenjin,wenjin.ruan@gmail.com,,Ruan,Wenjin,,wenjin.ruan@gmail.com,1,Attendee,"Apr 21, 2012 at 10:00 AM",,,"Chicago, IL, United States",,,,81831381,Free Order,USD,0,0,0,0,0,Attending,eTicket,,,,IL,,US,,,,,,,Yes,,,,,,,Database Developer,comScore,,,,,,,,,,
"""Open"" BigDataCamp Chicago - Apr 21, 2012",3329058303,BigDataCamp,102684739,80705907102684800000,"Apr 11, 2012",Lattner,Bill,wlattner@gmail.com,,Lattner,Bill,,wlattner@gmail.com,1,Attendee,"Apr 21, 2012 at 10:00 AM",,,"Chicago, IL, United States",,,,80705907,Free Order,USD,0,0,0,0,0,Attending,eTicket,,,,IL,,US,,,,,,,,,,,,,,Data Scientist,0,,,,,,,,,,
"""Open"" BigDataCamp Chicago - Apr 21, 2012",3329058303,BigDataCamp,104839413,82385709104839400000,"Apr 19, 2012",Ozik,Jonathan,xio247@gmail.com,,Ozik,Jonathan,,xio247@gmail.com,1,Attendee,"Apr 21, 2012 at 10:00 AM",,,"Chicago, IL, United States",,,,82385709,Free Order,USD,0,0,0,0,0,Attending,eTicket,,,,IL,,US,,,,,,,No,,,,,,,Computational Scientist,Argonne National Laboratory,,,,,,,,,,
"""Open"" BigDataCamp Chicago - Apr 21, 2012",3329058303,BigDataCamp,104023401,81752059104023400000,"Apr 16, 2012",Cho,Young,ycho1213@gmail.com,,Cho,Young,,ycho1213@gmail.com,1,Attendee,"Apr 21, 2012 at 10:00 AM",,,"Chicago, IL, United States",,,,81752059,Free Order,USD,0,0,0,0,0,Attending,eTicket,,,,IL,,US,,,,,,,Yes,,,,,,,Quantitative Developer,PEAK6 Investments,,,,,,,,,,
"""Open"" BigDataCamp Chicago - Apr 21, 2012",3329058303,BigDataCamp,104877155,82414969104877200000,"Apr 19, 2012",Espinosa,Allan M,yecartes@gmail.com,,Espinosa,Allan M,,yecartes@gmail.com,1,Attendee,"Apr 21, 2012 at 10:00 AM",,,"Chicago, IL, United States",,,,82414969,Free Order,USD,0,0,0,0,0,Attending,eTicket,,,,IL,60615,US,,,,,,,No,,,,,,,PhD student,The University of Chicago,,,,,,,,http://people.cs.uchicago.edu/~aespinosa,,
"""Open"" BigDataCamp Chicago - Apr 21, 2012",3329058303,BigDataCamp,102641345,80671265102641400000,"Apr 11, 2012",yermalkar,sanjay,yermalkar@gmail.com,,yermalkar,sanjay,,yermalkar@gmail.com,1,Attendee w/ Donation,"Apr 21, 2012 at 10:00 AM",,,"Hanover Park, IL, United States",,,,80671265,PayPal Completed,USD,11.24,1.24,1.24,0,0,Attending,eTicket,,,,IL,,US,,,,,,"1. Usage of NoSQL databases in financial industry
2. Data governance in the context of enterprise
3. Agile big data development
4. Unit and integration developer testing in the context of big data development
 ",Yes,,,,,,,Software Architect,Sears Holdings,,,,,,,,,,
"""Open"" BigDataCamp Chicago - Apr 21, 2012",3329058303,BigDataCamp,105268629,82713103105268600000,"Apr 20, 2012",Wang,Yi,Yi.wang@morningstar.com,,Wang,Yi,,Yi.wang@morningstar.com,1,Attendee,"Apr 21, 2012 at 10:00 AM",,,"Chicago, IL, United States",,,,82713103,Free Order,USD,0,0,0,0,0,Attending,eTicket,,,,IL,,US,,,,,,,No,,,,,,,Data Architect,"Morningstar, Inc. ",,,,,,,,,,
"""Open"" BigDataCamp Chicago - Apr 21, 2012",3329058303,BigDataCamp,104217011,81898657104217000000,"Apr 17, 2012",David,Zachary,zacharydavid@gmail.com,,David,Zachary,,zacharydavid@gmail.com,1,Attendee,"Apr 21, 2012 at 10:00 AM",,,"Lockport, IL, United States",,,,81898657,Free Order,USD,0,0,0,0,0,Attending,eTicket,1218 N Damen Ave,#2,Chicago,IL,60622,US,,,,,,Modularity with respect to ensemble,No,,,,,,,Developer,Kapital Trading,,,,,,,3127725919,,,
"""Open"" BigDataCamp Chicago - Apr 21, 2012",3329058303,BigDataCamp,104192609,81879605104192600000,"Apr 17, 2012",Fietsch,Zachary,zacharypfietsch@gmail.com,,Fietsch,Zachary,,zacharypfietsch@gmail.com,1,Attendee,"Apr 21, 2012 at 10:00 AM",,,"Chicago, IL, United States",,,,81879605,Free Order,USD,0,0,0,0,0,Attending,eTicket,936 W. Sunnyside Ave. Apt. 303,,Chicago,IL,60640,US,,,,,,,,,,,,,,COO,Scaled Dynamics,,,,,,,816 560-3786,http://scaleddynamics.com,,
"""Open"" BigDataCamp Chicago - Apr 21, 2012",3329058303,BigDataCamp,102566299,80611279102566300000,"Apr 10, 2012",zhang,zhaoxia,zhaoxia@gmail.com,,zhang,zhaoxia,,zhaoxia@gmail.com,1,Attendee,"Apr 21, 2012 at 10:00 AM",,,"Chicago, IL, United States",,,,80611279,Free Order,USD,0,0,0,0,0,Attending,eTicket,,,,IL,,US,,,,,,,Yes,,,,,,,sr software engineer,NORC at the university of chicago,,,,,,,,,,
