Event Name,Event ID,Organizer Name,Attendee #,Barcode #,Order Date,Buyer Last Name,Buyer First Name,Buyer Email,Prefix,Last Name,First Name,Suffix,Email,Quantity,Ticket Type,Date Attending,Device #,Check-In Date,IP Location,Discount,Group,Affiliate,Order #,Order Type,Currency,Total Paid,Fees Paid,Eventbrite Fees,Eventbrite Payment Processing,Tax Paid,Attendee Status,Ticket Delivery Method,Home Address 1,Home Address 2,Home City,Home State,Home Zip,Home Country,Home Phone,Cell Phone,Gender,Age,Birth Date,Please suggest a topic for an unconference session,Would you like to receive BigData-related emails from our event sponsors.,Shipping Address 1,Shipping Address 2,Shipping City,Shipping State,Shipping Zip,Shipping Country,Job Title,Company,Work Address 1,Work Address 2,Work City,Work State,Work Zip,Work Country,Work Phone,Website,Blog,Notes
"BigDataCamp DC @FOSE Apr 3, 2012",2763911935,BigDataCamp,100226403,78749027100226400000,"Mar 31, 2012",Chidambaram,Sadayappan,porunai@gmail.com,,Chidambaram,Sadayappan,,porunai@gmail.com,1,BigDataCamp Attendee,"Apr 3, 2012 at 10:30 AM",,,"Herndon, VA, United States",,,2012,78749027,Free Order,USD,0,0,0,0,0,Attending,eTicket,,,,,,,,,,,,,Yes,,,,,,,CEO,OpenOsmium Inc,,,,,,,,http://www.openosmium.com,,
"BigDataCamp DC @FOSE Apr 3, 2012",2763911935,BigDataCamp,100354659,78850119100354700000,"Apr 1, 2012",Virassamy,Rajesh,reachraj@gmail.com,,Virassamy,Rajesh,,reachraj@gmail.com,1,BigDataCamp Attendee,"Apr 3, 2012 at 10:30 AM",,,"Herndon, VA, United States",,,2012,78850119,Free Order,USD,0,0,0,0,0,Attending,eTicket,,,,,,,,,,,,Big data,No,,,,,,,Principal ,OpenOsmium,,,,,,,,,,
"BigDataCamp DC @FOSE Apr 3, 2012",2763911935,BigDataCamp,98609465,7748596198609470000,"Mar 23, 2012",Lee,Shelton ,shelton.lee@lmco.com,,Lee,Shelton ,,shelton.lee@lmco.com,1,BigDataCamp Attendee,"Apr 3, 2012 at 10:30 AM",,,"Media, PA, United States",,,2012,77485961,Free Order,USD,0,0,0,0,0,Attending,eTicket,,,,,,,,,,,,,Yes,,,,,,,Operations Research Principal ,Lockheed Martin ,,,,,,,,,,
"BigDataCamp DC @FOSE Apr 3, 2012",2763911935,BigDataCamp,100784765,79189157100784800000,"Apr 2, 2012",blevins,vivian,vivianbl@olg.com,,blevins,vivian,,vivianbl@olg.com,1,BigDataCamp Attendee,"Apr 3, 2012 at 10:30 AM",,,"Washington, DC, United States",,,esearch,79189157,Free Order,USD,0,0,0,0,0,Attending,eTicket,,,,,,,,,,,,,No,,,,,,,research asst,university of maryland,,,,,,,,,,
"BigDataCamp DC @FOSE Apr 3, 2012",2763911935,BigDataCamp,98969287,7776922998969290000,"Mar 26, 2012",xue,bing,xueding1975@gmail.com,,xue,bing,,xueding1975@gmail.com,1,BigDataCamp Attendee,"Apr 3, 2012 at 10:30 AM",,,"Rockville, MD, United States",,,2012,77769229,Free Order,USD,0,0,0,0,0,Attending,eTicket,,,,,,,,,,,,,No,,,,,,,developer,um,,,,,,,,,,
"BigDataCamp DC @FOSE Apr 3, 2012",2763911935,BigDataCamp,100814083,79213445100814100000,"Apr 3, 2012",Danish,A.,z.a0379@gmail.com,,Danish,A.,,z.a0379@gmail.com,1,BigDataCamp Attendee,"Apr 3, 2012 at 10:30 AM",,,"Falls Church, VA, United States",,,esearch,79213445,Free Order,USD,0,0,0,0,0,Attending,eTicket,,,,,,,,,,,,,Yes,,,,,,,Learning Facilitator,JHU,,,,,,,,,,
