Order #,Event Name,Event ID,Organizer Name,Attendee #,Barcode #,Order Date,Buyer Last Name,Buyer First Name,Buyer Email,Prefix,Last Name,First Name,Suffix,Email,Quantity,Ticket Type,Date Attending,Device #,Check-In Date,IP Location,Discount,Group,Affiliate,Order Type,Currency,Total Paid,Fees Paid,Eventbrite Fees,Eventbrite Payment Processing,Tax Paid,Attendee Status,Ticket Delivery Method,Home Address 1,Home Address 2,Home City,Home State,Home Zip,Home Country,Home Phone,Cell Phone,Gender,Age,Birth Date,What topics are you interested in?,Would you like to receive Ops-related information from our sponsors?,Shipping Address 1,Shipping Address 2,Shipping City,Shipping State,Shipping Zip,Shipping Country,Job Title,Company,Work Address 1,Work Address 2,Work City,Work State,Work Zip,Work Country,Work Phone,Website,Blog,Notes
12087607,OpsCamp Atlanta - POSTPONED,691773112,OpsCamp,16124563,1208760716124560000,"May 21, 2010",Curtin,Chris,ccurtin@curtinhome.com,,Curtin,Chris,,ccurtin@curtinhome.com,1,Attendee,"Jun 19, 2010 at 9:00 AM",,,"Atlanta, GA, United States",,,,Free Order,USD,0,0,0,0,0,Attending,eTicket,,,,,,,,,,,,"Saas deployment, QA in operations, CM in operations",No,,,,,,,,,,,,,,,,,,
12159531,OpsCamp Atlanta - POSTPONED,691773112,OpsCamp,16215193,1215953116215190000,"May 24, 2010",Winter,Eric,ehwinter@gmail.com,,Winter,Eric,,ehwinter@gmail.com,1,Attendee with donation,"Jun 19, 2010 at 9:00 AM",,,"Marietta, GA, United States",,,,PayPal Completed,USD,11.24,1.24,1.24,0,0,Attending,eTicket,,,,,,,,,,,,"devops in general
PAAS
Chef repository best practices when targeting enterprise clients - multiple users, multiple platforms...
Hurdles to enterprise devops adoption (and how to overcome them) 
Early experiences w/ GS

",Yes,,,,,,,Principal,Webicus,,,,,,,,http://webicus.com,,
12157846,OpsCamp Atlanta - POSTPONED,691773112,OpsCamp,16213059,1215784616213060000,"May 24, 2010",Willis,John,john@opscode.com,,Willis,John,,john@opscode.com,1,Attendee,"Jun 19, 2010 at 9:00 AM",,,Unknown Location,,,,Free Order,USD,0,0,0,0,0,Attending,eTicket,,,,,,,,,,,,Operations as Code...,Yes,,,,,,,VP of Services,"Opscode, Inc",,,,,,,,http://opscode.com,http://opscode.com/blog,
12522337,OpsCamp Atlanta - POSTPONED,691773112,OpsCamp,16666120,1252233716666120000,"Jun 7, 2010",Murphy,Brad,murf@rpath.com,,Murphy,Brad,,murf@rpath.com,1,Attendee,"Jun 19, 2010 at 9:00 AM",,,"Raleigh, NC, United States",,,,Free Order,USD,0,0,0,0,0,Attending,eTicket,,,,,,,,,,,,"cloud/physical targets, system models, version control, process management, config management",No,,,,,,,Lead Engineer,"rPath, Inc.",,,,,,,,http://www.rpath.com,http://murf80.blogspot.com,
12249886,OpsCamp Atlanta - POSTPONED,691773112,OpsCamp,16326158,1224988616326160000,"May 27, 2010",Delara,Omar,odelara@clearleap.com,,Delara,Omar,,odelara@clearleap.com,1,Attendee,"Jun 19, 2010 at 9:00 AM",,,"Duluth, GA, United States",,,,Free Order,USD,0,0,0,0,0,Attending,eTicket,,,,,,,,,,,,"-Configuration management
-System mevel management
-Common Information Model",No,,,,,,,Sr. Systems Integration Engineer,"Clearleap, Inc.",,,,,,,,http://www.clearleap.com,,
12071327,OpsCamp Atlanta - POSTPONED,691773112,OpsCamp,16104491,1207132716104490000,"May 20, 2010",richards,pat,pat.richards@gmail.com,,richards,pat,,pat.richards@gmail.com,1,Attendee,"Jun 19, 2010 at 9:00 AM",,,"Stone Mountain, GA, United States",,,,Free Order,USD,0,0,0,0,0,Attending,eTicket,,,,,,,,,,,,devops,No,,,,,,,VP,Fox Audience Network,,,,,,,,,,
12305019,OpsCamp Atlanta - POSTPONED,691773112,OpsCamp,16393988,1230501916393990000,"May 29, 2010",,,rekhajr@yahoo.com,,bastimal,rekha,,rekhajr@yahoo.com,1,Attendee,"Jun 19, 2010 at 9:00 AM",,,"Smyrna, GA, United States",,,,Free Order,USD,0,0,0,0,0,Attending,eTicket,,,,,,,,,,,,all,Yes,,,,,,,,,,,,,,,,,,
12071184,OpsCamp Atlanta - POSTPONED,691773112,OpsCamp,16104321,1207118416104320000,"May 20, 2010",Chisamore,Seth,schisamo@gmail.com,,Chisamore,Seth,,schisamo@gmail.com,1,Attendee,"Jun 19, 2010 at 9:00 AM",,,"Atlanta, GA, United States",,,,Free Order,USD,0,0,0,0,0,Attending,eTicket,,,,,,,,,,,,"Devops, Chef, Cloud Based infrastructure.",Yes,,,,,,,Principal Architect,MaxMedia,,,,,,,,http://seth.chisamore.com,http://seth.chisamore.com,
12157846,OpsCamp Atlanta - POSTPONED,691773112,OpsCamp,16213058,1215784616213060000,"May 24, 2010",Willis,John,john@opscode.com,,Hill,Curtis ,,skipperhill@gmail.com,1,Attendee,"Jun 19, 2010 at 9:00 AM",,,Unknown Location,,,,Free Order,USD,0,0,0,0,0,Attending,eTicket,,,,,,,,,,,,clouds,No,,,,,,,,,,,,,,,,,,
