Order #,Event Name,Event ID,Organizer Name,Attendee #,Barcode #,Order Date,Buyer Last Name,Buyer First Name,Buyer Email,Prefix,Last Name,First Name,Suffix,Email,Quantity,Ticket Type,Date Attending,Device #,Check-In Date,IP Location,Discount,Group,Affiliate,Order Type,Currency,Total Paid,Fees Paid,Eventbrite Fees,Eventbrite Payment Processing,Tax Paid,Attendee Status,Ticket Delivery Method,Home Address 1,Home Address 2,Home City,Home State,Home Zip,Home Country,Home Phone,Cell Phone,Gender,Age,Birth Date,What topics are you interested in?,Would you like to receive Ops-related information from our sponsors?,Shipping Address 1,Shipping Address 2,Shipping City,Shipping State,Shipping Zip,Shipping Country,Job Title,Company,Work Address 1,Work Address 2,Work City,Work State,Work Zip,Work Country,Work Phone,Website,Blog,Notes
38005211,"DevOps Workshop PDX, June 13, 2011",1693652761,DevOps Workshop,48785861,3800521148785860000,"May 18, 2011",Stanley,Aaron,aaron.stanley@webtrends.com,,Stanley,Aaron,,aaron.stanley@webtrends.com,1,Attendee,"Jun 13, 2011 at 1:00 PM",,,"Vancouver, WA, United States",,,,Free Order,USD,0,0,0,0,0,Attending,eTicket,,,,,,,,,,,,DevOps,No,,,,,,,Database Administrator,Webtrends,,,,,,,,http://www.webtrends.com,,
39185323,"DevOps Workshop PDX, June 13, 2011",1693652761,DevOps Workshop,50251351,3918532350251350000,"May 31, 2011",Blew,Aaron,aaronblew@gmail.com,,Blew,Aaron,,aaronblew@gmail.com,1,Attendee,"Jun 13, 2011 at 1:00 PM",,,"Beaverton, OR, United States",,,eorg,Free Order,USD,0,0,0,0,0,Attending,eTicket,,,,,,,,,,,,"Automation orchestration, event management and event analysis.",No,,,,,,,Senior Infrastructure Engineer,iovation,,,,,,,,http://iovation.com,,
37963201,"DevOps Workshop PDX, June 13, 2011",1693652761,DevOps Workshop,48735105,3796320148735100000,"May 18, 2011",wallace,ann,ann.wallace@nike.com,,wallace,ann,,ann.wallace@nike.com,1,Attendee,"Jun 13, 2011 at 1:00 PM",,,"Union City, CA, United States",,,,Free Order,USD,0,0,0,0,0,Attending,eTicket,,,,,,,,,,,,"cloud, automation",No,,,,,,,operations lead,"Nike, Inc",,,,,,,,,,
38542973,"DevOps Workshop PDX, June 13, 2011",1693652761,DevOps Workshop,49442615,3854297349442610000,"May 23, 2011",Arepally,Anurag,arag18@gmail.com,,Arepally,Anurag,,arag18@gmail.com,1,Attendee,"Jun 13, 2011 at 1:00 PM",,,"Seattle, WA, United States",,,eorg,Free Order,USD,0,0,0,0,0,Attending,eTicket,,,,,,,,,,,,infrastructure automation and cloud computing,Yes,,,,,,,Sr. Middleware Engineer,,,,,,,,,,,
39364569,"DevOps Workshop PDX, June 13, 2011",1693652761,DevOps Workshop,50477071,3936456950477070000,"Jun 1, 2011",Stearns,Bryan,bryanstearns@gmail.com,,Stearns,Bryan,,bryanstearns@gmail.com,1,Attendee,"Jun 13, 2011 at 1:00 PM",,,"Battle Ground, WA, United States",,,,Free Order,USD,0,0,0,0,0,Attending,eTicket,,,,,,,,,,,,"scaling, deployment, configuration management, monitoring",No,,,,,,,,,,,,,,,,,,
40227511,"DevOps Workshop PDX, June 13, 2011",1693652761,DevOps Workshop,51548047,4022751151548050000,"Jun 9, 2011",McAllister,Tim,cdc1@me.com,,McAllister,Tim,,cdc1@me.com,1,Attendee,"Jun 13, 2011 at 1:00 PM",,,"Vancouver, WA, United States",,,,Free Order,USD,0,0,0,0,0,Attending,eTicket,,,,,,,,,,,,ror,No,,,,,,,,,,,,,,,,,,
37966981,"DevOps Workshop PDX, June 13, 2011",1693652761,DevOps Workshop,48739647,3796698148739650000,"May 18, 2011",Claussen,Mike,claussen@conducivetech.com,,Claussen,Mike,,claussen@conducivetech.com,1,Attendee,"Jun 13, 2011 at 1:00 PM",,,"Portland, OR, United States",,,,Free Order,USD,0,0,0,0,0,Attending,eTicket,,,,,,,,,,,,"doing more with less, to provide more time with family.",Yes,,,,,,,,Conducive Technology,,,,,,,,,,
39198503,"DevOps Workshop PDX, June 13, 2011",1693652761,DevOps Workshop,50267841,3919850350267840000,"May 31, 2011",Ropp,Curtis,curtis.ropp@iovation.com,,Ropp,Curtis,,curtis.ropp@iovation.com,1,Attendee,"Jun 13, 2011 at 1:00 PM",,,"Beaverton, OR, United States",,,,Free Order,USD,0,0,0,0,0,Attending,eTicket,,,,,,,,,,,,DevOps,No,,,,,,,DevOps,iovation,,,,,,,,http://www.iovation.com,,
40201765,"DevOps Workshop PDX, June 13, 2011",1693652761,DevOps Workshop,51516029,4020176551516030000,"Jun 9, 2011",Revel,Dan,dan@nopolabs.com,,Revel,Dan,,dan@nopolabs.com,1,Attendee,"Jun 13, 2011 at 1:00 PM",,,"Portland, OR, United States",,,,Free Order,USD,0,0,0,0,0,Attending,eTicket,,,,,,,,,,,,web scale applications and performance,Yes,,,,,,,,Nopo Labs,,,,,,,,http://nopolabs.com,,
39752493,"DevOps Workshop PDX, June 13, 2011",1693652761,DevOps Workshop,50962011,3975249350962010000,"Jun 6, 2011",Hedlund,Daniel,daniel@digitree.org,,Hedlund,Daniel,,daniel@digitree.org,1,Attendee with donation,"Jun 13, 2011 at 1:00 PM",,,"Portland, OR, United States",,,,PayPal Completed,USD,52.24,2.24,2.24,0,0,Attending,eTicket,,,,,,,,,,,,0,Yes,,,,,,,,,,,,,,,,,,
38004781,"DevOps Workshop PDX, June 13, 2011",1693652761,DevOps Workshop,48785381,3800478148785380000,"May 18, 2011",Solbes,Dave,dave.solbes@webtrends.com,,Solbes,Dave,,dave.solbes@webtrends.com,1,Attendee,"Jun 13, 2011 at 1:00 PM",,,"Vancouver, WA, United States",,,,Free Order,USD,0,0,0,0,0,Attending,eTicket,,,,,,,,,,,,Infrastructure as Code,No,,,,,,,Sr. Systems Engineer,Webtrends,,,,,,,,http://www.webtrends.com,,
39229461,"DevOps Workshop PDX, June 13, 2011",1693652761,DevOps Workshop,50307125,3922946150307120000,"May 31, 2011",Bamberger,David,david.bamberger@infogroup.com,,Bamberger,David,,david.bamberger@infogroup.com,1,Attendee,"Jun 13, 2011 at 1:00 PM",,,"Omaha, NE, United States",,,eorg,Free Order,USD,0,0,0,0,0,Attending,eTicket,,,,,,,,,,,,chef,No,,,,,,,DevOps Engineer,Infogroup ,,,,,,,,,,
38004151,"DevOps Workshop PDX, June 13, 2011",1693652761,DevOps Workshop,48784629,3800415148784630000,"May 18, 2011",Krueger,David,david.krueger@webtrends.com,,Krueger,David,,david.krueger@webtrends.com,1,Attendee,"Jun 13, 2011 at 1:00 PM",,,"Vancouver, WA, United States",,,,Free Order,USD,0,0,0,0,0,Attending,eTicket,,,,,,,,,,,,Infrastructure as code,No,,,,,,,Hosted Systems Manager,Webtrends,,,,,,,,,,
40455535,"DevOps Workshop PDX, June 13, 2011",1693652761,DevOps Workshop,51855765,4045553551855760000,"Jun 12, 2011",Neal,James,Devops@denizen.org,,Neal,James,,Devops@denizen.org,1,Attendee,"Jun 13, 2011 at 1:00 PM",,,"Portland, OR, United States",,,,Free Order,USD,0,0,0,0,0,Attending,eTicket,,,,,,,,,,,,"Revision control, dependencies, networked
Configuration stores. ",No,,,,,,,Sr. UNIX Systems Architect,Xerox,,,,,,,,,http://pcb.Laen.org,
38253929,"DevOps Workshop PDX, June 13, 2011",1693652761,DevOps Workshop,49091759,3825392949091760000,"May 20, 2011",Wade,Shawn,devopscamp@levelzero.com,,Wade,Shawn,,devopscamp@levelzero.com,1,Attendee,"Jun 13, 2011 at 1:00 PM",,,"Seattle, WA, United States",,,,Free Order,USD,0,0,0,0,0,Attending,eTicket,,,,,,,,,,,,VoIP on Unix,No,,,,,,,VoIP Systems Engineer,Marchex,,,,,,,,http://www.marchex.com,,
38009977,"DevOps Workshop PDX, June 13, 2011",1693652761,DevOps Workshop,48791637,3800997748791640000,"May 18, 2011",Heydrick,Eric,eric.heydrick@gmail.com,,Heydrick,Eric,,eric.heydrick@gmail.com,1,Attendee,"Jun 13, 2011 at 1:00 PM",,,"Portland, OR, United States",,,,Free Order,USD,0,0,0,0,0,Attending,eTicket,,,,,,,,,,,,"Infrastructure as code, fully automated infrastructure. ",No,,,,,,,Sr. Systems Engineer,Webtrends,,,,,,,,,,
37995317,"DevOps Workshop PDX, June 13, 2011",1693652761,DevOps Workshop,48774087,3799531748774090000,"May 18, 2011",Honeycutt,Garrett,garrett@puppetlabs.com,,Honeycutt,Garrett,,garrett@puppetlabs.com,1,Attendee,"Jun 13, 2011 at 1:00 PM",,,"Kirkland, WA, United States",,,,Free Order,USD,0,0,0,0,0,Attending,eTicket,,,,,,,,,,,,fostering DevOps culture and change management,No,,,,,,,Professional Services Consultant,Puppet Labs,,,,,,,,http://puppetlabs.com,http://www.puppetlabs.com/blog/,
40509001,"DevOps Workshop PDX, June 13, 2011",1693652761,DevOps Workshop,51921051,4050900151921050000,"Jun 13, 2011",Kim,Gene,genek@realgenekim.me,,Kim,Gene,,genek@realgenekim.me,1,Attendee,"Jun 13, 2011 at 1:00 PM",,,"Portland, OR, United States",,,eorg,Free Order,USD,0,0,0,0,0,Attending,eTicket,,,,,,,,,,,,Hearing John Willis talk.  :-),Yes,,,,,,,,,,,,,,,,,,
38250137,"DevOps Workshop PDX, June 13, 2011",1693652761,DevOps Workshop,49087241,3825013749087240000,"May 20, 2011",Hurlbut,Gavin,gjhurlbu@gmail.com,,Hurlbut,Gavin,,gjhurlbu@gmail.com,1,Attendee,"Jun 13, 2011 at 1:00 PM",,,"Seattle, WA, United States",,,,Free Order,USD,0,0,0,0,0,Attending,eTicket,,,,,,,,,,,,Application of agile-like methodology to operations/sysadmin roles.,Yes,,,,,,,Systems Engineer,Marchex,,,,,,,,http://www.marchex.com,,
38850861,"DevOps Workshop PDX, June 13, 2011",1693652761,DevOps Workshop,49826079,3885086149826080000,"May 26, 2011",Wehmeyer,Glenn,gwehmeyer@marchex.com,,Wehmeyer,Glenn,,gwehmeyer@marchex.com,1,Attendee,"Jun 13, 2011 at 1:00 PM",,,"Seattle, WA, United States",,,,Free Order,USD,0,0,0,0,0,Attending,eTicket,,,,,,,,,,,,"Configuration management, new technology",Yes,,,,,,,Sr. Systems Engineer,Marchex,,,,,,,,http://www.marchex.com,,
38613609,"DevOps Workshop PDX, June 13, 2011",1693652761,DevOps Workshop,49530115,3861360949530110000,"May 24, 2011",Ford,Harry,harrytford@gmail.com,,Ford,Harry,,harrytford@gmail.com,1,Attendee,"Jun 13, 2011 at 1:00 PM",,,"Union City, CA, United States",,,,Free Order,USD,0,0,0,0,0,Attending,eTicket,,,,,,,,,,,,any and all,Yes,,,,,,,Website Operations,Nike,,,,,,,,http://www.nike.com,,
39362459,"DevOps Workshop PDX, June 13, 2011",1693652761,DevOps Workshop,50474279,3936245950474280000,"Jun 1, 2011",Koshevoy,Igal,igal@pragmaticraft.com,,Koshevoy,Igal,,igal@pragmaticraft.com,1,Attendee with donation,"Jun 13, 2011 at 1:00 PM",,,"Portland, OR, United States",,,,PayPal Completed,USD,21.49,1.49,1.49,0,0,Attending,eTicket,,,,,,,,,,,,"Automation tools, strategies, use cases. Helping organizations understand and make effective use of devops.",Yes,,,,,,,,Pragmaticraft,,,,,,,,http://pragmaticraft.com/,http://twitter.com/igalko,
38042737,"DevOps Workshop PDX, June 13, 2011",1693652761,DevOps Workshop,48831213,3804273748831210000,"May 18, 2011",Abendschan,James,James.Abendschan@nike.com,,Abendschan,James,,James.Abendschan@nike.com,1,Attendee,"Jun 13, 2011 at 1:00 PM",,,"Forest Grove, OR, United States",,,,Free Order,USD,0,0,0,0,0,Attending,eTicket,,,,,,,,,,,,puppet! infrastructure automation! deployment orchestration! infosec! perl! ruby! unix!,No,,,,,,,Sr. Systems Engineer,,,,,,,,,,,
40181431,"DevOps Workshop PDX, June 13, 2011",1693652761,DevOps Workshop,51490699,4018143151490700000,"Jun 9, 2011",Young,Jonathan,jonathan.young@nike.com,,Young,Jonathan,,jonathan.young@nike.com,1,Attendee,"Jun 13, 2011 at 1:00 PM",,,"Union City, CA, United States",,,,Free Order,USD,0,0,0,0,0,Attending,eTicket,,,,,,,,,,,,"Culture and automation, specifically infrastructure as code.",No,,,,,,,Senior Infrastructure Architect,"Nike, Inc.",,,,,,,,http://nike.com,,
37952459,"DevOps Workshop PDX, June 13, 2011",1693652761,DevOps Workshop,48721903,3795245948721900000,"May 18, 2011",Palafox,Jose,jose@puppetlabs.com,,Palafgox,Jose,,jose@puppetlabs.com,1,Attendee,"Jun 13, 2011 at 1:00 PM",,,"Vancouver, WA, United States",,,eorg,Free Order,USD,0,0,0,0,0,Not Attending,eTicket,,,,,,,,,,,,Observing,No,,,,,,,Community Manager,Puppet Labs,,,,,,,,,,
38113785,"DevOps Workshop PDX, June 13, 2011",1693652761,DevOps Workshop,48918671,3811378548918670000,"May 19, 2011",Plager,David Joshua,josh@BimEarth.com,,Plager,David Joshua,,josh@BimEarth.com,1,Attendee,"Jun 13, 2011 at 1:00 PM",,,United States,,,,Free Order,USD,0,0,0,0,0,Attending,eTicket,,,,,,,,,,,,SaaS legal,Yes,,,,,,,Founder & CEO,BimEarth Corporation,,,,,,,,http://BimEarth.com,,
39655109,"DevOps Workshop PDX, June 13, 2011",1693652761,DevOps Workshop,50838313,3965510950838310000,"Jun 3, 2011",Cody,Josh,josh@cedexis.com,,Cody,Josh,,josh@cedexis.com,1,Attendee,"Jun 13, 2011 at 1:00 PM",,,"Portland, OR, United States",,,,Free Order,USD,0,0,0,0,0,Attending,eTicket,,,,,,,,,,,,"Automation, culture",Yes,,,,,,,Senior Network Operations Engineer,"Cedexis, Inc",,,,,,,,http://www.cedexis.com,,
39235007,"DevOps Workshop PDX, June 13, 2011",1693652761,DevOps Workshop,50313953,3923500750313950000,"May 31, 2011",Miles,Ken,ken.miles@infogroup.com,,Miles,Ken,,ken.miles@infogroup.com,1,Attendee,"Jun 13, 2011 at 1:00 PM",,,"Omaha, NE, United States",,,eorg,Free Order,USD,0,0,0,0,0,Attending,eTicket,,,,,,,,,,,,"DevOps Engineering, Chef",Yes,,,,,,,DevOps Engineer,Infogroup,,,,,,,,http://www.infogroup.com,,
39364889,"DevOps Workshop PDX, June 13, 2011",1693652761,DevOps Workshop,50477441,3936488950477440000,"Jun 1, 2011",Beels,Reid,mail@reidbeels.com,,Beels,Reid,,mail@reidbeels.com,1,Attendee,"Jun 13, 2011 at 1:00 PM",,,"Battle Ground, WA, United States",,,,Free Order,USD,0,0,0,0,0,Attending,eTicket,,,,,,,,,,,,"development, ops",No,,,,,,,,Open Source Bridge,,,,,,,,http://reidbeels.com,,
38005189,"DevOps Workshop PDX, June 13, 2011",1693652761,DevOps Workshop,48785837,3800518948785840000,"May 18, 2011",Gantz,Matthew,matt.gantz@webtrends.com,,Gantz,Matthew,,matt.gantz@webtrends.com,1,Attendee,"Jun 13, 2011 at 1:00 PM",,,"Vancouver, WA, United States",,,,Free Order,USD,0,0,0,0,0,Attending,eTicket,,,,,,,,,,,,"SQL, Operations",No,,,,,,,Database Administrator,Webtrends,,,,,,,,http://www.webtrends.com,,
38245273,"DevOps Workshop PDX, June 13, 2011",1693652761,DevOps Workshop,49081333,3824527349081330000,"May 20, 2011",Parker,Matthew,matt.parker@comcast.net,,Parker,Matthew,,matt.parker@comcast.net,1,Attendee,"Jun 13, 2011 at 1:00 PM",,,"Seattle, WA, United States",,,,Free Order,USD,0,0,0,0,0,Attending,eTicket,,,,,,,,,,,,"OS, monitoring, statistics, hardware",Yes,,,,,,,Principal Systems Engineer,marchex.com,,,,,,,,http://www.marchex.com,,
39701823,"DevOps Workshop PDX, June 13, 2011",1693652761,DevOps Workshop,50897367,3970182350897370000,"Jun 4, 2011",Smiley,Matt,matt.smiley@rentrak.com,,Smiley,Matt,,matt.smiley@rentrak.com,1,Attendee,"Jun 13, 2011 at 1:00 PM",,,"Vancouver, WA, United States",,,,Free Order,USD,0,0,0,0,0,Attending,eTicket,,,,,,,,,,,," - How do you smooth the adoption of Agile practices for existing teams?
 - What tools and methods are people using for system, network, and platform management/support?
 - Most of all I want to hear from other practitioners what does and doesn't work in their environment, and why.
 - How do these practices scale up to larger, more diversely specialized teams?",Yes,,,,,,,Director of Systems Infrastructure and Database Ar,Rentrak,,,,,,,,,,
37952343,"DevOps Workshop PDX, June 13, 2011",1693652761,DevOps Workshop,48721747,3795234348721750000,"May 18, 2011",Borham,Mona,monalisa20042006@gmail.com,,Borham,Mona,,monalisa20042006@gmail.com,1,Attendee,"Jun 13, 2011 at 1:00 PM",,,"Alexandria, Egypt",,,eorg,Free Order,USD,0,0,0,0,0,Attending,eTicket,,,,,,,,,,,,DevOps Workshop,No,,,,,,,Developer,,,,,,,,,,,
38250437,"DevOps Workshop PDX, June 13, 2011",1693652761,DevOps Workshop,49087611,3825043749087610000,"May 20, 2011",Provitt,Marc,mprovitt@marchex.com,,Provitt,Marc,,mprovitt@marchex.com,1,Attendee,"Jun 13, 2011 at 1:00 PM",,,"Seattle, WA, United States",,,,Free Order,USD,0,0,0,0,0,Attending,eTicket,,,,,,,,,,,,"Linux system administration, automation, and infrastructure architectures",No,,,,,,,Linux Systems Engineer 2,"Marchex, Inc.",,,,,,,,http://marchex.com,,
38001069,"DevOps Workshop PDX, June 13, 2011",1693652761,DevOps Workshop,48781035,3800106948781040000,"May 18, 2011",Pham,Phillip,phillip.pham@webtrends.com,,Pham,Phillip,,phillip.pham@webtrends.com,1,Attendee,"Jun 13, 2011 at 1:00 PM",,,"Vancouver, WA, United States",,,,Free Order,USD,0,0,0,0,0,Attending,eTicket,,,,,,,,,,,,Everything!,Yes,,,,,,,NOC Administrator,Webtrends,,,,,,,,,,
38002151,"DevOps Workshop PDX, June 13, 2011",1693652761,DevOps Workshop,48782317,3800215148782320000,"May 18, 2011",Bento,Aaron,rkive@mac.com,,Bento,Aaron,,rkive@mac.com,1,Attendee,"Jun 13, 2011 at 1:00 PM",,,"Omaha, NE, United States",,,eorg,Free Order,USD,0,0,0,0,0,Attending,eTicket,,,,,,,,,,,,"Continuous Deployment
Configuration Management w/Chef
Socializing DevOps concepts internally",No,,,,,,,Sr. Systems Administrator,Infogroup,,,,,,,,,,
39626685,"DevOps Workshop PDX, June 13, 2011",1693652761,DevOps Workshop,50802571,3962668550802570000,"Jun 3, 2011",Parr,Randall,RParr@TemporalArts.com,,Parr,Randall,,RParr@TemporalArts.com,1,Attendee,"Jun 13, 2011 at 1:00 PM",,,"Portland, OR, United States",,,,Free Order,USD,0,0,0,0,0,Attending,eTicket,,,,,,,,,,,,"System/Network Administration
Web Development
Jobs/Hiring
Health Care IT",No,,,,,,,owner,Temporal Arts,,,,,,,,,,
38004749,"DevOps Workshop PDX, June 13, 2011",1693652761,DevOps Workshop,48785341,3800474948785340000,"May 18, 2011",Otis,Ryan,ryan.otis@webtrends.com,,Otis,Ryan,,ryan.otis@webtrends.com,1,Attendee,"Jun 13, 2011 at 1:00 PM",,,"Vancouver, WA, United States",,,,Free Order,USD,0,0,0,0,0,Attending,eTicket,,,,,,,,,,,,Systems automation.,No,,,,,,,Systems Architect,Webtrends,,,,,,,,,,
39637919,"DevOps Workshop PDX, June 13, 2011",1693652761,DevOps Workshop,50816815,3963791950816810000,"Jun 3, 2011",Bigelow,Scott,scott@acureo.com,,Bigelow,Scott,,scott@acureo.com,1,Attendee,"Jun 13, 2011 at 1:00 PM",,,"Seattle, WA, United States",,,eorg,Free Order,USD,0,0,0,0,0,Attending,eTicket,,,,,,,,,,,,"Operations, development, version control, configuration management",No,,,,,,,Sr Systems Administrator,Acureo,,,,,,,,,,
39816347,"DevOps Workshop PDX, June 13, 2011",1693652761,DevOps Workshop,51041865,3981634751041860000,"Jun 6, 2011",Kane,Sean,sean.kane@rentrak.com,,Kane,Sean,,sean.kane@rentrak.com,1,Attendee with donation,"Jun 13, 2011 at 1:00 PM",,,"Gresham, OR, United States",,,,PayPal Completed,USD,26.61,1.61,1.61,0,0,Attending,eTicket,,,,,,,,,,,,DevOps and InfraOps,Yes,,,,,,,Lead Systems Engineer,Rentrak,,,,,,,,,,
37953059,"DevOps Workshop PDX, June 13, 2011",1693652761,DevOps Workshop,48722633,3795305948722630000,"May 18, 2011",Stahnke,Michael,stahnma@puppetlabs.com,,Stahnke,Michael,,stahnma@puppetlabs.com,1,Attendee,"Jun 13, 2011 at 1:00 PM",,,"Nashville, TN, United States",,,eorg,Free Order,USD,0,0,0,0,0,Attending,eTicket,,,,,,,,,,,,Automation measurement and feedback. Integration with toolchain.  DevOps beyond WebOps. ,No,,,,,,,Release Manager,Puppet Labs,,,,,,,,http://puppetlabs.com,,
39464837,"DevOps Workshop PDX, June 13, 2011",1693652761,DevOps Workshop,50599505,3946483750599500000,"Jun 2, 2011",Weber,Stephen,stephen.t.weber@gmail.com,,Weber,Stephen,,stephen.t.weber@gmail.com,1,Attendee,"Jun 13, 2011 at 1:00 PM",,,"Phoenix, OR, United States",,,,Free Order,USD,0,0,0,0,0,Attending,eTicket,,,,,,,,,,,,"shared procedures and orchestration, measurement/monitoring, DevOps versus the world",Yes,,,,,,,Developer,TherapySites.com,,,,,,,,http://www.therapysites.com,,
37950119,"DevOps Workshop PDX, June 13, 2011",1693652761,DevOps Workshop,48719021,3795011948719020000,"May 18, 2011",Driggers,Tim,tdriggers@rooflabs.com,,Driggers,Tim,,tdriggers@rooflabs.com,1,Attendee,"Jun 13, 2011 at 1:00 PM",,,"Arlington, WA, United States",,,eorg,Free Order,USD,0,0,0,0,0,Attending,eTicket,,,,,,,,,,,,"Devops, automation, culture",No,,,,,,,VP of Technology,LexBlog,,,,,,,,,http://www.rooflabs.net,
38187567,"DevOps Workshop PDX, June 13, 2011",1693652761,DevOps Workshop,49009701,3818756749009700000,"May 19, 2011",Flowers,Tim,tflowers@marchex.com,,Flowers,Tim,,tflowers@marchex.com,1,Attendee,"Jun 13, 2011 at 1:00 PM",,,"Seattle, WA, United States",,,,Free Order,USD,0,0,0,0,0,Attending,eTicket,,,,,,,,,,,,"Devops, Continuous deployment, Infrastructure as code, Automation",No,,,,,,,Manager - Production Operations,Marchex,,,,,,,,http://marchex.com,,
38001731,"DevOps Workshop PDX, June 13, 2011",1693652761,DevOps Workshop,48781855,3800173148781860000,"May 18, 2011",Smith,Tim,tim.smith@webtrends.com,,Smith,Tim,,tim.smith@webtrends.com,1,Attendee,"Jun 13, 2011 at 1:00 PM",,,"Vancouver, WA, United States",,,,Free Order,USD,0,0,0,0,0,Attending,eTicket,,,,,,,,,,,,Scaling automation systems and customizing those systems to meet the organizations need,Yes,,,,,,,NOC Administrator,Webtrends,,,,,,,,http://www.webtrends.com,,
39426009,"DevOps Workshop PDX, June 13, 2011",1693652761,DevOps Workshop,50552537,3942600950552540000,"Jun 2, 2011",Wagle,Perry,wagle@mac.com,,Wagle,Perry,,wagle@mac.com,1,Attendee,"Jun 13, 2011 at 1:00 PM",,,Unknown Location,,,,Free Order,USD,0,0,0,0,0,Attending,eTicket,,,,,,,,,,,,Cross-Compilation,Yes,,,,,,,Software Scientist,Cognodica,,,,,,,,,,
