Event Name,Event ID,Organizer Name,Attendee #,Barcode #,Order Date,Buyer Last Name,Buyer First Name,Buyer Email,Prefix,Last Name,First Name,Suffix,Email,Quantity,Ticket Type,Date Attending,Device #,Check-In Date,IP Location,Discount,Group,Affiliate,Order #,Order Type,Currency,Total Paid,Fees Paid,Eventbrite Fees,Eventbrite Payment Processing,Tax Paid,Attendee Status,Ticket Delivery Method,Home Address 1,Home Address 2,Home City,Home State,Home Zip,Home Country,Home Phone,Cell Phone,Gender,Age,Birth Date,Please suggest a topic for an unconference session,Would you like to receive BigData-related emails from our event sponsors.,Shipping Address 1,Shipping Address 2,Shipping City,Shipping State,Shipping Zip,Shipping Country,Job Title,Company,Work Address 1,Work Address 2,Work City,Work State,Work Zip,Work Country,Work Phone,Website,Blog,Notes
"BigDataCamp Delhi Sept 10, 2011",2051489059,BigDataCamp,60582861,4745188360582860000,"Aug 24, 2011",Mahajan,Harsh,123.harsh@gmail.com,,Mahajan,Harsh,,123.harsh@gmail.com,1,BigDataCamp Attendee,"Sep 10, 2011 at 9:30 AM",,,"Agra, India",,,,47451883,Free Order,USD,0,0,0,0,0,Attending,eTicket,,,,,,,,,,,,The future of AaaS,Yes,,,,,,,Meerut UG Lead,Brains Unleashed,,,,,,,9917312076,http://brainsunleashed.org,http://techfanas.com,
"BigDataCamp Delhi Sept 10, 2011",2051489059,BigDataCamp,62144180,4864869462144180000,"Sep 5, 2011",srivastava,shivangi,aanyasri14@gmail.com,,srivastava,shivangi,,aanyasri14@gmail.com,1,BigDataCamp Attendee,"Sep 10, 2011 at 9:30 AM",,,"Ghaziabad, India",,,,48648694,Free Order,USD,0,0,0,0,0,Attending,eTicket,,,,,,,,,,,,,No,,,,,,,student,RKGIT,,,,,,,,,,
"BigDataCamp Delhi Sept 10, 2011",2051489059,BigDataCamp,60588225,4745609360588220000,"Aug 24, 2011",Kothari,Abhinandan,abhinandankothari@gmail.com,,Kothari,Abhinandan,,abhinandankothari@gmail.com,1,BigDataCamp Attendee,"Sep 10, 2011 at 9:30 AM",,,"Delhi, India",,,,47456093,Free Order,USD,0,0,0,0,0,Attending,eTicket,,,,,,,,,,,,,Yes,,,,,,,Student,Amity University,,,,,,,,,,
"BigDataCamp Delhi Sept 10, 2011",2051489059,BigDataCamp,59929413,4692930959929410000,"Aug 19, 2011",Dhandh,Abhinav ,abhinavdhandh@gmail.com,,Dhandh,Abhinav ,,abhinavdhandh@gmail.com,1,BigDataCamp Attendee,"Sep 10, 2011 at 9:30 AM",,,"Delhi, India",,,,46929309,Free Order,USD,0,0,0,0,0,Attending,eTicket,,,,,,,,,,,,"Cloud Apps Developement,
Cloud Scalability,
App Fabric",Yes,,,,,,,Developer,"JSSATE, Noida",,,,,,,,,,
"BigDataCamp Delhi Sept 10, 2011",2051489059,BigDataCamp,61355463,4804185361355460000,"Aug 30, 2011",TIWARI,ABHISHEK,abhishekt183@gmail.com,,TIWARI,ABHISHEK,,abhishekt183@gmail.com,1,BigDataCamp Attendee,"Sep 10, 2011 at 9:30 AM",,,"Ghaziabad, India",,,,48041853,Free Order,USD,0,0,0,0,0,Attending,eTicket,,,,,,,,,,,,,Yes,,,,,,,STUDENT,RKGIT GHAZIABAD,,,,,,,9454142935,,,
"BigDataCamp Delhi Sept 10, 2011",2051489059,BigDataCamp,62655004,4905839062655010000,"Sep 8, 2011",Pandey,Achal,achal.pandey@operasolutions.com,,Pandey,Achal,,achal.pandey@operasolutions.com,1,BigDataCamp Attendee,"Sep 10, 2011 at 9:30 AM",,,"Delhi, India",,,,49058390,Free Order,USD,0,0,0,0,0,Attending,eTicket,,,,,,,,,,,,,Yes,,,,,,,"Analytics Specialist ,Software",Opera Solutions,,,,,,,,http://www.operasolutions.com,,
"BigDataCamp Delhi Sept 10, 2011",2051489059,BigDataCamp,61382873,4806320561382870000,"Aug 31, 2011",aggarwal,prachi,aggarwal.prachi16991@gmail.com,,aggarwal,prachi,,aggarwal.prachi16991@gmail.com,1,BigDataCamp Attendee,"Sep 10, 2011 at 9:30 AM",,,"Delhi, India",,,,48063205,Free Order,USD,0,0,0,0,0,Attending,eTicket,,,,,,,,,,,,,Yes,,,,,,,student,rkgit,,,,,,,,,,
"BigDataCamp Delhi Sept 10, 2011",2051489059,BigDataCamp,62232256,4871970862232260000,"Sep 6, 2011",agrawal,pratham,agrawal.pratham301@gmail.com,,agrawal,pratham,,agrawal.pratham301@gmail.com,1,BigDataCamp Attendee,"Sep 10, 2011 at 9:30 AM",,,"Ghaziabad, India",,,,48719708,Free Order,USD,0,0,0,0,0,Attending,eTicket,,,,,,,,,,,,,Yes,,,,,,,student,none,,,,,,,,,,
"BigDataCamp Delhi Sept 10, 2011",2051489059,BigDataCamp,60600509,4746599760600510000,"Aug 25, 2011",Kumar,Ajay,ajaycpp@gmail.com,,Kumar,Ajay,,ajaycpp@gmail.com,1,BigDataCamp Attendee,"Sep 10, 2011 at 9:30 AM",,,"Calcutta, India",,,,47465997,Free Order,USD,0,0,0,0,0,Attending,eTicket,,,,,,,,,,,,Data management and Integration in Cloud Computing Enviornments,Yes,,,,,,,Asst Professor,Mewar University,,,,,,,9309014672,http://mewaruniversity.org,,
"BigDataCamp Delhi Sept 10, 2011",2051489059,BigDataCamp,62983940,4932185662983940000,"Sep 9, 2011",Kriplani,Akash,akash_kriplani04@yahoo.co.in,,Kriplani,Akash,,akash_kriplani04@yahoo.co.in,1,BigDataCamp Attendee,"Sep 10, 2011 at 9:30 AM",,,"Ghaziabad, India",,,,49321856,Free Order,USD,0,0,0,0,0,Attending,eTicket,,,,,,,,,,,,,Yes,,,,,,,student,rkgit gzb,,,,,,,9654847441,,,
"BigDataCamp Delhi Sept 10, 2011",2051489059,BigDataCamp,60613235,4747616760613230000,"Aug 25, 2011",Agrawal,Akash,akash@techophilia.in,,Agrawal,Akash,,akash@techophilia.in,1,BigDataCamp Attendee,"Sep 10, 2011 at 9:30 AM",,,"Ghaziabad, India",,,,47476167,Free Order,USD,0,0,0,0,0,Attending,eTicket,,,,,,,,,,,,,Yes,,,,,,,co-founder,Techophilia,,,,,,,9891419321,http://www.techophilia.in,http://www.techophilia.in,
"BigDataCamp Delhi Sept 10, 2011",2051489059,BigDataCamp,62141970,4864697262141970000,"Sep 5, 2011",Parveen,Hina,alishajaved21@gmail.com,,Parveen,Hina,,alishajaved21@gmail.com,1,BigDataCamp Attendee,"Sep 10, 2011 at 9:30 AM",,,"Ghaziabad, India",,,,48646972,Free Order,USD,0,0,0,0,0,Attending,eTicket,,,,,,,,,,,,,Yes,,,,,,,Student,Techophilia,,,,,,,8800615149,http://www.techophilia.in,,
"BigDataCamp Delhi Sept 10, 2011",2051489059,BigDataCamp,62836714,4920476062836710000,"Sep 8, 2011",singhania,ambika,ambika.singhnaia@gmail.com,,singhania,ambika,,ambika.singhnaia@gmail.com,1,BigDataCamp Attendee,"Sep 10, 2011 at 9:30 AM",,,"Gurgaon, India",,,,49204760,Free Order,USD,0,0,0,0,0,Attending,eTicket,,,,,,,,,,,,,Yes,,,,,,,student ,rkgit,,,,,,,,,,
"BigDataCamp Delhi Sept 10, 2011",2051489059,BigDataCamp,62129630,4863706862129630000,"Sep 5, 2011",Agrawal,Amit,amitagr2k8@gmail.com,,Agrawal,Amit,,amitagr2k8@gmail.com,1,BigDataCamp Attendee,"Sep 10, 2011 at 9:30 AM",,,"Ghaziabad, India",,,,48637068,Free Order,USD,0,0,0,0,0,Attending,eTicket,,,,,,,,,,,,Web Development,Yes,,,,,,,Student,Techophilia,,,,,,,9555879771,http://www.techophilia.in,,
"BigDataCamp Delhi Sept 10, 2011",2051489059,BigDataCamp,61993800,4852830461993800000,"Sep 3, 2011",Chauhan,Amit,amitchauhan115@gmail.com,,Chauhan,Amit,,amitchauhan115@gmail.com,1,BigDataCamp Attendee,"Sep 10, 2011 at 9:30 AM",,,"Delhi, India",,,,48528304,Free Order,USD,0,0,0,0,0,Attending,eTicket,,,,,,,,,,,,,Yes,,,,,,,Student,none,,,,,,,,,,
"BigDataCamp Delhi Sept 10, 2011",2051489059,BigDataCamp,61253129,4796610561253130000,"Aug 30, 2011",Gaurav,Amrita,amritagrv24@gmail.com,,Gaurav,Amrita,,amritagrv24@gmail.com,1,BigDataCamp Attendee,"Sep 10, 2011 at 9:30 AM",,,"Ghaziabad, India",,,,47966105,Free Order,USD,0,0,0,0,0,Attending,eTicket,,,,,,,,,,,,,Yes,,,,,,,student,"RKGIT, Ghaziabad",,,,,,,,,,
"BigDataCamp Delhi Sept 10, 2011",2051489059,BigDataCamp,62308268,4878042462308270000,"Sep 6, 2011",Badjatya,Amul,amul.pdf@gmail.com,,Badjatya,Amul,,amul.pdf@gmail.com,1,BigDataCamp Attendee,"Sep 10, 2011 at 9:30 AM",,,"Delhi, India",,,,48780424,Free Order,USD,0,0,0,0,0,Attending,eTicket,,,,,,,,,,,,,Yes,,,,,,,Analyst,WNS Global Services Gurgaon,,,,,,,9910209281,www.amulbadjatya.com,,
"BigDataCamp Delhi Sept 10, 2011",2051489059,BigDataCamp,60597881,4746378360597880000,"Aug 25, 2011",jain,anand,anand1986jain@gmail.com,,jain,anand,,anand1986jain@gmail.com,1,BigDataCamp Attendee,"Sep 10, 2011 at 9:30 AM",,,"Delhi, India",,,,47463783,Free Order,USD,0,0,0,0,0,Attending,eTicket,,,,,,,,,,,,,Yes,,,,,,,bpo,wipro,,,,,,,,,,
"BigDataCamp Delhi Sept 10, 2011",2051489059,BigDataCamp,61713479,4830554961713480000,"Sep 1, 2011",Rai,Anjali,Anjalipinkgal@gmail.com,,Rai,Anjali,,Anjalipinkgal@gmail.com,1,BigDataCamp Attendee,"Sep 10, 2011 at 9:30 AM",,,"Los Angeles, CA, United States",,,eorgf,48305549,Free Order,USD,0,0,0,0,0,Attending,eTicket,,,,,,,,,,,,,No,,,,,,,Student,Iec-cet,,,,,,,,,,
"BigDataCamp Delhi Sept 10, 2011",2051489059,BigDataCamp,62028838,4855698462028840000,"Sep 4, 2011",Tiwari,Ankit,ankit@techophilia.in,,Tiwari,Ankit,,ankit@techophilia.in,1,BigDataCamp Attendee,"Sep 10, 2011 at 9:30 AM",,,"Lucknow, India",,,,48556984,Free Order,USD,0,0,0,0,0,Attending,eTicket,,,,,,,,,,,,,Yes,,,,,,,Co-founder,Techophilia,,,,,,,9540336396,http://www.techophilia.in,http://my.opera.com/voxedup,
"BigDataCamp Delhi Sept 10, 2011",2051489059,BigDataCamp,61786474,4836223661786470000,"Sep 2, 2011",VERMA,ANKIT,ankitverma20009@gmail.com,,VERMA,ANKIT,,ankitverma20009@gmail.com,1,BigDataCamp Attendee,"Sep 10, 2011 at 9:30 AM",,,"Ghaziabad, India",,,,48362236,Free Order,USD,0,0,0,0,0,Attending,eTicket,,,,,,,,,,,,,Yes,,,,,,,Student,RKGIT Ghaziabad,,,,,,,9999432698,,,
"BigDataCamp Delhi Sept 10, 2011",2051489059,BigDataCamp,60899355,4769501360899360000,"Aug 27, 2011",Singh,Akanksha,anku.dsc.31@gmail.com,,Singh,Akanksha,,anku.dsc.31@gmail.com,1,BigDataCamp Attendee,"Sep 10, 2011 at 9:30 AM",,,"Delhi, India",,,,47695013,Free Order,USD,0,0,0,0,0,Attending,eTicket,,,,,,,,,,,,,No,,,,,,,Student,Delhi University,,,,,,,9910407529,,,
"BigDataCamp Delhi Sept 10, 2011",2051489059,BigDataCamp,61574671,4820148961574670000,"Sep 1, 2011",sonkar,anshul,anshulkumarsonkar@gmail.com,,sonkar,anshul,,anshulkumarsonkar@gmail.com,1,BigDataCamp Attendee,"Sep 10, 2011 at 9:30 AM",,,"Ghaziabad, India",,,,48201489,Free Order,USD,0,0,0,0,0,Attending,eTicket,,,,,,,,,,,,,Yes,,,,,,,student,rkgit,,,,,,,9411902269,,,
"BigDataCamp Delhi Sept 10, 2011",2051489059,BigDataCamp,61385753,4806556561385750000,"Aug 31, 2011",sharma,anuj,anujsharma033@gmail.com,,sharma,anuj,,anujsharma033@gmail.com,1,BigDataCamp Attendee,"Sep 10, 2011 at 9:30 AM",,,"Ghaziabad, India",,,,48065565,Free Order,USD,0,0,0,0,0,Attending,eTicket,,,,,,,,,,,,,Yes,,,,,,,student,rkgit,,,,,,,9911388978,,,
"BigDataCamp Delhi Sept 10, 2011",2051489059,BigDataCamp,62920580,4927100862920580000,"Sep 9, 2011",Saxena,Anurag,anurag.saxena@impetus.co.in,,Saxena,Anurag ,,anurag.saxena@impetus.co.in,1,BigDataCamp Attendee,"Sep 10, 2011 at 9:30 AM",,,"New York, NY, United States",,,,49271008,Free Order,USD,0,0,0,0,0,Attending,eTicket,,,,,,,,,,,,,Yes,,,,,,,Software Engineer,Impetus Infotech India Pvt. Ltd.,,,,,,,,http://impetus.com,,
"BigDataCamp Delhi Sept 10, 2011",2051489059,BigDataCamp,61442223,4810890161442220000,"Aug 31, 2011",Sinha,Anurag,anuragsinha444@gmail.com,,Sinha,Anurag,,anuragsinha444@gmail.com,1,BigDataCamp Attendee,"Sep 10, 2011 at 9:30 AM",,,A1,,,,48108901,Free Order,USD,0,0,0,0,0,Attending,eTicket,,,,,,,,,,,,,Yes,,,,,,,Student,RKGIT,,,,,,,8285488208,,,
"BigDataCamp Delhi Sept 10, 2011",2051489059,BigDataCamp,61254043,4796687161254040000,"Aug 30, 2011",Porwal,Ankur,aporwal72@gmail.com,,Porwal,Ankur,,aporwal72@gmail.com,1,BigDataCamp Attendee,"Sep 10, 2011 at 9:30 AM",,,"Mumbai, India",,,,47966871,Free Order,USD,0,0,0,0,0,Attending,eTicket,,,,,,,,,,,,,Yes,,,,,,,Student,R.K.G.I.T,,,,,,,,,,
"BigDataCamp Delhi Sept 10, 2011",2051489059,BigDataCamp,61959840,4850054461959840000,"Sep 3, 2011",Goyal,Ankit,aqua.ankit@yahoo.co.in,,Goyal,Ankit,,aqua.ankit@yahoo.co.in,1,BigDataCamp Attendee,"Sep 10, 2011 at 9:30 AM",,,"Ghaziabad, India",,,erec,48500544,Free Order,USD,0,0,0,0,0,Attending,eTicket,,,,,,,,,,,,,No,,,,,,,Fresher,N/A,,,,,,,,,,
"BigDataCamp Delhi Sept 10, 2011",2051489059,BigDataCamp,62143004,4864780662143010000,"Sep 5, 2011",SRIVASTAV,ROY APOORV,archentos@gmail.com,,SRIVASTAV,ROY APOORV,,archentos@gmail.com,1,BigDataCamp Attendee,"Sep 10, 2011 at 9:30 AM",,,"Ghaziabad, India",,,,48647806,Free Order,USD,0,0,0,0,0,Attending,eTicket,,,,,,,,,,,,,No,,,,,,,C.E.O,"Techophilia, INDIA",,,,,,,9540336396,http://techophilia.in,,
"BigDataCamp Delhi Sept 10, 2011",2051489059,BigDataCamp,61963764,4850373261963760000,"Sep 3, 2011",Jain,Archita,architajain.princy@gmail.com,,Jain,Archita,,architajain.princy@gmail.com,1,BigDataCamp Attendee,"Sep 10, 2011 at 9:30 AM",,,"Delhi, India",,,,48503732,Free Order,USD,0,0,0,0,0,Attending,eTicket,,,,,,,,,,,,Cloud Computing,Yes,,,,,,,Student,Amity University,,,,,,,9891247251,,,
"BigDataCamp Delhi Sept 10, 2011",2051489059,BigDataCamp,62146602,4865060262146600000,"Sep 5, 2011",Sachdeva,Arpit,arpitsachdeva888@gmail.com,,Sachdeva,Arpit,,arpitsachdeva888@gmail.com,1,BigDataCamp Attendee,"Sep 10, 2011 at 9:30 AM",,,"Ghaziabad, India",,,,48650602,Free Order,USD,0,0,0,0,0,Attending,eTicket,,,,,,,,,,,,,Yes,,,,,,,Student,RKGIT,,,,,,,,,,
"BigDataCamp Delhi Sept 10, 2011",2051489059,BigDataCamp,61278987,4798474361278990000,"Aug 30, 2011",jaiswal,arushi,arushi0603@gmail.com,,jaiswal,arushi,,arushi0603@gmail.com,1,BigDataCamp Attendee,"Sep 10, 2011 at 9:30 AM",,,"Delhi, India",,,,47984743,Free Order,USD,0,0,0,0,0,Attending,eTicket,,,,,,,,,,,,,Yes,,,,,,,student,rkgit,,,,,,,,,,
"BigDataCamp Delhi Sept 10, 2011",2051489059,BigDataCamp,61414849,4808796761414850000,"Aug 31, 2011",srivastava,ankita ,asfriendlyannu@gmail.com,,srivastava,ankita ,,asfriendlyannu@gmail.com,1,BigDataCamp Attendee,"Sep 10, 2011 at 9:30 AM",,,"Ghaziabad, India",,,,48087967,Free Order,USD,0,0,0,0,0,Attending,eTicket,,,,,,,,,,,,,Yes,,,,,,,student,RKGIT,,,,,,,,,,
"BigDataCamp Delhi Sept 10, 2011",2051489059,BigDataCamp,62874396,4923419662874400000,"Sep 8, 2011",Jain,Ashish,ashish.aj01@gmail.com,,Jain,Ashish,,ashish.aj01@gmail.com,1,BigDataCamp Attendee,"Sep 10, 2011 at 9:30 AM",,,"Delhi, India",,,,49234196,Free Order,USD,0,0,0,0,0,Attending,eTicket,,,,,,,,,,,,,Yes,,,,,,,TechAssociate,TechM,,,,,,,,,,
"BigDataCamp Delhi Sept 10, 2011",2051489059,BigDataCamp,61287571,4799114761287570000,"Aug 30, 2011",nigam,surya,asmartsurya980870@gmail.com,,nigam,surya,,asmartsurya980870@gmail.com,1,BigDataCamp Attendee,"Sep 10, 2011 at 9:30 AM",,,"Ghaziabad, India",,,,47991147,Free Order,USD,0,0,0,0,0,Attending,eTicket,,,,,,,,,,,,,Yes,,,,,,,student,RKGIT,,,,,,,,,,
"BigDataCamp Delhi Sept 10, 2011",2051489059,BigDataCamp,61355085,4804153961355090000,"Aug 30, 2011",Mishra,Avantika,avantikaspace1@yahoo.com,,Mishra,Avantika,,avantikaspace1@yahoo.com,1,BigDataCamp Attendee,"Sep 10, 2011 at 9:30 AM",,,"Ghaziabad, India",,,,48041539,Free Order,USD,0,0,0,0,0,Attending,eTicket,,,,,,,,,,,,,Yes,,,,,,,student,R.K.G.I.T,,,,,,,,,,
"BigDataCamp Delhi Sept 10, 2011",2051489059,BigDataCamp,61401243,4807773161401240000,"Aug 31, 2011",Sahai,Avichal,avichalsahai2008@gmail.com,,Sahai,Avichal,,avichalsahai2008@gmail.com,1,BigDataCamp Attendee,"Sep 10, 2011 at 9:30 AM",,,"New Delhi, India",,,,48077731,Free Order,USD,0,0,0,0,0,Attending,eTicket,,,,,,,,,,,,Basic Networking Concept,Yes,,,,,,,Student,Galgotias University,,,,,,,9871787174,,,
"BigDataCamp Delhi Sept 10, 2011",2051489059,BigDataCamp,62901722,4925581262901720000,"Sep 9, 2011",panwar,ayush,ayushpanwar1990@gmail.com,,panwar,ayush,,ayushpanwar1990@gmail.com,1,BigDataCamp Attendee,"Sep 10, 2011 at 9:30 AM",,,"Delhi, India",,,,49255812,Free Order,USD,0,0,0,0,0,Attending,eTicket,,,,,,,,,,,,,Yes,,,,,,,student,rkgit,,,,,,,,,,
"BigDataCamp Delhi Sept 10, 2011",2051489059,BigDataCamp,60600159,4746568360600160000,"Aug 25, 2011",Chawla,Sonam,chawlasonam11@gmail.com,,Chawla,Sonam,,chawlasonam11@gmail.com,1,BigDataCamp Attendee,"Sep 10, 2011 at 9:30 AM",,,"Bangalore, India",,,,47465683,Free Order,USD,0,0,0,0,0,Attending,eTicket,,,,,,,,,,,,,Yes,,,,,,,Senior Software Engineer,Samsung India Software Operations,,,,,,,,,,
"BigDataCamp Delhi Sept 10, 2011",2051489059,BigDataCamp,61368601,4805206961368600000,"Aug 31, 2011",Singh,Chitrarth,chitrarth01@gmail.com,,Singh,Chitrarth,,chitrarth01@gmail.com,1,BigDataCamp Attendee,"Sep 10, 2011 at 9:30 AM",,,"Delhi, India",,,,48052069,Free Order,USD,0,0,0,0,0,Attending,eTicket,,,,,,,,,,,,,Yes,,,,,,,Student,RKGIT,,,,,,,8285488209,,,
"BigDataCamp Delhi Sept 10, 2011",2051489059,BigDataCamp,61352253,4803940561352250000,"Aug 30, 2011",Garg,Vishakha,choti.vish@rediffmail.com,,Garg,Vishakha,,choti.vish@rediffmail.com,1,BigDataCamp Attendee,"Sep 10, 2011 at 9:30 AM",,,"Ghaziabad, India",,,,48039405,Free Order,USD,0,0,0,0,0,Attending,eTicket,,,,,,,,,,,,,Yes,,,,,,,student,R.K.G.I.T,,,,,,,,,,
"BigDataCamp Delhi Sept 10, 2011",2051489059,BigDataCamp,61363673,4804800161363670000,"Aug 31, 2011",sachan,mayank,codeburster@gmail.com,,Sachan,Mayank,,codeburster@gmail.com,1,BigDataCamp Attendee,"Sep 10, 2011 at 9:30 AM",,,"Delhi, India",,,,48048001,Free Order,USD,0,0,0,0,0,Attending,eTicket,,,,,,,,,,,,,Yes,,,,,,,student,NIET,,,,,,,9718797629,,,
"BigDataCamp Delhi Sept 10, 2011",2051489059,BigDataCamp,61259137,4797084361259140000,"Aug 30, 2011",Sharma,Apoorva,coolio696@yahoo.com,,Sharma,Apoorva,,coolio696@yahoo.com,1,BigDataCamp Attendee,"Sep 10, 2011 at 9:30 AM",,,"Ghaziabad, India",,,,47970843,Free Order,USD,0,0,0,0,0,Attending,eTicket,,,,,,,,,,,,,Yes,,,,,,,student,"RKGIT,Ghaziabad",,,,,,,,,,
"BigDataCamp Delhi Sept 10, 2011",2051489059,BigDataCamp,61644743,4825365961644740000,"Sep 1, 2011",Kumar,Rajeev,cosmicrajeev@gmail.com,,Kumar,Rajeev,,cosmicrajeev@gmail.com,1,BigDataCamp Attendee,"Sep 10, 2011 at 9:30 AM",,,"Ghaziabad, India",,,,48253659,Free Order,USD,0,0,0,0,0,Attending,eTicket,,,,,,,,,,,,,Yes,,,,,,,student,"RKGIT,Gzb",,,,,,,8010124858,,,
"BigDataCamp Delhi Sept 10, 2011",2051489059,BigDataCamp,61352795,4803979961352800000,"Aug 30, 2011",Agrawal,Ankita,cute.vimmu@gmail.com,,Agrawal,Ankita,,cute.vimmu@gmail.com,1,BigDataCamp Attendee,"Sep 10, 2011 at 9:30 AM",,,"Ghaziabad, India",,,,48039799,Free Order,USD,0,0,0,0,0,Attending,eTicket,,,,,,,,,,,,,Yes,,,,,,,student,R.K.G.I.T,,,,,,,,,,
"BigDataCamp Delhi Sept 10, 2011",2051489059,BigDataCamp,61444025,4811022561444030000,"Aug 31, 2011",gautam,vimeet,dashingvimeet@gmail.com,,gautam,vimeet,,dashingvimeet@gmail.com,1,BigDataCamp Attendee,"Sep 10, 2011 at 9:30 AM",,,"Ghaziabad, India",,,,48110225,Free Order,USD,0,0,0,0,0,Attending,eTicket,,,,,,,,,,,,computer security,Yes,,,,,,,student,rkgit,,,,,,,8882393674,,,
"BigDataCamp Delhi Sept 10, 2011",2051489059,BigDataCamp,61352959,4803992561352960000,"Aug 30, 2011",Shikha,Deep,deep.pumpy@gmail.com,,Shikha,Deep,,deep.pumpy@gmail.com,1,BigDataCamp Attendee,"Sep 10, 2011 at 9:30 AM",,,"Ghaziabad, India",,,,48039925,Free Order,USD,0,0,0,0,0,Attending,eTicket,,,,,,,,,,,,,Yes,,,,,,,student,R.K.G.I.T,,,,,,,,,,
"BigDataCamp Delhi Sept 10, 2011",2051489059,BigDataCamp,60954211,4773731760954210000,"Aug 28, 2011",bajaj,deepak,deepakbajaj.niet@gmail.com,,bajaj,deepak,,deepakbajaj.niet@gmail.com,1,BigDataCamp Attendee,"Sep 10, 2011 at 9:30 AM",,,"Delhi, India",,,,47737317,Free Order,USD,0,0,0,0,0,Attending,eTicket,,,,,,,,,,,,windows azure,Yes,,,,,,,developer,niet,,,,,,,,,,
"BigDataCamp Delhi Sept 10, 2011",2051489059,BigDataCamp,59845177,4686327759845180000,"Aug 19, 2011",Goyal,Deepak,deepakgoyal86@gmail.com,,Goyal,Deepak,,deepakgoyal86@gmail.com,1,BigDataCamp Attendee,"Sep 10, 2011 at 9:30 AM",,,"Roanoke, TX, United States",,,,46863277,Free Order,USD,0,0,0,0,0,Attending,eTicket,,,,,,,,,,,,,No,,,,,,,Senior Software Developer,NIIT Technologies,,,,,,,,,,
"BigDataCamp Delhi Sept 10, 2011",2051489059,BigDataCamp,61771588,4835022261771590000,"Sep 2, 2011",Singh,Devendra ,devendrasingh@campustechies.com,,singh ,Devendra ,,devendrasingh@camputechies.com,1,BigDataCamp Attendee,"Sep 10, 2011 at 9:30 AM",,,"Delhi, India",,,,48350222,Free Order,USD,0,0,0,0,0,Attending,eTicket,,,,,,,,,,,,,Yes,,,,,,,Graduate Engineer Trainee ,HCLISD,,,,,,,,http://www.rkglug.org,http://www.campustechies.com,
"BigDataCamp Delhi Sept 10, 2011",2051489059,BigDataCamp,62460054,4890222662460050000,"Sep 7, 2011",goel,divya,dhan.vati.g@gmail.com,,goel,divya,,dhan.vati.g@gmail.com,1,BigDataCamp Attendee,"Sep 10, 2011 at 9:30 AM",,,"Ghaziabad, India",,,,48902226,Free Order,USD,0,0,0,0,0,Attending,eTicket,,,,,,,,,,,,,Yes,,,,,,,student,rkgit,,,,,,,9711782091,,,
"BigDataCamp Delhi Sept 10, 2011",2051489059,BigDataCamp,60681331,4752950760681330000,"Aug 25, 2011",maurya,Dhananjay,dhananjay24dj@gmail.com,,maurya,Dhananjay,,dhananjay24dj@gmail.com,1,BigDataCamp Attendee,"Sep 10, 2011 at 9:30 AM",,,"Ghaziabad, India",,,efbnen,47529507,Free Order,USD,0,0,0,0,0,Attending,eTicket,,,,,,,,,,,,,Yes,,,,,,,student,Techophilia,,,,,,,9582285729,,http://www.techophilia.in,
"BigDataCamp Delhi Sept 10, 2011",2051489059,BigDataCamp,62646354,4905188462646350000,"Sep 7, 2011",Saripalli,Dhanaraj,dhansar@hotmail.com,,Saripalli,Dhanaraj,,dhansar@hotmail.com,1,BigDataCamp Attendee,"Sep 10, 2011 at 9:30 AM",,,"Delhi, India",,,,49051884,Free Order,USD,0,0,0,0,0,Attending,eTicket,,,,,,,,,,,,,Yes,,,,,,,AVP,Vayam Technologies Ltd.,,,,,,,9650768880,http://vayamtech.com,,
"BigDataCamp Delhi Sept 10, 2011",2051489059,BigDataCamp,62880720,4923910062880720000,"Sep 8, 2011",K,Dharmendra,dharm@iapps.in,,K,Dharmendra,,dharm@iapps.in,1,BigDataCamp Attendee,"Sep 10, 2011 at 9:30 AM",,,"New Delhi, India",,,,49239100,Free Order,USD,0,0,0,0,0,Attending,eTicket,,,,,,,,,,,,,No,,,,,,,Researcher,iApps,,,,,,,,,,
"BigDataCamp Delhi Sept 10, 2011",2051489059,BigDataCamp,62227668,4871609062227670000,"Sep 6, 2011",Gupta,Dhruv,dhruv@producteyes.com,,Gupta,Dhruv,,dhruv@producteyes.com,1,BigDataCamp Attendee,"Sep 10, 2011 at 9:30 AM",,,"Delhi, India",,,,48716090,Free Order,USD,0,0,0,0,0,Attending,eTicket,,,,,,,,,,,,,No,,,,,,,Owner,Producteyes,,,,,,,,,,
"BigDataCamp Delhi Sept 10, 2011",2051489059,BigDataCamp,61165689,4789963161165690000,"Aug 29, 2011",Ruhela,Dinesh,dinesh.jony@gmail.com,,Ruhela,Dinesh,,dinesh.jony@gmail.com,1,BigDataCamp Attendee,"Sep 10, 2011 at 9:30 AM",,,"Delhi, India",,,,47899631,Free Order,USD,0,0,0,0,0,Attending,eTicket,,,,,,,,,,,,,Yes,,,,,,,Web programmer ,CCRT,,,,,,,8860660272,,,
"BigDataCamp Delhi Sept 10, 2011",2051489059,BigDataCamp,61711699,4830434161711700000,"Sep 1, 2011",Sharma,Disha ,Dishmish_scorpio@yahoo.co.in,,Sharma,Disha,,Dishmish_scorpio@yahoo.co.in,1,BigDataCamp Attendee,"Sep 10, 2011 at 9:30 AM",,,"Los Angeles, CA, United States",,,eorgf,48304341,Free Order,USD,0,0,0,0,0,Attending,eTicket,,,,,,,,,,,,,Yes,,,,,,,Student,Iec-cet,,,,,,,,,,
"BigDataCamp Delhi Sept 10, 2011",2051489059,BigDataCamp,62915736,4926704462915740000,"Sep 9, 2011",Singh,Dhirendra,dpsdce@gmail.com,,Singh,Dhirendra,,dpsdce@gmail.com,1,BigDataCamp Attendee,"Sep 10, 2011 at 9:30 AM",,,"New Delhi, India",,,,49267044,Free Order,USD,0,0,0,0,0,Attending,eTicket,,,,,,,,,,,,,Yes,,,,,,,Software Engineer,Nextag,,,,,,,9717394713,http://Nextag.com,,
"BigDataCamp Delhi Sept 10, 2011",2051489059,BigDataCamp,60599867,4746547560599870000,"Aug 25, 2011",Sharma,Deepak,dsharma@cvent.com,,Sharma,Deepak,,dsharma@cvent.com,1,BigDataCamp Attendee,"Sep 10, 2011 at 9:30 AM",,,"New Delhi, India",,,,47465475,Free Order,USD,0,0,0,0,0,Attending,eTicket,,,,,,,,,,,,IAAS,Yes,,,,,,,Manager IS,Cvent,,,,,,,9811073112,,,
"BigDataCamp Delhi Sept 10, 2011",2051489059,BigDataCamp,62900972,4925516262900970000,"Sep 9, 2011",Kaur,Kiranpreet,ekiran.preet@gmail.com,,Kaur,Kiranpreet,,efarhatkhan@gmail.com,1,BigDataCamp Attendee,"Sep 10, 2011 at 9:30 AM",,,"Delhi, India",,,,49255162,Free Order,USD,0,0,0,0,0,Attending,eTicket,,,,,,,,,,,,,Yes,,,,,,,Software Engineer,Steria ,,,,,,,,,,
"BigDataCamp Delhi Sept 10, 2011",2051489059,BigDataCamp,62204364,4869632262204360000,"Sep 6, 2011",SHARMA,EKTA,ektasharma91@gmail.com,,SHARMA,EKTA,,ektasharma91@gmail.com,1,BigDataCamp Attendee,"Sep 10, 2011 at 9:30 AM",,,A1,,,efbnen,48696322,Free Order,USD,0,0,0,0,0,Attending,eTicket,,,,,,,,,,,,,Yes,,,,,,,General Secretary ,Techophilia,,,,,,,,,,
"BigDataCamp Delhi Sept 10, 2011",2051489059,BigDataCamp,61238335,4795539161238340000,"Aug 30, 2011",gupta,gaurav,eng.gaurav.1@gmail.com,,gupta,gaurav,,eng.gaurav.1@gmail.com,1,BigDataCamp Attendee,"Sep 10, 2011 at 9:30 AM",,,"Ghaziabad, India",,,,47955391,Free Order,USD,0,0,0,0,0,Attending,eTicket,,,,,,,,,,,,,Yes,,,,,,,student,rkgit,,,,,,,,http://rkgit.edu,,
"BigDataCamp Delhi Sept 10, 2011",2051489059,BigDataCamp,62092516,4860810462092520000,"Sep 4, 2011",saxena,abhinav,er.saxena.abhinav@gmail.com,,saxena,abhinav,,er.saxena.abhinav@gmail.com,1,BigDataCamp Attendee,"Sep 10, 2011 at 9:30 AM",,,"Lucknow, India",,,,48608104,Free Order,USD,0,0,0,0,0,Attending,eTicket,,,,,,,,,,,,ubuntu enterprise cloud and how to implement it.,Yes,,,,,,,founder,Shastraa,,,,,,,9415239401,http://shastraa.org,http://d3cipher.blogspot.com,
"BigDataCamp Delhi Sept 10, 2011",2051489059,BigDataCamp,61413235,4808664561413230000,"Aug 31, 2011",goel,sukrati,ersukrati@yahoo.in,,goel,sukrati,,ersukrati@yahoo.in,1,BigDataCamp Attendee,"Sep 10, 2011 at 9:30 AM",,,"Ghaziabad, India",,,,48086645,Free Order,USD,0,0,0,0,0,Attending,eTicket,,,,,,,,,,,,,Yes,,,,,,,student,RKGIT,,,,,,,,,,
"BigDataCamp Delhi Sept 10, 2011",2051489059,BigDataCamp,61709017,4830239561709020000,"Sep 1, 2011",Chaudhary,Esha,Eshachaudhary27@gmail.com,,Chaudhary,Esha,,Eshachaudhary27@gmail.com,1,BigDataCamp Attendee,"Sep 10, 2011 at 9:30 AM",,,"Los Angeles, CA, United States",,,eorgf,48302395,Free Order,USD,0,0,0,0,0,Attending,eTicket,,,,,,,,,,,,,Yes,,,,,,,Student,Iec-cet,,,,,,,,,,
"BigDataCamp Delhi Sept 10, 2011",2051489059,BigDataCamp,62129780,4863720462129780000,"Sep 5, 2011",Shekhar,Priyadarshi,falconbridge1990@gmail.com,,Shekhar,Priyadarshi,,falconbridge1990@gmail.com,1,BigDataCamp Attendee,"Sep 10, 2011 at 9:30 AM",,,"Ghaziabad, India",,,,48637204,Free Order,USD,0,0,0,0,0,Attending,eTicket,,,,,,,,,,,,internet security,Yes,,,,,,,student,techophilia,,,,,,,8860384664,http://www.techophilia.in,,
"BigDataCamp Delhi Sept 10, 2011",2051489059,BigDataCamp,61697223,4829407161697220000,"Sep 1, 2011",Farooqui,Faraz,Faraz.monty3110@gmail.com,,Farooqui,Faraz,,Faraz.monty3110@gmail.com,1,BigDataCamp Attendee,"Sep 10, 2011 at 9:30 AM",,,"Los Angeles, CA, United States",,,,48294071,Free Order,USD,0,0,0,0,0,Attending,eTicket,,,,,,,,,,,,Web development,Yes,,,,,,,Student partner,Iec college of engg. And tech.,,,,,,,,,,
"BigDataCamp Delhi Sept 10, 2011",2051489059,BigDataCamp,61263423,4797420961263420000,"Aug 30, 2011",Gahlot,Megha,gahlot.megha92@gmail.com,,Gahlot,Megha,,gahlot.megha92@gmail.com,1,BigDataCamp Attendee,"Sep 10, 2011 at 9:30 AM",,,"Ghaziabad, India",,,,47974209,Free Order,USD,0,0,0,0,0,Attending,eTicket,,,,,,,,,,,,,Yes,,,,,,,student,RKGIT,,,,,,,,,,
"BigDataCamp Delhi Sept 10, 2011",2051489059,BigDataCamp,61802446,4837497061802450000,"Sep 2, 2011",jaiswal,gargi,gargimili@gmail.com,,jaiswal,gargi,,gargimili@gmail.com,1,BigDataCamp Attendee,"Sep 10, 2011 at 9:30 AM",,,"Ghaziabad, India",,,,48374970,Free Order,USD,0,0,0,0,0,Attending,eTicket,,,,,,,,,,,,lghtnng,Yes,,,,,,,student,rkgit,,,,,,,,,,
"BigDataCamp Delhi Sept 10, 2011",2051489059,BigDataCamp,61369189,4805256961369190000,"Aug 31, 2011",Kumar,Gaurav,gaurav_kumar5251655@yahoo.com,,Kumar,Gaurav,,gaurav_kumar5251655@yahoo.com,1,BigDataCamp Attendee,"Sep 10, 2011 at 9:30 AM",,,"Delhi, India",,,,48052569,Free Order,USD,0,0,0,0,0,Attending,eTicket,,,,,,,,,,,,,Yes,,,,,,,Student,RKGIT,,,,,,,9560269241,,,
"BigDataCamp Delhi Sept 10, 2011",2051489059,BigDataCamp,61242933,4795868161242930000,"Aug 30, 2011",MISHRA,GAURAV,gaurav.mishra594@gmail.com,,MISHRA,GAURAV,,gaurav.mishra594@gmail.com,1,BigDataCamp Attendee,"Sep 10, 2011 at 9:30 AM",,,"Ghaziabad, India",,,,47958681,Free Order,USD,0,0,0,0,0,Attending,eTicket,,,,,,,,,,,,,Yes,,,,,,,student,rkgit ghaziabad,,,,,,,8826531318,,,
"BigDataCamp Delhi Sept 10, 2011",2051489059,BigDataCamp,61567853,4819673161567850000,"Sep 1, 2011",saini,gaurav,gaurav270391@gmail.com,,saini,gaurav,,gaurav270391@gmail.com,1,BigDataCamp Attendee,"Sep 10, 2011 at 9:30 AM",,,"Kashipur, India",,,,48196731,Free Order,USD,0,0,0,0,0,Attending,eTicket,,,,,,,,,,,,,No,,,,,,,student,nit kkr,,,,,,,,,,
"BigDataCamp Delhi Sept 10, 2011",2051489059,BigDataCamp,60580957,4745041560580960000,"Aug 24, 2011",Kapoor,Gautam,gautamkap77@gmail.com,,Kapoor,Gautam,,gautamkap77@gmail.com,1,BigDataCamp Attendee,"Sep 10, 2011 at 9:30 AM",,,India,,,,47450415,Free Order,USD,0,0,0,0,0,Attending,eTicket,,,,,,,,,,,,"Scalable storage and retrieval techniques. Reference to Hyperion, Teradata and other technologies",Yes,,,,,,,Member of Consulting Staff,Cadence Design Systems,,,,,,,,,,
"BigDataCamp Delhi Sept 10, 2011",2051489059,BigDataCamp,61598071,4821726561598070000,"Sep 1, 2011",chaudhary,arun,ghostarunchaudhary@gmail.com,,chaudhary,arun,,ghostarunchaudhary@gmail.com,1,BigDataCamp Attendee,"Sep 10, 2011 at 9:30 AM",,,"Ghaziabad, India",,,,48217265,Free Order,USD,0,0,0,0,0,Attending,eTicket,,,,,,,,,,,,,Yes,,,,,,,student,`rkgit,,,,,,,9990573942,,,
"BigDataCamp Delhi Sept 10, 2011",2051489059,BigDataCamp,60591323,4745832960591320000,"Aug 24, 2011",Mahajan,Girish,girishmahajanji@gmail.com,,Mahajan,Girish,,girishmahajanji@gmail.com,1,BigDataCamp Attendee,"Sep 10, 2011 at 9:30 AM",,,"Delhi, India",,,,47458329,Free Order,USD,0,0,0,0,0,Attending,eTicket,,,,,,,,,,,,,Yes,,,,,,,MLSE,Impetus Infotech Ind Pvt Ltd,,,,,,,,,,
"BigDataCamp Delhi Sept 10, 2011",2051489059,BigDataCamp,62669254,4906979862669260000,"Sep 8, 2011",Goyal,Nikhil,goyal.nikhil89@gmail.com,,Goyal,Nikhil,,goyal.nikhil89@gmail.com,1,BigDataCamp Attendee,"Sep 10, 2011 at 9:30 AM",,,"Delhi, India",,,,49069798,Free Order,USD,0,0,0,0,0,Attending,eTicket,,,,,,,,,,,,,Yes,,,,,,,Student,Student,,,,,,,,,,
"BigDataCamp Delhi Sept 10, 2011",2051489059,BigDataCamp,61963412,4850345861963410000,"Sep 3, 2011",Gupta,Sakshi,guptasakshi17@gmail.com,,Gupta,Sakshi,,guptasakshi17@gmail.com,1,BigDataCamp Attendee,"Sep 10, 2011 at 9:30 AM",,,"Ghaziabad, India",,,,48503458,Free Order,USD,0,0,0,0,0,Attending,eTicket,,,,,,,,,,,,,No,,,,,,,Student,R.K.G.I.T,,,,,,,,,,
"BigDataCamp Delhi Sept 10, 2011",2051489059,BigDataCamp,61258219,4797012761258220000,"Aug 30, 2011",Gupta,Tushar,guptatushargupta319@gmail.com,,Gupta,Tushar,,guptatushargupta319@gmail.com,1,BigDataCamp Attendee,"Sep 10, 2011 at 9:30 AM",,,"Mumbai, India",,,,47970127,Free Order,USD,0,0,0,0,0,Attending,eTicket,,,,,,,,,,,,,Yes,,,,,,,Student,R.K.G.I.T,,,,,,,,,,
"BigDataCamp Delhi Sept 10, 2011",2051489059,BigDataCamp,61708255,4830186361708260000,"Sep 1, 2011",Jangwal,Harsh,Harsh.jangwal@gmail.com,,Jangwal,Harsh,,Harsh.jangwal@gmail.com,1,BigDataCamp Attendee,"Sep 10, 2011 at 9:30 AM",,,"Los Angeles, CA, United States",,,eorgf,48301863,Free Order,USD,0,0,0,0,0,Attending,eTicket,,,,,,,,,,,,,Yes,,,,,,,Student,Iec-college,,,,,,,,,,
"BigDataCamp Delhi Sept 10, 2011",2051489059,BigDataCamp,62455672,4889860862455670000,"Sep 7, 2011",yadav,himanshu,himanshu.tj@gmaill.com,,yadav,himanshu,,himanshu.tj@gmaill.com,1,BigDataCamp Attendee,"Sep 10, 2011 at 9:30 AM",,,"Ghaziabad, India",,,,48898608,Free Order,USD,0,0,0,0,0,Attending,eTicket,,,,,,,,,,,,,Yes,,,,,,,student,none,,,,,,,,,,
"BigDataCamp Delhi Sept 10, 2011",2051489059,BigDataCamp,62455214,4889827862455210000,"Sep 7, 2011",dwivedi,deepak,imcool1991@gmail.com,,dwivedi,deepak,,imcool1991@gmail.com,1,BigDataCamp Attendee,"Sep 10, 2011 at 9:30 AM",,,"Ghaziabad, India",,,,48898278,Free Order,USD,0,0,0,0,0,Attending,eTicket,,,,,,,,,,,,,Yes,,,,,,,student,rkgit,,,,,,,,,,
"BigDataCamp Delhi Sept 10, 2011",2051489059,BigDataCamp,60592947,4745966560592950000,"Aug 24, 2011",Gupta,Jai ,jaigupta78@gmail.com,,Gupta,Jai ,,jaigupta78@gmail.com,1,BigDataCamp Attendee,"Sep 10, 2011 at 9:30 AM",,,"Faridabad, India",,,,47459665,Free Order,USD,0,0,0,0,0,Attending,eTicket,,,,,,,,,,,,,Yes,,,,,,,Technical Lead,Recruitlive Pty. Ltd.,,,,,,,9212541991,http://www.Recruitlive.com.au,,
"BigDataCamp Delhi Sept 10, 2011",2051489059,BigDataCamp,62914386,4926591462914390000,"Sep 9, 2011",jain,ankur,jainster4@gmail.com,,jain,ankur,,jainster4@gmail.com,1,BigDataCamp Attendee,"Sep 10, 2011 at 9:30 AM",,,"Ghaziabad, India",,,,49265914,Free Order,USD,0,0,0,0,0,Attending,eTicket,,,,,,,,,,,,,Yes,,,,,,,student,rkgit,,,,,,,9411901263,,,
"BigDataCamp Delhi Sept 10, 2011",2051489059,BigDataCamp,59848025,4686565759848030000,"Aug 19, 2011",Malhotra,Jatin,jatin1malhotra@gmail.com,,Malhotra,Jatin,,jatin1malhotra@gmail.com,1,BigDataCamp Attendee,"Sep 10, 2011 at 9:30 AM",,,"Mumbai, India",,,,46865657,Free Order,USD,0,0,0,0,0,Attending,eTicket,,,,,,,,,,,,,Yes,,,,,,,Engineering Student,Microsoft,,,,,,,919773878977,,http://jatin1malhotra@gmail.com,
"BigDataCamp Delhi Sept 10, 2011",2051489059,BigDataCamp,60580867,4745034560580870000,"Aug 24, 2011",Warni,Jeevesh,jeevesh.warni@denonline.in,,Warni,Jeevesh,,jeevesh.warni@denonline.in,1,BigDataCamp Attendee,"Sep 10, 2011 at 9:30 AM",,,"New Delhi, India",,,,47450345,Free Order,USD,0,0,0,0,0,Attending,eTicket,,,,,,,,,,,,Cloud Solution,Yes,,,,,,,Manager,DEN Networks Ltd,,,,,,,,http://dennetworks.com,,
"BigDataCamp Delhi Sept 10, 2011",2051489059,BigDataCamp,61674775,4827677361674770000,"Sep 1, 2011",SHARMA,JITENDER,JITENDER.SHARMA88@gmail.com,,SHARMA,JITENDER,,JITENDER.SHARMA88@gmail.com,1,BigDataCamp Attendee,"Sep 10, 2011 at 9:30 AM",,,"Ghaziabad, India",,,,48276773,Free Order,USD,0,0,0,0,0,Attending,eTicket,,,,,,,,,,,,,Yes,,,,,,,STUDENT,RKGIT,,,,,,,,,,
"BigDataCamp Delhi Sept 10, 2011",2051489059,BigDataCamp,62891444,4924767062891440000,"Sep 9, 2011",jain,sanchit,jsanchit.iet@gmail.com,,jain,sanchit,,jsanchit.iet@gmail.com,1,BigDataCamp Attendee,"Sep 10, 2011 at 9:30 AM",,,"Nagar, India",,,,49247670,Free Order,USD,0,0,0,0,0,Attending,eTicket,,,,,,,,,,,,,Yes,,,,,,,fresher,fresher,,,,,,,9910860163,,,
"BigDataCamp Delhi Sept 10, 2011",2051489059,BigDataCamp,62144754,4864904462144750000,"Sep 5, 2011",singh,sonakshi,juhi0408@gmail.com,,singh,sonakshi,,juhi0408@gmail.com,1,BigDataCamp Attendee,"Sep 10, 2011 at 9:30 AM",,,"Ghaziabad, India",,,,48649044,Free Order,USD,0,0,0,0,0,Attending,eTicket,,,,,,,,,,,,,No,,,,,,,student,RKGIT,,,,,,,,,,
"BigDataCamp Delhi Sept 10, 2011",2051489059,BigDataCamp,59706211,4674888159706210000,"Aug 18, 2011",Abhiraj,K S,k.s.abhiraj@gmail.com,,Abhiraj,K S,,k.s.abhiraj@gmail.com,1,BigDataCamp Attendee,"Sep 10, 2011 at 9:30 AM",,,"Delhi, India",,,,46748881,Free Order,USD,0,0,0,0,0,Attending,eTicket,,,,,,,,,,,,"1) Security In Cloud. 
2) Achieving Compliance and Audit in Cloud.
",Yes,,,,,,,"Head, Research & Development  (Security)",XCySS Pvt. Ltd.,,,,,,,9968594191,http://xcyss.com,http://sectruni0.wordpress.com,
"BigDataCamp Delhi Sept 10, 2011",2051489059,BigDataCamp,61701353,4829726561701350000,"Sep 1, 2011",Arora,Karan,Karan.arora6789@gmail.com,,Arora,Karan,,Karan.arora6789@gmail.com,1,BigDataCamp Attendee,"Sep 10, 2011 at 9:30 AM",,,"Los Angeles, CA, United States",,,,48297265,Free Order,USD,0,0,0,0,0,Attending,eTicket,,,,,,,,,,,,,Yes,,,,,,,Student,Iec-cet,,,,,,,,,,
"BigDataCamp Delhi Sept 10, 2011",2051489059,BigDataCamp,62434958,4888214662434960000,"Sep 7, 2011",Sood,Kavita,kavita.sood@impetus.co.in,,Sood,Kavita,,kavita.sood@impetus.co.in,1,BigDataCamp Attendee,"Sep 10, 2011 at 9:30 AM",,,"Delhi, India",,,,48882146,Free Order,USD,0,0,0,0,0,Attending,eTicket,,,,,,,,,,,,,No,,,,,,,Module Lead Quality Engineer ,Impetus,,,,,,,,,,
"BigDataCamp Delhi Sept 10, 2011",2051489059,BigDataCamp,62654276,4905781062654280000,"Sep 8, 2011",Gupta,Kimmi,kimmi.gupta@operasolutions.com,,Gupta,Kimmi,,kimmi.gupta@operasolutions.com,1,BigDataCamp Attendee,"Sep 10, 2011 at 9:30 AM",,,"Gurgaon, India",,,,49057810,Free Order,USD,0,0,0,0,0,Attending,eTicket,,,,,,,,,,,,,Yes,,,,,,,Jr.Software Engineer,Opera Solutions,,,,,,,1204779400,,,
"BigDataCamp Delhi Sept 10, 2011",2051489059,BigDataCamp,62026182,4855480062026180000,"Sep 3, 2011",Mohan,Lalit,lalit.mohan@agreeya.com,,Mohan,Lalit,,lalit.mohan@agreeya.com,1,BigDataCamp Attendee,"Sep 10, 2011 at 9:30 AM",,,"Delhi, India",,,,48554800,Free Order,USD,0,0,0,0,0,Attending,eTicket,,,,,,,,,,,,,Yes,,,,,,,Team lead,AgreeYa Solution,,,,,,,,,,
"BigDataCamp Delhi Sept 10, 2011",2051489059,BigDataCamp,61793734,4836828461793730000,"Sep 2, 2011",CHABLANI,MADHAV,madhav.chablani@tippingedge.in,,CHABLANI,MADHAV,,madhav.chablani@tippingedge.in,1,BigDataCamp Attendee,"Sep 10, 2011 at 9:30 AM",,,"Delhi, India",,,,48368284,Free Order,USD,0,0,0,0,0,Attending,eTicket,,,,,,,,,,,,,Yes,,,,,,,Principal Consultant & Founder CEO,TippingEdge Consulting Pvt Ltd,,,,,,,9313749494,http://www.tippingedge.in,http://http://blog.tippingedge.in/,
"BigDataCamp Delhi Sept 10, 2011",2051489059,BigDataCamp,62901118,4925529062901120000,"Sep 9, 2011",mittal,madhur,madhurmittal11@gmail.com,,mittal,madhur,,madhurmittal11@gmail.com,1,BigDataCamp Attendee,"Sep 10, 2011 at 9:30 AM",,,"Delhi, India",,,,49255290,Free Order,USD,0,0,0,0,0,Attending,eTicket,,,,,,,,,,,,,Yes,,,,,,,student,college,,,,,,,,,,
"BigDataCamp Delhi Sept 10, 2011",2051489059,BigDataCamp,62659720,4906246062659720000,"Sep 8, 2011",Malhotra,Mayank,Mayank.malhotra01@gmail.com,,Malhotra,Mayank,,Mayank.malhotra01@gmail.com,1,BigDataCamp Attendee,"Sep 10, 2011 at 9:30 AM",,,"Ludhiana, India",,,,49062460,Free Order,USD,0,0,0,0,0,Attending,eTicket,,,,,,,,,,,,Cloud Computing in E Governance,No,,,,,,,Director India Operation,"Dawazu, LLC",,,,,,,,http://www.dawazu.org,,
"BigDataCamp Delhi Sept 10, 2011",2051489059,BigDataCamp,62968042,4930922662968040000,"Sep 9, 2011",Aggarwal,Gaurang,me@gaurang.me,,AGGARWAL,GAURANG,,me@gaurang.me,1,BigDataCamp Attendee,"Sep 10, 2011 at 9:30 AM",,,"Faridabad, India",,,,49309226,Free Order,USD,0,0,0,0,0,Attending,eTicket,,,,,,,,,,,,,Yes,,,,,,,founder,uni2versity.com,,,,,,,919971685225,http://uni2versity.com,http://gaurang.me,
"BigDataCamp Delhi Sept 10, 2011",2051489059,BigDataCamp,61978482,4851588461978480000,"Sep 3, 2011",MITTAL,NAMAN,MITTAL_NAMAN@LIVE.COM,,MITTAL`,NAMAN,,MITTAL_NAMAN@LIVE.COM,1,BigDataCamp Attendee,"Sep 10, 2011 at 9:30 AM",,,"Meerut, India",,,,48515884,Free Order,USD,0,0,0,0,0,Attending,eTicket,,,,,,,,,,,,,Yes,,,,,,,STUDENT,RKGIT,,,,,,,,,,
"BigDataCamp Delhi Sept 10, 2011",2051489059,BigDataCamp,61698643,4829513961698640000,"Sep 1, 2011",Singh,Mohit,Mohit_sm237@yahoo.com,,Singh,Mohit,,Mohit_sm237@yahoo.com,1,BigDataCamp Attendee,"Sep 10, 2011 at 9:30 AM",,,"Los Angeles, CA, United States",,,,48295139,Free Order,USD,0,0,0,0,0,Attending,eTicket,,,,,,,,,,,,,Yes,,,,,,,Student,Iec-cet,,,,,,,,,,
"BigDataCamp Delhi Sept 10, 2011",2051489059,BigDataCamp,59846759,4686455959846760000,"Aug 19, 2011",chhabra,mohit,mohitchhabra@techie.com,,chhabra,mohit,,mohitchhabra@techie.com,1,BigDataCamp Attendee,"Sep 10, 2011 at 9:30 AM",,,"Delhi, India",,,,46864559,Free Order,USD,0,0,0,0,0,Attending,eTicket,,,,,,,,,,,,,Yes,,,,,,,trainee,student,,,,,,,9650475990,,,
"BigDataCamp Delhi Sept 10, 2011",2051489059,BigDataCamp,62211038,4870193062211040000,"Sep 6, 2011",singh,mohit,mohitsng732@gmail.com,,singh,mohit,,mohitsng732@gmail.com,1,BigDataCamp Attendee,"Sep 10, 2011 at 9:30 AM",,,"Delhi, India",,,,48701930,Free Order,USD,0,0,0,0,0,Attending,eTicket,,,,,,,,,,,,,Yes,,,,,,,student,IEC college,,,,,,,9971964648,,,
"BigDataCamp Delhi Sept 10, 2011",2051489059,BigDataCamp,62888220,4924514862888220000,"Sep 8, 2011",Mathur,Monica,monica.mathur@impetus.co.in,,Mathur,Monica,,monica.mathur@impetus.co.in,1,BigDataCamp Attendee,"Sep 10, 2011 at 9:30 AM",,,"Delhi, India",,,,49245148,Free Order,USD,0,0,0,0,0,Attending,eTicket,,,,,,,,,,,,,Yes,,,,,,,Module Lead Software Engineer,Impetus Infotech India Pvt Ltd,,,,,,,,,,
"BigDataCamp Delhi Sept 10, 2011",2051489059,BigDataCamp,61353127,4804005761353130000,"Aug 30, 2011",Sahai,Monika,monika.sahai91@gmail.com,,Sahai,Monika,,monika.sahai91@gmail.com,1,BigDataCamp Attendee,"Sep 10, 2011 at 9:30 AM",,,"Ghaziabad, India",,,,48040057,Free Order,USD,0,0,0,0,0,Attending,eTicket,,,,,,,,,,,,,Yes,,,,,,,student,R.K.G.I.T,,,,,,,,,,
"BigDataCamp Delhi Sept 10, 2011",2051489059,BigDataCamp,61160289,4789582161160290000,"Aug 29, 2011",rathore,aditya,mr.adityarathore@gmail.com,,rathore,aditya,,mr.adityarathore@gmail.com,1,BigDataCamp Attendee,"Sep 10, 2011 at 9:30 AM",,,"New Delhi, India",,,,47895821,Free Order,USD,0,0,0,0,0,Attending,eTicket,,,,,,,,,,,,,Yes,,,,,,,linux administrator,NIC,,,,,,,1124305038,http://idc.nic.in,,
"BigDataCamp Delhi Sept 10, 2011",2051489059,BigDataCamp,60599645,4746530160599650000,"Aug 25, 2011",MEENA,MUKESH,mukeshmeena86@gmail.com,,MEENA,MUKESH,,mukeshmeena86@gmail.com,1,BigDataCamp Attendee,"Sep 10, 2011 at 9:30 AM",,,"New Delhi, India",,,,47465301,Free Order,USD,0,0,0,0,0,Attending,eTicket,,,,,,,,,,,,Open source application based Cloud platfrom,Yes,,,,,,,System Administrator,Managed Hosting 4 India,,,,,,,+91-9717478404,http://www.managedhosting4india.com/,http://www.managedhosting4india.com/,
"BigDataCamp Delhi Sept 10, 2011",2051489059,BigDataCamp,62984532,4932235662984530000,"Sep 9, 2011",Jain,Naman,naman_9876543210@hotmail.com,,Jain,Naman,,naman_9876543210@hotmail.com,1,BigDataCamp Attendee,"Sep 10, 2011 at 9:30 AM",,,"Ghaziabad, India",,,,49322356,Free Order,USD,0,0,0,0,0,Attending,eTicket,,,,,,,,,,,,,Yes,,,,,,,Student,RKGIT,,,,,,,8010336390,,,
"BigDataCamp Delhi Sept 10, 2011",2051489059,BigDataCamp,61951936,4849461261951940000,"Sep 2, 2011",Lohia,Naveen,naveen@drishti-soft.com,,Lohia,Naveen,,naveen@drishti-soft.com,1,BigDataCamp Attendee,"Sep 10, 2011 at 9:30 AM",,,"New Delhi, India",,,,48494612,Free Order,USD,0,0,0,0,0,Attending,eTicket,,,,,,,,,,,,,Yes,,,,,,,Manager Business Development,Drishti-Soft Solutions Pvt Ltd,,,,,,,9999684910,http://www.drishti-soft.com,,
"BigDataCamp Delhi Sept 10, 2011",2051489059,BigDataCamp,61241305,4795765361241310000,"Aug 30, 2011",goyal,naveen,naveengoyal10@gmail.com,,goyal,naveen,,naveengoyal10@gmail.com,1,BigDataCamp Attendee,"Sep 10, 2011 at 9:30 AM",,,"Ghaziabad, India",,,,47957653,Free Order,USD,0,0,0,0,0,Attending,eTicket,,,,,,,,,,,,,Yes,,,,,,,student,rkgit,,,,,,,8447766751,,,
"BigDataCamp Delhi Sept 10, 2011",2051489059,BigDataCamp,60591987,4745885160591990000,"Aug 24, 2011",Nayyar,Shikha,nayyar.shikha@gmail.com,,Nayyar,Shikha,,nayyar.shikha@gmail.com,1,BigDataCamp Attendee,"Sep 10, 2011 at 9:30 AM",,,"New Delhi, India",,,,47458851,Free Order,USD,0,0,0,0,0,Attending,eTicket,,,,,,,,,,,,,Yes,,,,,,,Student,BITS Pilani,,,,,,,,,,
"BigDataCamp Delhi Sept 10, 2011",2051489059,BigDataCamp,61361041,4804602561361040000,"Aug 31, 2011",yadav,nisha,neetu.a.gupta@gmail.com,,yadav,nisha,,neetu.a.gupta@gmail.com,1,BigDataCamp Attendee,"Sep 10, 2011 at 9:30 AM",,,"Ghaziabad, India",,,,48046025,Free Order,USD,0,0,0,0,0,Attending,eTicket,,,,,,,,,,,,,Yes,,,,,,,student,RKGIT,,,,,,,,,,
"BigDataCamp Delhi Sept 10, 2011",2051489059,BigDataCamp,60593461,4746012760593460000,"Aug 24, 2011",NIJHARA,ASHISH,nijhara.ashish@gmail.com,,NIJHARA,ASHISH,,nijhara.ashish@gmail.com,1,BigDataCamp Attendee,"Sep 10, 2011 at 9:30 AM",,,"Walldorf, Germany",,,,47460127,Free Order,USD,0,0,0,0,0,Attending,eTicket,,,,,,,,,,,,,No,,,,,,,Software Developer,SAP Labs,,,,,,,,,,
"BigDataCamp Delhi Sept 10, 2011",2051489059,BigDataCamp,62028206,4855642662028210000,"Sep 4, 2011",Tayal,Nishu,nishu.tayal@impetus.co.in,,Tayal,Nishu,,nishu.tayal@impetus.co.in,1,BigDataCamp Attendee,"Sep 10, 2011 at 9:30 AM",,,"Delhi, India",,,,48556426,Free Order,USD,0,0,0,0,0,Attending,eTicket,,,,,,,,,,,,,Yes,,,,,,,Software Engineer,Impetus Infotech Pvt. Ltd,,,,,,,9873387725,,,
"BigDataCamp Delhi Sept 10, 2011",2051489059,BigDataCamp,59833995,4685473759834000000,"Aug 18, 2011",Gupta,Nitu,nitu.gupta@impetus.co.in,,Gupta,Nitu,,nitu.gupta@impetus.co.in,1,BigDataCamp Attendee,"Sep 10, 2011 at 9:30 AM",,,"Delhi, India",,,,46854737,Free Order,USD,0,0,0,0,0,Attending,eTicket,,,,,,,,,,,,,No,,,,,,,Software Engineer,Impetus,,,,,,,,,,
"BigDataCamp Delhi Sept 10, 2011",2051489059,BigDataCamp,62874454,4923425262874450000,"Sep 8, 2011",Lenka,Omkar,omkar.lenka@gmail.com,,Lenka, Omkar,,omkar.lenka@gmail.com,1,BigDataCamp Attendee,"Sep 10, 2011 at 9:30 AM",,,"Gurgaon, India",,,,49234252,Free Order,USD,0,0,0,0,0,Attending,eTicket,,,,,,,,,,,,,No,,,,,,,Programmer Analyst Trainee,Cognizant Technology Solutions,,,,,,,,,,
"BigDataCamp Delhi Sept 10, 2011",2051489059,BigDataCamp,61569331,4819789961569330000,"Sep 1, 2011",Kishore,Shyam,onlyshyam@live.in,,Kishore,Shyam,,onlyshyam@live.in,1,BigDataCamp Attendee,"Sep 10, 2011 at 9:30 AM",,,"New Delhi, India",,,,48197899,Free Order,USD,0,0,0,0,0,Attending,eTicket,,,,,,,,,,,,MVC3 ,Yes,,,,,,,Student,IGNOU,,,,,,,9911091994,,,
"BigDataCamp Delhi Sept 10, 2011",2051489059,BigDataCamp,62441430,4888727062441430000,"Sep 7, 2011",saurabh,prakash,p.saurabh1556@gmail.com,,saurabh,prakash,,p.saurabh1556@gmail.com,1,BigDataCamp Attendee,"Sep 10, 2011 at 9:30 AM",,,"Gurgaon, India",,,,48887270,Free Order,USD,0,0,0,0,0,Attending,eTicket,,,,,,,,,,,,,Yes,,,,,,,student,student,,,,,,,9015454391,takei4free.com,,
"BigDataCamp Delhi Sept 10, 2011",2051489059,BigDataCamp,61245847,4796052161245850000,"Aug 30, 2011",pakhre,rahul,pakhre_rahul@yahoo.co.in,,pakhre,rahul,,pakhre_rahul@yahoo.co.in,1,BigDataCamp Attendee,"Sep 10, 2011 at 9:30 AM",,,"Ghaziabad, India",,,,47960521,Free Order,USD,0,0,0,0,0,Attending,eTicket,,,,,,,,,,,,,Yes,,,,,,,student,rkgit,,,,,,,9873318960,,,
"BigDataCamp Delhi Sept 10, 2011",2051489059,BigDataCamp,61418971,4809111161418970000,"Aug 31, 2011",kumar,pankaj,pankajarya72@gmail.com,,kumar,pankaj,,pankajarya72@gmail.com,1,BigDataCamp Attendee,"Sep 10, 2011 at 9:30 AM",,,"Ghaziabad, India",,,,48091111,Free Order,USD,0,0,0,0,0,Attending,eTicket,,,,,,,,,,,,computer,Yes,,,,,,,student,"r.k goel inst,",,,,,,,8860384742,http://google.com,http://yahoo.com,
"BigDataCamp Delhi Sept 10, 2011",2051489059,BigDataCamp,61804948,4837700661804950000,"Sep 2, 2011",gupta,parshvi,parshvi33@gmail.com,,gupta,parshvi,,parshvi33@gmail.com,1,BigDataCamp Attendee,"Sep 10, 2011 at 9:30 AM",,,"Ghaziabad, India",,,,48377006,Free Order,USD,0,0,0,0,0,Attending,eTicket,,,,,,,,,,,,clouding,Yes,,,,,,,student,rkgit,,,,,,,,,,
"BigDataCamp Delhi Sept 10, 2011",2051489059,BigDataCamp,59845841,4686377559845840000,"Aug 19, 2011",Saini,Piyush,piyushsaini94@gmail.com,,Saini,Piyush,,piyushsaini94@gmail.com,1,BigDataCamp Attendee,"Sep 10, 2011 at 9:30 AM",,,"Gurgaon, India",,,,46863775,Free Order,USD,0,0,0,0,0,Attending,eTicket,,,,,,,,,,,,,Yes,,,,,,,Student,KUK,,,,,,,,,,
"BigDataCamp Delhi Sept 10, 2011",2051489059,BigDataCamp,62655918,4905918262655920000,"Sep 8, 2011",Murarka,Pooja,pooja.murarka@operasolutions.com,,Murarka,Pooja,,pooja.murarka@operasolutions.com,1,BigDataCamp Attendee,"Sep 10, 2011 at 9:30 AM",,,"Delhi, India",,,,49059182,Free Order,USD,0,0,0,0,0,Attending,eTicket,,,,,,,,,,,,,No,,,,,,,Software Engineer,Opera Solutions,,,,,,,8800595897,http://www.operasolutions.com,,
"BigDataCamp Delhi Sept 10, 2011",2051489059,BigDataCamp,61251175,4796456761251180000,"Aug 30, 2011",Agarwal,Pooja,poojaagarwal4193@gmail.com,,Agarwal,Pooja,,poojaagarwal4193@gmail.com,1,BigDataCamp Attendee,"Sep 10, 2011 at 9:30 AM",,,"Mumbai, India",,,,47964567,Free Order,USD,0,0,0,0,0,Attending,eTicket,,,,,,,,,,,,,Yes,,,,,,,Student,I.P.E.C,,,,,,,,,,
"BigDataCamp Delhi Sept 10, 2011",2051489059,BigDataCamp,61257689,4796969761257690000,"Aug 30, 2011",Sengupta,Prabhu Ranjan,prabhu199101@gmail.com,,Sengupta,Prabhu Ranjan,,prabhu199101@gmail.com,1,BigDataCamp Attendee,"Sep 10, 2011 at 9:30 AM",,,"Mumbai, India",,,,47969697,Free Order,USD,0,0,0,0,0,Attending,eTicket,,,,,,,,,,,,,Yes,,,,,,,Student,R.K.G.I.T,,,,,,,,,,
"BigDataCamp Delhi Sept 10, 2011",2051489059,BigDataCamp,61175077,4790597961175080000,"Aug 30, 2011",Shekhawat,Pradeep,prady1920@gmail.com,,Shekhawat,Pradeep,,prady1920@gmail.com,1,BigDataCamp Attendee,"Sep 10, 2011 at 9:30 AM",,,"Delhi, India",,,,47905979,Free Order,USD,0,0,0,0,0,Attending,eTicket,,,,,,,,,,,,,Yes,,,,,,,Software Engineer,Opera Solutions,,,,,,,1204642400,,,
"BigDataCamp Delhi Sept 10, 2011",2051489059,BigDataCamp,62896976,4925188062896980000,"Sep 9, 2011",Singh,Pranav,pranav_withyou@hotmail.com,,Singh,Pranav,,pranav_withyou@hotmail.com,1,BigDataCamp Attendee,"Sep 10, 2011 at 9:30 AM",,,"Delhi, India",,,,49251880,Free Order,USD,0,0,0,0,0,Attending,eTicket,,,,,,,,,,,,,Yes,,,,,,,Software Engineer,NIIT Technologies,,,,,,,,,,
"BigDataCamp Delhi Sept 10, 2011",2051489059,BigDataCamp,62655042,4905842462655040000,"Sep 8, 2011",gupta,pranav,pranav.gupta@operasolutions.com,,gupta,pranav,,pranav.gupta@operasolutions.com,1,BigDataCamp Attendee,"Sep 10, 2011 at 9:30 AM",,,"Delhi, India",,,,49058424,Free Order,USD,0,0,0,0,0,Attending,eTicket,,,,,,,,,,,,,No,,,,,,,Analytics Specialist,Opera Solutions,,,,,,,,,,
"BigDataCamp Delhi Sept 10, 2011",2051489059,BigDataCamp,60761389,4759250160761390000,"Aug 26, 2011",Gupta,Pranshu ,pranshu_gupta@dell.com,,Gupta,Pranshu,,pranshu_gupta@dell.com,1,BigDataCamp Attendee,"Sep 10, 2011 at 9:30 AM",,,"Plano, TX, United States",,,,47592501,Free Order,USD,0,0,0,0,0,Attending,eTicket,,,,,,,,,,,,,Yes,,,,,,,Sr. Solution Architect Manager,Dell,,,,,,,,,,
"BigDataCamp Delhi Sept 10, 2011",2051489059,BigDataCamp,62232816,4872018062232820000,"Sep 6, 2011",singh,Prashant,pras.singh08@gmail.com,,singh,Prashant,,pras.singh08@gmail.com,1,BigDataCamp Attendee,"Sep 10, 2011 at 9:30 AM",,,"Ghaziabad, India",,,,48720180,Free Order,USD,0,0,0,0,0,Attending,eTicket,,,,,,,,,,,,,Yes,,,,,,,Student,none,,,,,,,,,,
"BigDataCamp Delhi Sept 10, 2011",2051489059,BigDataCamp,61372405,4805514761372410000,"Aug 31, 2011",shukla,prashant,prashant.rkg.ec@gmail.com,,shukla,prashant,,prashant.rkg.ec@gmail.com,1,BigDataCamp Attendee,"Sep 10, 2011 at 9:30 AM",,,"Ghaziabad, India",,,,48055147,Free Order,USD,0,0,0,0,0,Attending,eTicket,,,,,,,,,,,,,Yes,,,,,,,student,rkgit,,,,,,,9540052253,,,
"BigDataCamp Delhi Sept 10, 2011",2051489059,BigDataCamp,61280037,4798553361280040000,"Aug 30, 2011",singh,prashant,prashant12b@gmail.com,,singh,prashant,,prashant12b@gmail.com,1,BigDataCamp Attendee,"Sep 10, 2011 at 9:30 AM",,,"Gurgaon, India",,,,47985533,Free Order,USD,0,0,0,0,0,Attending,eTicket,,,,,,,,,,,,ONLINE SECURITY,Yes,,,,,,,student,R.K. Goel institute of technology,,,,,,,8882817713,,,
"BigDataCamp Delhi Sept 10, 2011",2051489059,BigDataCamp,61168921,4790160561168920000,"Aug 29, 2011",Pratapadity,AryaKumar,prataparya@indiatimes.com,,Pratapadity,AryaKumar,,prataparya@indiatimes.com,1,BigDataCamp Attendee,"Sep 10, 2011 at 9:30 AM",,,"New Delhi, India",,,,47901605,Free Order,USD,0,0,0,0,0,Attending,eTicket,,,,,,,,,,,,,Yes,,,,,,,software engineer,secure meter ltd,,,,,,,9868375908,,,
"BigDataCamp Delhi Sept 10, 2011",2051489059,BigDataCamp,60799357,4762317560799360000,"Aug 26, 2011",Sharma,prerna,prerna.s10@gmail.com,,Sharma,prerna,,prerna.s10@gmail.com,1,BigDataCamp Attendee,"Sep 10, 2011 at 9:30 AM",,,"Delhi, India",,,,47623175,Free Order,USD,0,0,0,0,0,Attending,eTicket,,,,,,,,,,,,,Yes,,,,,,,student,GGS IP University,,,,,,,,,,
"BigDataCamp Delhi Sept 10, 2011",2051489059,BigDataCamp,61425297,4809595761425300000,"Aug 31, 2011",kashyap,priya,priyakashyap.kashyap5@gmail.com,,kashyap,priya,,priyakashyap.kashyap5@gmail.com,1,BigDataCamp Attendee,"Sep 10, 2011 at 9:30 AM",,,"Ghaziabad, India",,,,48095957,Free Order,USD,0,0,0,0,0,Attending,eTicket,,,,,,,,,,,,computer security,Yes,,,,,,,student,skyline institute of technology,,,,,,,9718125531,,,
"BigDataCamp Delhi Sept 10, 2011",2051489059,BigDataCamp,62919510,4927010662919510000,"Sep 9, 2011",Pandey,Priyanka,priyanka.pandey@impetus.co.in,,Pandey,Priyanka,,priyanka.pandey@impetus.co.in,1,BigDataCamp Attendee,"Sep 10, 2011 at 9:30 AM",,,"Delhi, India",,,,49270106,Free Order,USD,0,0,0,0,0,Attending,eTicket,,,,,,,,,,,,,Yes,,,,,,,Software Developer,Impetus Technologies,,,,,,,,,,
"BigDataCamp Delhi Sept 10, 2011",2051489059,BigDataCamp,62888146,4924507662888150000,"Sep 8, 2011",chawla,priyanka,priyankamatrix@gmail.com,,chawla,priyanka,,priyankamatrix@gmail.com,1,BigDataCamp Attendee,"Sep 10, 2011 at 9:30 AM",,,"Delhi, India",,,,49245076,Free Order,USD,0,0,0,0,0,Attending,eTicket,,,,,,,,,,,,,Yes,,,,,,,Assistant professor,"ASET,AUUP",,,,,,,9582506216,,,
"BigDataCamp Delhi Sept 10, 2011",2051489059,BigDataCamp,62901878,4925596062901880000,"Sep 9, 2011",mishra,yogesh,ragyam.ragyam@gmail.com,,mishra,yogesh,,ragyam.ragyam@gmail.com,1,BigDataCamp Attendee,"Sep 10, 2011 at 9:30 AM",,,"Delhi, India",,,,49255960,Free Order,USD,0,0,0,0,0,Attending,eTicket,,,,,,,,,,,,,Yes,,,,,,,student,rkgit,,,,,,,,,,
"BigDataCamp Delhi Sept 10, 2011",2051489059,BigDataCamp,61706271,4830051561706270000,"Sep 1, 2011",Rai,Nishant,Rai20094@yahoo.in,,Rai,Nishant,,Rai20094@yahoo.in,1,BigDataCamp Attendee,"Sep 10, 2011 at 9:30 AM",,,"Los Angeles, CA, United States",,,eorgf,48300515,Free Order,USD,0,0,0,0,0,Attending,eTicket,,,,,,,,,,,,,Yes,,,,,,,Student,Iec college,,,,,,,,,,
"BigDataCamp Delhi Sept 10, 2011",2051489059,BigDataCamp,61247049,4796142961247050000,"Aug 30, 2011",verma,rajat,rajat173@rediffmail.com,,verma,rajat,,rajat173@rediffmail.com,1,BigDataCamp Attendee,"Sep 10, 2011 at 9:30 AM",,,"Ghaziabad, India",,,,47961429,Free Order,USD,0,0,0,0,0,Attending,eTicket,,,,,,,,,,,,,Yes,,,,,,,student,rkgit,,,,,,,,,,
"BigDataCamp Delhi Sept 10, 2011",2051489059,BigDataCamp,62653758,4905741662653760000,"Sep 8, 2011",Kushwaha,Rajesh,rajesh.kushwaha@operasolutions.com,,Kushwaha,Rajesh,,rajesh.kushwaha@operasolutions.com,1,BigDataCamp Attendee,"Sep 10, 2011 at 9:30 AM",,,"Delhi, India",,,,49057416,Free Order,USD,0,0,0,0,0,Attending,eTicket,,,,,,,,,,,,,Yes,,,,,,,Technial Manager,Opera solutions ,,,,,,,,,,
"BigDataCamp Delhi Sept 10, 2011",2051489059,BigDataCamp,61555031,4818623761555030000,"Aug 31, 2011",chawla,raman,ramanchawlaporia@gmail.com,,chawla,raman,,ramanchawlaporia@gmail.com,1,BigDataCamp Attendee,"Sep 10, 2011 at 9:30 AM",,,"Chandigarh, India",,,,48186237,Free Order,USD,0,0,0,0,0,Attending,eTicket,,,,,,,,,,,,Role of provenance in cloud security,No,,,,,,,research scholar,Thapar University,,,,,,,,,,
"BigDataCamp Delhi Sept 10, 2011",2051489059,BigDataCamp,62440118,4888623862440120000,"Sep 7, 2011",KUMAR,RAMKRISHNA,RAMKRISHNA_KUMAR@HOTMAIL.COM,,KUMAR,RAMKRISHNA,,RAMKRISHNA_KUMAR@HOTMAIL.COM,1,BigDataCamp Attendee,"Sep 10, 2011 at 9:30 AM",,,"New Delhi, India",,,,48886238,Free Order,USD,0,0,0,0,0,Attending,eTicket,,,,,,,,,,,,,Yes,,,,,,,JAVA/J2EE DEVELOPER,QL2 SOFTWARES,,,,,,,,,,
"BigDataCamp Delhi Sept 10, 2011",2051489059,BigDataCamp,62678578,4907719662678580000,"Sep 8, 2011",KUMAR SINGH,DEVESH,RANA.KUNWAR.DEVESH@GMAIL.COM,,KUMAR SINGH,DEVESH,,RANA.KUNWAR.DEVESH@GMAIL.COM,1,BigDataCamp Attendee,"Sep 10, 2011 at 9:30 AM",,,A1,,,,49077196,Free Order,USD,0,0,0,0,0,Attending,eTicket,,,,,,,,,,,,,Yes,,,,,,,STUDENT,R.K.G.I.T,,,,,,,,,,
"BigDataCamp Delhi Sept 10, 2011",2051489059,BigDataCamp,62654900,4905830262654900000,"Sep 8, 2011",Kandukuri,Ravi Teja,ravi.teja@operasolutions.com,,Kandukuri,Ravi Teja,,ravi.teja@operasolutions.com,1,BigDataCamp Attendee,"Sep 10, 2011 at 9:30 AM",,,"Delhi, India",,,,49058302,Free Order,USD,0,0,0,0,0,Attending,eTicket,,,,,,,,,,,,,No,,,,,,,Jr.Software Engineer,Opera Solutions,,,,,,,8800595893,,,
"BigDataCamp Delhi Sept 10, 2011",2051489059,BigDataCamp,62022162,4855162062022160000,"Sep 3, 2011",Krishnan,Ravi,ravikrishnan@live.com,,Krishnan,Ravi,,ravikrishnan@live.com,1,BigDataCamp Attendee,"Sep 10, 2011 at 9:30 AM",,,"Delhi, India",,,,48551620,Free Order,USD,0,0,0,0,0,Attending,eTicket,,,,,,,,,,,,,Yes,,,,,,,Programmer,Ravi & Co.,,,,,,,,,,
"BigDataCamp Delhi Sept 10, 2011",2051489059,BigDataCamp,61362663,4804725161362660000,"Aug 31, 2011",rawat,arti,rawat.aarti2@gmail.com,,rawat,arti,,rawat.aarti2@gmail.com,1,BigDataCamp Attendee,"Sep 10, 2011 at 9:30 AM",,,"Ghaziabad, India",,,,48047251,Free Order,USD,0,0,0,0,0,Attending,eTicket,,,,,,,,,,,,,Yes,,,,,,,student,rkgit,,,,,,,,,,
"BigDataCamp Delhi Sept 10, 2011",2051489059,BigDataCamp,62888256,4924518262888260000,"Sep 8, 2011",Chawla,Rohit ,rc.j2ee@gmail.com,,Chawla,Rohit Chawla,,rc.j2ee@gmail.com,1,BigDataCamp Attendee,"Sep 10, 2011 at 9:30 AM",,,"Delhi, India",,,,49245182,Free Order,USD,0,0,0,0,0,Attending,eTicket,,,,,,,,,,,,,Yes,,,,,,,Associate Professor,Birla,,,,,,,9811660459,,,
"BigDataCamp Delhi Sept 10, 2011",2051489059,BigDataCamp,61237997,4795510161238000000,"Aug 30, 2011",srivastava,yashdeep,rickyyashdeep123@gmail.com,,srivastava,yashdeep,,rickyyashdeep123@gmail.com,1,BigDataCamp Attendee,"Sep 10, 2011 at 9:30 AM",,,"Ghaziabad, India",,,,47955101,Free Order,USD,0,0,0,0,0,Attending,eTicket,,,,,,,,,,,,information technology,Yes,,,,,,,student,raj kumar goel institute of technology,,,,,,,8826481051,,,
"BigDataCamp Delhi Sept 10, 2011",2051489059,BigDataCamp,62038994,4856513462038990000,"Sep 4, 2011",Goyal,Rohit,rohitgoyal18@gmail.com,,Goyal,Rohit,,rohitgoyal18@gmail.com,1,BigDataCamp Attendee,"Sep 10, 2011 at 9:30 AM",,,"Delhi, India",,,,48565134,Free Order,USD,0,0,0,0,0,Attending,eTicket,,,,,,,,,,,,,Yes,,,,,,,student,Aset,,,,,,,,,http://vampirictechnos.blogspot.com,
"BigDataCamp Delhi Sept 10, 2011",2051489059,BigDataCamp,61973524,4851161061973520000,"Sep 3, 2011",KUMAR,ROHIT,rohitkumar224@gmail.com,,KUMAR,ROHIT,,rohitkumar224@gmail.com,1,BigDataCamp Attendee,"Sep 10, 2011 at 9:30 AM",,,"Ghaziabad, India",,,,48511610,Free Order,USD,0,0,0,0,0,Attending,eTicket,,,,,,,,,,,,,Yes,,,,,,,Student,RKGIT,,,,,,,,,,
"BigDataCamp Delhi Sept 10, 2011",2051489059,BigDataCamp,61416771,4808942161416770000,"Aug 31, 2011",kannojia,rashmi,rshm0710@gmail.com,,kannojia,rashmi,,rshm0710@gmail.com,1,BigDataCamp Attendee,"Sep 10, 2011 at 9:30 AM",,,"Ghaziabad, India",,,,48089421,Free Order,USD,0,0,0,0,0,Attending,eTicket,,,,,,,,,,,,,Yes,,,,,,,student,rkgit,,,,,,,,,,
"BigDataCamp Delhi Sept 10, 2011",2051489059,BigDataCamp,61967600,4850682261967600000,"Sep 3, 2011",SAHU,SACHIN,sachinhello.sahu031@gmail.com,,SAHU,SACHIN,,sachinhello.sahu031@gmail.com,1,BigDataCamp Attendee,"Sep 10, 2011 at 9:30 AM",,,"Ghaziabad, India",,,,48506822,Free Order,USD,0,0,0,0,0,Attending,eTicket,,,,,,,,,,,,,Yes,,,,,,,Student,KIET,,,,,,,,,,
"BigDataCamp Delhi Sept 10, 2011",2051489059,BigDataCamp,61273717,4798085361273720000,"Aug 30, 2011",saxena,sagar,sagar.saxena07@gmail.com,,saxena,sagar,,sagar.saxena07@gmail.com,1,BigDataCamp Attendee,"Sep 10, 2011 at 9:30 AM",,,"Ghaziabad, India",,,,47980853,Free Order,USD,0,0,0,0,0,Attending,eTicket,,,,,,,,,,,,,Yes,,,,,,,student,rkgit,,,,,,,9873631086,,,
"BigDataCamp Delhi Sept 10, 2011",2051489059,BigDataCamp,62948434,4929293862948430000,"Sep 9, 2011",SAINI,HIMANSHU,saini.vipcomputer@gmail.com,,SAINI,HIMANSHU,,saini.vipcomputer@gmail.com,1,BigDataCamp Attendee,"Sep 10, 2011 at 9:30 AM",,,"Ghaziabad, India",,,,49292938,Free Order,USD,0,0,0,0,0,Attending,eTicket,,,,,,,,,,,,,Yes,,,,,,,STUDENT,RKGIT,,,,,,,,,,
"BigDataCamp Delhi Sept 10, 2011",2051489059,BigDataCamp,61277353,4798361361277350000,"Aug 30, 2011",agarwal,sakshi,sakshi.ag92@gmail.com,,agarwal,sakshi,,sakshi.ag92@gmail.com,1,BigDataCamp Attendee,"Sep 10, 2011 at 9:30 AM",,,"Delhi, India",,,,47983613,Free Order,USD,0,0,0,0,0,Attending,eTicket,,,,,,,,,,,,,Yes,,,,,,,student,rkgit,,,,,,,,,,
"BigDataCamp Delhi Sept 10, 2011",2051489059,BigDataCamp,62130048,4863744462130050000,"Sep 5, 2011",gupta,samarth,samarth.gupta02@gmail.com,,gupta,samarth,,samarth.gupta02@gmail.com,1,BigDataCamp Attendee,"Sep 10, 2011 at 9:30 AM",,,"Ghaziabad, India",,,,48637444,Free Order,USD,0,0,0,0,0,Attending,eTicket,,,,,,,,,,,,,Yes,,,,,,,student,techophilia,,,,,,,8882301859,http://www.techophilia.in,,
"BigDataCamp Delhi Sept 10, 2011",2051489059,BigDataCamp,60616441,4747869960616440000,"Aug 25, 2011",Singh,Sandeep,sandeep@whitehatpeople.com,,Singh,Sandeep,,sandeep@whitehatpeople.com,1,BigDataCamp Attendee,"Sep 10, 2011 at 9:30 AM",,,"Delhi, India",,,,47478699,Free Order,USD,0,0,0,0,0,Attending,eTicket,,,,,,,,,,,,,No,,,,,,,Co-Founder/Consultant,WhitehatPeople,,,,,,,,http://www.whitehatpeople.com,http://sandeepya.wordpress.com,
"BigDataCamp Delhi Sept 10, 2011",2051489059,BigDataCamp,61419997,4809176361420000000,"Aug 31, 2011",kumar,sandeep,sandeeprocks010@gmail.com,,kumar,sandeep,,sandeeprocks010@gmail.com,1,BigDataCamp Attendee,"Sep 10, 2011 at 9:30 AM",,,"Ghaziabad, India",,,,48091763,Free Order,USD,0,0,0,0,0,Attending,eTicket,,,,,,,,,,,,sociology,Yes,,,,,,,student,rk goel,,,,,,,8527009889,http://www.facebook.com,http://www.gmail.com,
"BigDataCamp Delhi Sept 10, 2011",2051489059,BigDataCamp,61161103,4789645561161100000,"Aug 29, 2011",singh,sandeep,sandy007loveu@gmail.com,,singh,sandeep,,sandy007loveu@gmail.com,1,BigDataCamp Attendee,"Sep 10, 2011 at 9:30 AM",,,"New Delhi, India",,,,47896455,Free Order,USD,0,0,0,0,0,Attending,eTicket,,,,,,,,,,,,,Yes,,,,,,,student,mdu,,,,,,,,,,
"BigDataCamp Delhi Sept 10, 2011",2051489059,BigDataCamp,60800521,4762395560800520000,"Aug 26, 2011",negi,sandeep,sandynegi2005@gmail.com,,negi,sandeep,,sandynegi2005@gmail.com,1,BigDataCamp Attendee,"Sep 10, 2011 at 9:30 AM",,,"Delhi, India",,,,47623955,Free Order,USD,0,0,0,0,0,Attending,eTicket,,,,,,,,,,,,,Yes,,,,,,,student,Jamia Hamdard University,,,,,,,,,,
"BigDataCamp Delhi Sept 10, 2011",2051489059,BigDataCamp,61161643,4789688561161640000,"Aug 29, 2011",tomar,vineet,sandypearl@live.com,,tomar,vineet,,sandypearl@live.com,1,BigDataCamp Attendee,"Sep 10, 2011 at 9:30 AM",,,"New Delhi, India",,,,47896885,Free Order,USD,0,0,0,0,0,Attending,eTicket,,,,,,,,,,,,,Yes,,,,,,,student,mdu,,,,,,,,,,
"BigDataCamp Delhi Sept 10, 2011",2051489059,BigDataCamp,60603381,4746822560603380000,"Aug 25, 2011",Sharma,Sanjay,sanjay.sharma@impetus.co.in,,Sharma,Sanjay,,sanjay.sharma@impetus.co.in,1,BigDataCamp Attendee,"Sep 10, 2011 at 9:30 AM",,,"Indore, India",,,,47468225,Free Order,USD,0,0,0,0,0,Attending,eTicket,,,,,,,,,,,,,No,,,,,,,Sr Techincal Architect,Impetus,,,,,,,,http://sanjaysharmaonline.info,http://indoos.wordpress.com,
"BigDataCamp Delhi Sept 10, 2011",2051489059,BigDataCamp,59833687,4685446159833690000,"Aug 18, 2011",singh,sanjiv,sanjiv.is.on@gmail.com,,singh,sanjiv,,sanjiv.is.on@gmail.com,1,BigDataCamp Attendee,"Sep 10, 2011 at 9:30 AM",,,"Delhi, India",,,,46854461,Free Order,USD,0,0,0,0,0,Attending,eTicket,,,,,,,,,,,,,Yes,,,,,,,software Engineer,Impetus Infotech(India),,,,,,,9990447339,,http://sanjivblogs.blogspot.com/,
"BigDataCamp Delhi Sept 10, 2011",2051489059,BigDataCamp,61396893,4807427561396890000,"Aug 31, 2011",verma,saumya,saumyaverma92@gmail.com,,verma,saumya,,saumyaverma92@gmail.com,1,BigDataCamp Attendee,"Sep 10, 2011 at 9:30 AM",,,"Ghaziabad, India",,,,48074275,Free Order,USD,0,0,0,0,0,Attending,eTicket,,,,,,,,,,,,,Yes,,,,,,,student,rkgit,,,,,,,,,,
"BigDataCamp Delhi Sept 10, 2011",2051489059,BigDataCamp,62891046,4924745462891050000,"Sep 9, 2011",pandey,saurabh,saurabh.pandey@impetus.co.in,,pandey,saurabh,,saurabh.pandey@impetus.co.in,1,BigDataCamp Attendee,"Sep 10, 2011 at 9:30 AM",,,"New Delhi, India",,,,49247454,Free Order,USD,0,0,0,0,0,Attending,eTicket,,,,,,,,,,,,,No,,,,,,,Associate Software Engineer,Impetus Infotech,,,,,,,9456261970,,,
"BigDataCamp Delhi Sept 10, 2011",2051489059,BigDataCamp,61242063,4795820561242060000,"Aug 30, 2011",DUBEY,SAURAV,saurav.hello@gmail.com,,DUBEY,SAURAV,,saurav.hello@gmail.com,1,BigDataCamp Attendee,"Sep 10, 2011 at 9:30 AM",,,"Ghaziabad, India",,,,47958205,Free Order,USD,0,0,0,0,0,Attending,eTicket,,,,,,,,,,,,,Yes,,,,,,,student,rkgit ghaziabad,,,,,,,9718450069,,,
"BigDataCamp Delhi Sept 10, 2011",2051489059,BigDataCamp,62760226,4914247462760220000,"Sep 8, 2011",Sengar,Kuldeep,sengar.kuldeep@gmail.com,,Sengar,Kuldeep,,sengar.kuldeep@gmail.com,1,BigDataCamp Attendee,"Sep 10, 2011 at 9:30 AM",,,"Delhi, India",,,,49142474,Free Order,USD,0,0,0,0,0,Attending,eTicket,,,,,,,,,,,,,No,,,,,,,Senior Software Engineer,Opera Solutions,,,,,,,8800595878,http://operasolutions.com,http://sengarkuldeep.wordpress.com,
"BigDataCamp Delhi Sept 10, 2011",2051489059,BigDataCamp,61480147,4813621961480150000,"Aug 31, 2011",Garg,Sachin,sg@rawzor.com,,Garg,Sachin,,sg@rawzor.com,1,BigDataCamp Attendee,"Sep 10, 2011 at 9:30 AM",,,"Delhi, India",,,,48136219,Free Order,USD,0,0,0,0,0,Attending,eTicket,,,,,,,,,,,,,No,,,,,,,Lead Architect,Rawzor,,,,,,,,http://www.rawzor.com,,
"BigDataCamp Delhi Sept 10, 2011",2051489059,BigDataCamp,62143770,4864842062143770000,"Sep 5, 2011",SHARMA,ASHISH KUMAR,shashanktandon20002@gmail.com,,SHARMA,ASHISH KUMAR,,shashanktandon20002@gmail.com,1,BigDataCamp Attendee,"Sep 10, 2011 at 9:30 AM",,,"Ghaziabad, India",,,,48648420,Free Order,USD,0,0,0,0,0,Attending,eTicket,,,,,,,,,,,,,Yes,,,,,,,STUDENT,RKGIT,,,,,,,,,,
"BigDataCamp Delhi Sept 10, 2011",2051489059,BigDataCamp,62217622,4870761462217620000,"Sep 6, 2011",TANDON,SHASHANK,shashanktandon20009@gmail.com,,TANDON,SHASHANK,,shashanktandon20009@gmail.com,1,BigDataCamp Attendee,"Sep 10, 2011 at 9:30 AM",,,"Ghaziabad, India",,,erecfb,48707614,Free Order,USD,0,0,0,0,0,Attending,eTicket,,,,,,,,,,,,,Yes,,,,,,,STUDENT,RKGIT GHAZIABAD,,,,,,,8005408388,http://techophilia.in,http://user.techophilia.in/shashanktandon,
"BigDataCamp Delhi Sept 10, 2011",2051489059,BigDataCamp,61246305,4796086761246300000,"Aug 30, 2011",saxena,shaury,shaury.saxena@gmail.com,,saxena,shaury,,shaury.saxena@gmail.com,1,BigDataCamp Attendee,"Sep 10, 2011 at 9:30 AM",,,"Ghaziabad, India",,,,47960867,Free Order,USD,0,0,0,0,0,Attending,eTicket,,,,,,,,,,,,,Yes,,,,,,,student,iec,,,,,,,,,,
"BigDataCamp Delhi Sept 10, 2011",2051489059,BigDataCamp,60597723,4746364960597720000,"Aug 25, 2011",Gupta,Shekhar ,shekhargpt89@gmail.com,,Gupta,Shekhar ,,shekhargpt89@gmail.com,1,BigDataCamp Attendee,"Sep 10, 2011 at 9:30 AM",,,"Ghaziabad, India",,,,47463649,Free Order,USD,0,0,0,0,0,Attending,eTicket,,,,,,,,,,,,,Yes,,,,,,,Systems Engineer,Infosys Technologies,,,,,,,,,,
"BigDataCamp Delhi Sept 10, 2011",2051489059,BigDataCamp,62835516,4920384862835520000,"Sep 8, 2011",BHARADWAAJ,ANUBHA,shiningstar.bharadwaaj@gmail.com,,BHARADWAAJ,ANUBHA,,shiningstar.bharadwaaj@gmail.com,1,BigDataCamp Attendee,"Sep 10, 2011 at 9:30 AM",,,"New Delhi, India",,,,49203848,Free Order,USD,0,0,0,0,0,Attending,eTicket,,,,,,,,,,,,,Yes,,,,,,,student,rkgit,,,,,,,,,,
"BigDataCamp Delhi Sept 10, 2011",2051489059,BigDataCamp,61243319,4795896761243320000,"Aug 30, 2011",saxena,shivang,shivangrules.47@gmail.com,,saxena,shivang,,shivangrules.47@gmail.com,1,BigDataCamp Attendee,"Sep 10, 2011 at 9:30 AM",,,"Ghaziabad, India",,,,47958967,Free Order,USD,0,0,0,0,0,Attending,eTicket,,,,,,,,,,,,,Yes,,,,,,,student,rkgit,,,,,,,8860280616,,,
"BigDataCamp Delhi Sept 10, 2011",2051489059,BigDataCamp,60585521,4745397160585520000,"Aug 24, 2011",Bansal,Shobhna,shobhna.bansal@tcs.com,,Bansal,Shobhna,,shobhna.bansal@tcs.com,1,BigDataCamp Attendee,"Sep 10, 2011 at 9:30 AM",,,"Delhi, India",,,esli,47453971,Free Order,USD,0,0,0,0,0,Attending,eTicket,,,,,,,,,,,,How Hadoop Hive's latency issues can be dealt with,Yes,,,,,,,Associate,TCS,,,,,,,1206657656,http://www.tcs.com,,
"BigDataCamp Delhi Sept 10, 2011",2051489059,BigDataCamp,61363253,4804766561363250000,"Aug 31, 2011",singh,shruti,shrutifriend.singh4@gmail.com,,singh,shruti,,shrutifriend.singh4@gmail.com,1,BigDataCamp Attendee,"Sep 10, 2011 at 9:30 AM",,,"Ghaziabad, India",,,,48047665,Free Order,USD,0,0,0,0,0,Attending,eTicket,,,,,,,,,,,,,Yes,,,,,,,student,rkgit,,,,,,,,,,
"BigDataCamp Delhi Sept 10, 2011",2051489059,BigDataCamp,62140528,4864576262140530000,"Sep 5, 2011",agarwal,shubham,shubham.agarwal.086@gmail.com,,Agarwal,Shubham,,shubham.agrawal.086@gmail.com,1,BigDataCamp Attendee,"Sep 10, 2011 at 9:30 AM",,,"Ghaziabad, India",,,,48645762,Free Order,USD,0,0,0,0,0,Attending,eTicket,,,,,,,,,,,,,Yes,,,,,,,student,RKGIT,,,,,,,9451447608,,,
"BigDataCamp Delhi Sept 10, 2011",2051489059,BigDataCamp,62141314,4864642462141310000,"Sep 5, 2011",awasthi,shubham,shubhamawasthi@ymail.com,,awasthi,shubham,,shubhamawasthi@ymail.com,1,BigDataCamp Attendee,"Sep 10, 2011 at 9:30 AM",,,"Ghaziabad, India",,,,48646424,Free Order,USD,0,0,0,0,0,Attending,eTicket,,,,,,,,,,,,,Yes,,,,,,,student,rkgit,,,,,,,9873893942,http://www.techophilia.in,,
"BigDataCamp Delhi Sept 10, 2011",2051489059,BigDataCamp,61276119,4798273361276120000,"Aug 30, 2011",srivastava,shubham,shubhamsrivastava123@gmail.com,,srivastava,shubham,,shubhamsrivastava123@gmail.com,1,BigDataCamp Attendee,"Sep 10, 2011 at 9:30 AM",,,"Gurgaon, India",,,,47982733,Free Order,USD,0,0,0,0,0,Attending,eTicket,,,,,,,,,,,,Security on Clouds,Yes,,,,,,,student,R. K. GOEL Institute of Technology,,,,,,,8802082702,,http://www.shubhamrkgit.wordpress.com,
"BigDataCamp Delhi Sept 10, 2011",2051489059,BigDataCamp,61791866,4836673861791870000,"Sep 2, 2011",Atrish,Shwetambri,shweta.atrish07@gmail.com,,Atrish,shwetambri,,shweta.atrish07@gmail.com,1,BigDataCamp Attendee,"Sep 10, 2011 at 9:30 AM",,,"Ghaziabad, India",,,,48366738,Free Order,USD,0,0,0,0,0,Attending,eTicket,,,,,,,,,,,,,Yes,,,,,,,Student,RKGIT,,,,,,,,,,
"BigDataCamp Delhi Sept 10, 2011",2051489059,BigDataCamp,61356915,4804273561356920000,"Aug 30, 2011",singh,ankita,simplyankitasingh22@yahoo.com,,singh,ankita,,simplyankitasingh22@yahoo.com,1,BigDataCamp Attendee,"Sep 10, 2011 at 9:30 AM",,,"Ghaziabad, India",,,,48042735,Free Order,USD,0,0,0,0,0,Attending,eTicket,,,,,,,,,,,,,Yes,,,,,,,student,R.K.G.I.T,,,,,,,,,,
"BigDataCamp Delhi Sept 10, 2011",2051489059,BigDataCamp,62837154,4920510862837150000,"Sep 8, 2011",rai,twara,simplytwara@gmail.com,,rai,twara,,simplytwara@gmail.com,1,BigDataCamp Attendee,"Sep 10, 2011 at 9:30 AM",,,"Gurgaon, India",,,,49205108,Free Order,USD,0,0,0,0,0,Attending,eTicket,,,,,,,,,,,,,Yes,,,,,,,student,rkgit,,,,,,,,,,
"BigDataCamp Delhi Sept 10, 2011",2051489059,BigDataCamp,61804122,4837634261804120000,"Sep 2, 2011",singh,divya,singhdivyasingh17@gmail.com,,singh,divya,,singhdivyasingh17@gmail.com,1,BigDataCamp Attendee,"Sep 10, 2011 at 9:30 AM",,,"Ghaziabad, India",,,,48376342,Free Order,USD,0,0,0,0,0,Attending,eTicket,,,,,,,,,,,,bj,Yes,,,,,,,student,rkgit,,,,,,,,,,
"BigDataCamp Delhi Sept 10, 2011",2051489059,BigDataCamp,61424423,4809523761424420000,"Aug 31, 2011",singh,shweta,singhkhushboo72@gmail.com,,singh,shweta,,singhkhushboo72@gmail.com,1,BigDataCamp Attendee,"Sep 10, 2011 at 9:30 AM",,,"Ghaziabad, India",,,,48095237,Free Order,USD,0,0,0,0,0,Attending,eTicket,,,,,,,,,,,,computer security,Yes,,,,,,,student,rkgit,,,,,,,8802082702,,,
"BigDataCamp Delhi Sept 10, 2011",2051489059,BigDataCamp,60054841,4702930560054840000,"Aug 21, 2011",Goyal,Sonal,sonal@nubetech.co,,Goyal,Sonal,,sonal@nubetech.co,1,BigDataCamp Attendee,"Sep 10, 2011 at 9:30 AM",,,"Delhi, India",,,,47029305,Free Order,USD,0,0,0,0,0,Attending,eTicket,,,,,,,,,,,,Challenges for reporting on Big Data. ,Yes,,,,,,,"Founder, CEO",Nube Technologies,,,,,,,8800541717,http://nubetech.co,http://nubetech.co/weblog,
"BigDataCamp Delhi Sept 10, 2011",2051489059,BigDataCamp,62892206,4924829262892210000,"Sep 9, 2011",BARIK,SOUMEN,soumen.barik@gmail.com,,BARIK,SOUMEN,,soumen.barik@gmail.com,1,BigDataCamp Attendee,"Sep 10, 2011 at 9:30 AM",,,"Bethlehem, PA, United States",,,,49248292,Free Order,USD,0,0,0,0,0,Attending,eTicket,,,,,,,,,,,,,Yes,,,,,,,Software Engineer,Impetus Infotech,,,,,,,7428324121,,,
"BigDataCamp Delhi Sept 10, 2011",2051489059,BigDataCamp,62142164,4864712862142160000,"Sep 5, 2011",PANDEY,ADITYA PRAKASH,spoiledbratadi@gmail.com,,PANDEY,ADITYA PRAKASH,,spoiledbratadi@gmail.com,1,BigDataCamp Attendee,"Sep 10, 2011 at 9:30 AM",,,"Ghaziabad, India",,,,48647128,Free Order,USD,0,0,0,0,0,Attending,eTicket,,,,,,,,,,,,,No,,,,,,,Media Manager,"Techophilia, India",,,,,,,8010763166,http://www.techophilia.in,,
"BigDataCamp Delhi Sept 10, 2011",2051489059,BigDataCamp,62641420,4904799462641420000,"Sep 7, 2011",Sonkar,Suchay,suchay.21@gmail.com,,Sonkar,Suchay,,suchay.21@gmail.com,1,BigDataCamp Attendee,"Sep 10, 2011 at 9:30 AM",,,"Lucknow, India",,,,49047994,Free Order,USD,0,0,0,0,0,Attending,eTicket,,,,,,,,,,,,,Yes,,,,,,,Student,KIET,,,,,,,8860964567,,,
"BigDataCamp Delhi Sept 10, 2011",2051489059,BigDataCamp,62899702,4925415062899700000,"Sep 9, 2011",Banerjee,Sudipta ,sudipta.banerjee@sifycorp.com,,Banerjee,Sudipta ,,sudipta.banerjee@sifycorp.com,1,BigDataCamp Attendee,"Sep 10, 2011 at 9:30 AM",,,"Delhi, India",,,,49254150,Free Order,USD,0,0,0,0,0,Attending,eTicket,,,,,,,,,,,,,Yes,,,,,,,Sales Specailist- DataCenter,Sify Technologies,,,,,,,9650012634,http://sifycorp.com,,
"BigDataCamp Delhi Sept 10, 2011",2051489059,BigDataCamp,59846037,4686394959846040000,"Aug 19, 2011",Gupta,Sumit,sumit_cse@yahoo.com,,Gupta,Sumit ,,sumit_cse@yahoo.com,1,BigDataCamp Attendee,"Sep 10, 2011 at 9:30 AM",,,"Gurgaon, India",,,,46863949,Free Order,USD,0,0,0,0,0,Attending,eTicket,,,,,,,,,,,,,Yes,,,,,,,Software Engineer,Nagarro Software,,,,,,,8826608816,http://www.nagarro.com,,
"BigDataCamp Delhi Sept 10, 2011",2051489059,BigDataCamp,62930800,4927909862930800000,"Sep 9, 2011",Kumar,Sumit kumar,Sumitrok@hotmail.com,,Kumar,Sumit,,Sumitrok@hotmail.com,1,BigDataCamp Attendee,"Sep 10, 2011 at 9:30 AM",,,"Vancouver, BC, Canada",,,,49279098,Free Order,USD,0,0,0,0,0,Attending,eTicket,,,,,,,,,,,,,No,,,,,,,Student,I.e.c. College,,,,,,,,,,
"BigDataCamp Delhi Sept 10, 2011",2051489059,BigDataCamp,61705051,4829966161705050000,"Sep 1, 2011",Kumar,Sumit,Sumituanil@yahoo.com,,Kumar,Sumit,,Sumituanil@yahoo.com,1,BigDataCamp Attendee,"Sep 10, 2011 at 9:30 AM",,,"Los Angeles, CA, United States",,,eorgf,48299661,Free Order,USD,0,0,0,0,0,Attending,eTicket,,,,,,,,,,,,,Yes,,,,,,,Student,Iec-college,,,,,,,,,,
"BigDataCamp Delhi Sept 10, 2011",2051489059,BigDataCamp,61967064,4850637661967060000,"Sep 3, 2011",VISHWAKARMA,SUNIL,sunil.mac36@gmail.com,,VISHWAKARMA,SUNIL,,sunil.mac36@gmail.com,1,BigDataCamp Attendee,"Sep 10, 2011 at 9:30 AM",,,"Ghaziabad, India",,,,48506376,Free Order,USD,0,0,0,0,0,Attending,eTicket,,,,,,,,,,,,,Yes,,,,,,,Student,RKGIT,,,,,,,,,,
"BigDataCamp Delhi Sept 10, 2011",2051489059,BigDataCamp,61473279,4813112161473280000,"Aug 31, 2011",yadav,sunil kumar,sunilkumaryadavn@gmail.com,,yadav,sunil kumar,,sunilkumaryadavn@gmail.com,1,BigDataCamp Attendee,"Sep 10, 2011 at 9:30 AM",,,"Allahabad, India",,,,48131121,Free Order,USD,0,0,0,0,0,Attending,eTicket,,,,,,,,,,,,"networking,cloud computing and the various new technology in it field.",Yes,,,,,,,student,"rkgit,gzb",,,,,,,8882851401,,,
"BigDataCamp Delhi Sept 10, 2011",2051489059,BigDataCamp,61173473,4790464161173470000,"Aug 29, 2011",MANCHANDA,SANDEEP,sunnymanchanda@gmail.com,,MANCHANDA,SANDEEP,,sunnymanchanda@gmail.com,1,BigDataCamp Attendee,"Sep 10, 2011 at 9:30 AM",,,"New Delhi, India",,,,47904641,Free Order,USD,0,0,0,0,0,Attending,eTicket,,,,,,,,,,,,,Yes,,,,,,,IT MANAGER ,BIOS INFOSYSTEMS,,,,,,,9810711805,,,
"BigDataCamp Delhi Sept 10, 2011",2051489059,BigDataCamp,61278113,4798401761278110000,"Aug 30, 2011",sharma,sunny,sunnysharma12892@gmail.com,,sharma,sunny,,sunnysharma12892@gmail.com,1,BigDataCamp Attendee,"Sep 10, 2011 at 9:30 AM",,,"Gurgaon, India",,,,47984017,Free Order,USD,0,0,0,0,0,Attending,eTicket,,,,,,,,,,,,cloud networking,Yes,,,,,,,student,R. K.GOEL INSTITUTE OF TECHNOLOGY,,,,,,,9811118265,,,
"BigDataCamp Delhi Sept 10, 2011",2051489059,BigDataCamp,62249512,4873345462249510000,"Sep 6, 2011",singh,surya pratap,surya_pratap786@yahoo.com,,singh,surya,,surya_pratap786@yahoo.com,1,BigDataCamp Attendee,"Sep 10, 2011 at 9:30 AM",,,"Ghaziabad, India",,,,48733454,Free Order,USD,0,0,0,0,0,Attending,eTicket,,,,,,,,,,,,,Yes,,,,,,,student,rkgit,,,,,,,9411889655,,,
"BigDataCamp Delhi Sept 10, 2011",2051489059,BigDataCamp,61443203,4810962161443200000,"Aug 31, 2011",sahu,tanay,tanaysahu555@gmail.com,,sahu,tanay,,tanaysahu555@gmail.com,1,BigDataCamp Attendee,"Sep 10, 2011 at 9:30 AM",,,"Ghaziabad, India",,,,48109621,Free Order,USD,0,0,0,0,0,Attending,eTicket,,,,,,,,,,,,computer security,Yes,,,,,,,student,rkgit,,,,,,,7827235779,,,
"BigDataCamp Delhi Sept 10, 2011",2051489059,BigDataCamp,60771587,4760090760771590000,"Aug 26, 2011",Anand,Trisha,trisha1990@gmail.com,,Anand,Trisha,,trisha1990@gmail.com,1,BigDataCamp Attendee,"Sep 10, 2011 at 9:30 AM",,,"Hyderabad, India",,,,47600907,Free Order,USD,0,0,0,0,0,Attending,eTicket,,,,,,,,,,,,,No,,,,,,,President,"Center for Entrepreneurial Leadership, BITS-Pilani",,,,,,,9873539560,,,
"BigDataCamp Delhi Sept 10, 2011",2051489059,BigDataCamp,61238909,4795586161238910000,"Aug 30, 2011",kesarwani,tushar,tushar.kesarwani2@gmail.com,,kesarwani,tushar,,tushar.kesarwani2@gmail.com,1,BigDataCamp Attendee,"Sep 10, 2011 at 9:30 AM",,,"Delhi, India",,,,47955861,Free Order,USD,0,0,0,0,0,Attending,eTicket,,,,,,,,,,,,,Yes,,,,,,,freelancer at php development,devine internet,,,,,,,9873928535,http://unleashmytalent.com/,http://itiscrackersgeneration.blogspot.com,
"BigDataCamp Delhi Sept 10, 2011",2051489059,BigDataCamp,59681195,4672861559681200000,"Aug 18, 2011",Tripathi,Uma Nath,uma.nath@eiceinternational.com,,Tripathi,Uma Nath,,uma.nath@eiceinternational.com,1,BigDataCamp Attendee,"Sep 10, 2011 at 9:30 AM",,,"Delhi, India",,,,46728615,Free Order,USD,0,0,0,0,0,Attending,eTicket,,,,,,,,,,,,,Yes,,,,,,,Project Director,EICE International,,,,,,,,http://www.eiceinternational.com,,
"BigDataCamp Delhi Sept 10, 2011",2051489059,BigDataCamp,61355177,4804162161355180000,"Aug 30, 2011",Bajpai,Vaishali,vaishalibaj@gmail.com,,Bajpai,Vaishali,,vaishalibaj@gmail.com,1,BigDataCamp Attendee,"Sep 10, 2011 at 9:30 AM",,,"Ghaziabad, India",,,,48041621,Free Order,USD,0,0,0,0,0,Attending,eTicket,,,,,,,,,,,,,Yes,,,,,,,student,R.K.G.I.T,,,,,,,,,,
"BigDataCamp Delhi Sept 10, 2011",2051489059,BigDataCamp,62428182,4887656862428180000,"Sep 6, 2011",Swastik,Vinay,vicky.love88@gmail.com,,Swastik,Vinay,,vicky.love88@gmail.com,1,BigDataCamp Attendee,"Sep 10, 2011 at 9:30 AM",,,"New Delhi, India",,,,48876568,Free Order,USD,0,0,0,0,0,Attending,eTicket,,,,,,,,,,,,,No,,,,,,,Sales & Marketing Operations Consultant,Cognizant - Enterprise analytics Practice,,,,,,,0124-4350100 X 187,http://www.metallurgist.in/,http://www.vinayswastik.com/,
"BigDataCamp Delhi Sept 10, 2011",2051489059,BigDataCamp,62032248,4855970062032250000,"Sep 4, 2011",ruhil,vikash,vikasruhil06@gmail.com,,ruhil,vikash,,vikasruhil06@gmail.com,1,BigDataCamp Attendee,"Sep 10, 2011 at 9:30 AM",,,"Delhi, India",,,erec,48559700,Free Order,USD,0,0,0,0,0,Attending,eTicket,,,,,,,,,,,,Hadoop,Yes,,,,,,,CTO,Ruasys Consultancy Inc,,,,,,,919717482118,http://www.ruasys.com,http://learnhackstuff.blogspot.com,
"BigDataCamp Delhi Sept 10, 2011",2051489059,BigDataCamp,62653528,4905724662653530000,"Sep 7, 2011",Verma,Vikash,vikpri2007@gmail.com,,Verma,Vikash,,vikpri2007@gmail.com,1,BigDataCamp Attendee,"Sep 10, 2011 at 9:30 AM",,,"Delhi, India",,,,49057246,Free Order,USD,0,0,0,0,0,Attending,eTicket,,,,,,,,,,,,,Yes,,,,,,,Software Engineer,Opera Solutions,,,,,,,9650096220,,,
"BigDataCamp Delhi Sept 10, 2011",2051489059,BigDataCamp,61931952,4847936261931950000,"Sep 2, 2011",Bhutani,Vinay,vinay.bhutani@agreeya.com,,Bhutani,Vinay,,vinay.bhutani@agreeya.com,1,BigDataCamp Attendee,"Sep 10, 2011 at 9:30 AM",,,"Mumbai, India",,,,48479362,Free Order,USD,0,0,0,0,0,Attending,eTicket,,,,,,,,,,,,,No,,,,,,,Senior PM,AgreeYa Solutions,,,,,,,911204394400,,,
"BigDataCamp Delhi Sept 10, 2011",2051489059,BigDataCamp,62899646,4925409862899650000,"Sep 9, 2011",Gupta,Vipul,vips001@gmail.com,,Gupta,Vipul,,vips001@gmail.com,1,BigDataCamp Attendee,"Sep 10, 2011 at 9:30 AM",,,"Delhi, India",,,,49254098,Free Order,USD,0,0,0,0,0,Attending,eTicket,,,,,,,,,,,,,No,,,,,,,Sr. Test Architect,Impetus,,,,,,,,http://vipulgupta1.wordpress.com,http://vipulgupta1.wordpress.com,
"BigDataCamp Delhi Sept 10, 2011",2051489059,BigDataCamp,62902776,4925666062902780000,"Sep 9, 2011",Rawal,Vishal,vishal_rawal@sify.com,,Rawal,Vishal,,vishal_rawal@sify.com,1,BigDataCamp Attendee,"Sep 10, 2011 at 9:30 AM",,,"Delhi, India",,,,49256660,Free Order,USD,0,0,0,0,0,Attending,eTicket,,,,,,,,,,,,,Yes,,,,,,,Senior Associate,Sapient,,,,,,,,http://www.sapient.com,,
"BigDataCamp Delhi Sept 10, 2011",2051489059,BigDataCamp,60899275,4769495160899280000,"Aug 27, 2011",H Pillai,Vishnu,vishnu7891@live.com,,H Pillai,Vishnu,,vishnu7891@live.com,1,BigDataCamp Attendee,"Sep 10, 2011 at 9:30 AM",,,"Delhi, India",,,,47694951,Free Order,USD,0,0,0,0,0,Attending,eTicket,,,,,,,,,,,,,Yes,,,,,,,Student,Delhi University,,,,,,,9999455184,,http://starbloggings.blogspot.com,
"BigDataCamp Delhi Sept 10, 2011",2051489059,BigDataCamp,61772960,4835140661772960000,"Sep 2, 2011",Mishra,Vivek,vivek.mishra@yahoo.com,,Mishra,Vivek,,vivek.mishra@yahoo.com,1,BigDataCamp Attendee,"Sep 10, 2011 at 9:30 AM",,,"Delhi, India",,,eorg,48351406,Free Order,USD,0,0,0,0,0,Attending,eTicket,,,,,,,,,,,,,Yes,,,,,,,Developer,Impetus,,,,,,,,http://mevivs.wordpress.com,http://mevivs.wordpress.com,
"BigDataCamp Delhi Sept 10, 2011",2051489059,BigDataCamp,60588661,4745647360588660000,"Aug 24, 2011",Prashad,Vivek,vivek.prashad@impetus.co.in,,Prashad,Vivek,,vivek.prashad@impetus.co.in,1,BigDataCamp Attendee,"Sep 10, 2011 at 9:30 AM",,,"Delhi, India",,,,47456473,Free Order,USD,0,0,0,0,0,Attending,eTicket,,,,,,,,,,,,,Yes,,,,,,,Senior Software Engineer,Impetus Infotech (India) Pvt. Ltd.,,,,,,,,,,
"BigDataCamp Delhi Sept 10, 2011",2051489059,BigDataCamp,61012311,4778230761012310000,"Aug 28, 2011",jain,vivek,vivekkumarjain@hotmail.co.in,,jain,vivek,,vivekkumarjain@hotmail.co.in,1,BigDataCamp Attendee,"Sep 10, 2011 at 9:30 AM",,,"New Delhi, India",,,,47782307,Free Order,USD,0,0,0,0,0,Attending,eTicket,,,,,,,,,,,,Please try add some practical Demonstration of cloud deployment ,Yes,,,,,,,Software Developer,secure meters ltd.,,,,,,,8527336232,,,
"BigDataCamp Delhi Sept 10, 2011",2051489059,BigDataCamp,61702615,4829820561702620000,"Sep 1, 2011",Singh,Vivek,Viveksingh_92@rediff.com,,Singh,Vivek,,Viveksingh_92@rediff.com,1,BigDataCamp Attendee,"Sep 10, 2011 at 9:30 AM",,,"Los Angeles, CA, United States",,,,48298205,Free Order,USD,0,0,0,0,0,Attending,eTicket,,,,,,,,,,,,,Yes,,,,,,,Student,Iec college,,,,,,,,,,
"BigDataCamp Delhi Sept 10, 2011",2051489059,BigDataCamp,61250535,4796408761250540000,"Aug 30, 2011",Singh,Vijay,vjsingh2008@rediff.com,,Singh,Vijay,,vjsingh2008@rediff.com,1,BigDataCamp Attendee,"Sep 10, 2011 at 9:30 AM",,,"Mumbai, India",,,,47964087,Free Order,USD,0,0,0,0,0,Attending,eTicket,,,,,,,,,,,,,Yes,,,,,,,Student,R.K.G.I.T,,,,,,,9873656811,,,
"BigDataCamp Delhi Sept 10, 2011",2051489059,BigDataCamp,61268733,4797803361268730000,"Aug 30, 2011",Sinha,Pooja ,waytopooja.sinha@yahoo.com,,Sinha,Pooja ,,waytopooja.sinha@yahoo.com,1,BigDataCamp Attendee,"Sep 10, 2011 at 9:30 AM",,,"Ghaziabad, India",,,,47978033,Free Order,USD,0,0,0,0,0,Attending,eTicket,,,,,,,,,,,,,Yes,,,,,,,student,RKGIT,,,,,,,,,,
"BigDataCamp Delhi Sept 10, 2011",2051489059,BigDataCamp,61020387,4778815761020390000,"Aug 29, 2011",Kumar,Alok,whitehatguru@hotmail.com,,Kumar,Alok,,whitehatguru@hotmail.com,1,BigDataCamp Attendee,"Sep 10, 2011 at 9:30 AM",,,"New Delhi, India",,,,47788157,Free Order,USD,0,0,0,0,0,Attending,eTicket,,,,,,,,,,,,Security and Governance in Cloud.,No,,,,,,,Security Auditor and Penetration Tester,XCySS Pvt. Ltd. ,,,,,,,9810862787,http://xcyss.com,http://whitehatpeople.com,
"BigDataCamp Delhi Sept 10, 2011",2051489059,BigDataCamp,61355663,4804201161355660000,"Aug 30, 2011",Garg,Yashika,yaashigarg07@gmail.com,,Garg,Yashika,,yaashigarg07@gmail.com,1,BigDataCamp Attendee,"Sep 10, 2011 at 9:30 AM",,,"Ghaziabad, India",,,,48042011,Free Order,USD,0,0,0,0,0,Attending,eTicket,,,,,,,,,,,,,Yes,,,,,,,student,R.K.G.I.T,,,,,,,,,,
"BigDataCamp Delhi Sept 10, 2011",2051489059,BigDataCamp,62473780,4891327862473780000,"Sep 7, 2011",YADAV,MANISH,yadav.manish@sifycorp.com,,YADAV,MANISH,,yadav.manish@sifycorp.com,1,BigDataCamp Attendee,"Sep 10, 2011 at 9:30 AM",,,"New Delhi, India",,,,48913278,Free Order,USD,0,0,0,0,0,Attending,eTicket,,,,,,,,,,,,,Yes,,,,,,,Executive,Sify Technologies Ltd.,,,,,,,8800466285,http://www.sifycorp.com,,
"BigDataCamp Delhi Sept 10, 2011",2051489059,BigDataCamp,61269031,4797828961269030000,"Aug 30, 2011",Yadav,Namrata ,yadav.namrata1005@gmail.com,,Yadav,Namrata ,,yadav.namrata1005@gmail.com,1,BigDataCamp Attendee,"Sep 10, 2011 at 9:30 AM",,,"Ghaziabad, India",,,,47978289,Free Order,USD,0,0,0,0,0,Attending,eTicket,,,,,,,,,,,,,Yes,,,,,,,student,RKGIT,,,,,,,,,,
"BigDataCamp Delhi Sept 10, 2011",2051489059,BigDataCamp,61241321,4795766961241320000,"Aug 30, 2011",Munjal,Yashika,yashikamunjal@yahoo.com,,Munjal,Yashika,,yashikamunjal@yahoo.com,1,BigDataCamp Attendee,"Sep 10, 2011 at 9:30 AM",,,"Ghaziabad, India",,,,47957669,Free Order,USD,0,0,0,0,0,Attending,eTicket,,,,,,,,,,,,,Yes,,,,,,,student,"RKGIT,Ghaziabad",,,,,,,,,,
"BigDataCamp Delhi Sept 10, 2011",2051489059,BigDataCamp,61356243,4804247361356240000,"Aug 30, 2011",khan,zainab,zainabkhan411@gmail.com,,khan,zainab,,zainabkhan411@gmail.com,1,BigDataCamp Attendee,"Sep 10, 2011 at 9:30 AM",,,"Ghaziabad, India",,,,48042473,Free Order,USD,0,0,0,0,0,Attending,eTicket,,,,,,,,,,,,,Yes,,,,,,,student,R.K.G.I.T,,,,,,,,,,
"BigDataCamp Delhi Sept 10, 2011",2051489059,BigDataCamp,60605517,4746995760605520000,"Aug 25, 2011",Ul Haq,Zia ,ZiaUl.Haq@msptechrep.com,,Ul Haq,Zia ,,ZiaUl.Haq@msptechrep.com,1,BigDataCamp Attendee,"Sep 10, 2011 at 9:30 AM",,,"Delhi, India",,,,47469957,Free Order,USD,0,0,0,0,0,Attending,eTicket,,,,,,,,,,,,Application development for PaaS services of Cloud Computing,No,,,,,,,Student Partner,Microsoft,,,,,,,,http://www.techvoyage.in,,
