Order #,Event Name,Event ID,Organizer Name,Attendee #,Barcode #,Order Date,Buyer Last Name,Buyer First Name,Buyer Email,Prefix,Last Name,First Name,Suffix,Email,Quantity,Ticket Type,Date Attending,Device #,Check-In Date,IP Location,Discount,Group,Affiliate,Order Type,Currency,Total Paid,Fees Paid,Eventbrite Fees,Eventbrite Payment Processing,Tax Paid,Attendee Status,Ticket Delivery Method,Home Address 1,Home Address 2,Home City,Home State,Home Zip,Home Country,Home Phone,Cell Phone,Gender,Age,Birth Date,Shipping Address 1,Shipping Address 2,Shipping City,Shipping State,Shipping Zip,Shipping Country,Job Title,Company,Work Address 1,Work Address 2,Work City,Work State,Work Zip,Work Country,Work Phone,Website,Blog,Notes
8831310,"OpsCamp Austin - Jan 30, 2010",529979182,OpsCamp,11968095,,"Jan 22, 2010",Smith,Aaron Manley,aaron@motorphilia.com,,Smith,Aaron Manley Smith,,aaron@motorphilia.com,1,Attendee,"Jan 30, 2010 at 8:00 AM",,,"Austin, TX, United States",,,efbnen,Free Order,USD,0,0,0,0,0,Attending,eTicket,,,,,,,,,,,,,,,,,,Owner,Motorphilia,,,,,,,,http://www.motorphilia.com,http://www.facebook.com/motorphilia,
8806332,"OpsCamp Austin - Jan 30, 2010",529979182,OpsCamp,11935542,,"Jan 21, 2010",Jacob,Adam,adam@opscode.com,,Jacob,Adam,,adam@opscode.com,1,Attendee,"Jan 30, 2010 at 8:00 AM",,,United States,,,,Free Order,USD,0,0,0,0,0,Attending,eTicket,,,,,,,,,,,,,,,,,,CTO,Opscode,,,,,,,,http://www.opscode.com,http://www.opscode.com/blog,
8830160,"OpsCamp Austin - Jan 30, 2010",529979182,OpsCamp,11966650,,"Jan 22, 2010",Honor,Alex,alex@dtosolutions.com,,Honor,Alex,,alex@dtosolutions.com,1,Attendee,"Jan 30, 2010 at 8:00 AM",,,"San Francisco, CA, United States",,,,Free Order,USD,0,0,0,0,0,Attending,eTicket,,,,,,,,,,,,,,,,,,Founder,ControlTier Project,,,,,,,,http://controltier.org,http://dev2ops.org,
8786468,"OpsCamp Austin - Jan 30, 2010",529979182,OpsCamp,11910183,,"Jan 20, 2010",Shafer,Andrew Clay,andrewcshafer@gmail.com,,Shafer,Andrew Clay,,andrewcshafer@gmail.com,1,Attendee,"Jan 30, 2010 at 8:00 AM",,,"Salt Lake City, UT, United States",,,,Free Order,USD,0,0,0,0,0,Attending,eTicket,,,,,,,,,,,,,,,,,,Itinerant Philosopher King,,,,,,,,,,http://stochasticresonance.wordpress.com,
8811177,"OpsCamp Austin - Jan 30, 2010",529979182,OpsCamp,11941657,,"Jan 21, 2010",Gaba,Ankur,ankurgaba@yahoo.com,,Gaba,Ankur,,ankurgaba@yahoo.com,1,Attendee,"Jan 30, 2010 at 8:00 AM",,,"Austin, TX, United States",,,,Free Order,USD,0,0,0,0,0,Attending,eTicket,,,,,,,,,,,,,,,,,,,,,,,,,,,,,
8703790,"OpsCamp Austin - Jan 30, 2010",529979182,OpsCamp,11807308,,"Jan 17, 2010",Karpovich,Bill,bk@zenoss.com,,Karpovich,Bill,,bk@zenoss.com,1,Attendee,"Jan 30, 2010 at 8:00 AM",,,United States,,,,Free Order,USD,0,0,0,0,0,Attending,eTicket,,,,,,,,,,,,,,,,,,CEO & Co-Founder,"Zenoss, Inc.",,,,,,,,http://www.zenoss.com,http://blog.zenoss.com,
8654271,"OpsCamp Austin - Jan 30, 2010",529979182,OpsCamp,11746387,,"Jan 14, 2010",Keathley,Bob,bob@zenoss.com,,Keathley,Bob,,bob@zenoss.com,1,Attendee,"Jan 30, 2010 at 8:00 AM",,,"Austin, TX, United States",,,,Free Order,USD,0,0,0,0,0,Attending,eTicket,,,,,,,,,,,,,,,,,,Global Accounts Manager,Zenoss,,,,,,,,http://www.zenoss.com,,
8495936,"OpsCamp Austin - Jan 30, 2010",529979182,OpsCamp,11553967,,"Jan 6, 2010",Willis,John,botchagalupe@gmail.com,,Willis,John,,botchagalupe@gmail.com,1,Attendee,"Jan 30, 2010 at 8:00 AM",,,"Acworth, GA, United States",,,,Free Order,USD,0,0,0,0,0,Attending,eTicket,,,,,,,,,,,,,,,,,,VP of Services,"Opscode, Inc.",,,,,,,,http://www.opscode.com/,http://www.johnmwillis.com/,
8969347,"OpsCamp Austin - Jan 30, 2010",529979182,OpsCamp,12140516,,"Jan 28, 2010",Knowles,Brad,brad@shub-internet.org,,Knowles,Brad,,brad@shub-internet.org,1,Attendee,"Jan 30, 2010 at 8:00 AM",,,"Austin, TX, United States",,,,Free Order,USD,0,0,0,0,0,Attending,eTicket,,,,,,,,,,,,,,,,,,Sr. Unix System Administrator,,,,,,,,,http://www.shub-internet.org/brad/,,
8738138,"OpsCamp Austin - Jan 30, 2010",529979182,OpsCamp,11849571,,"Jan 19, 2010",Piatt,Bret,bret.piatt@rackspace.com,,Piatt,Bret,,bret.piatt@rackspace.com,1,Attendee,"Jan 30, 2010 at 8:00 AM",,,"San Antonio, TX, United States",,,,Free Order,USD,0,0,0,0,0,Attending,eTicket,,,,,,,,,,,,,,,,,,Technology Alliances,Rackspace Hosting,,,,,,,,http://tools.rackspacecloud.com,http://www.bretpiatt.com/blog,
8995224,"OpsCamp Austin - Jan 30, 2010",529979182,OpsCamp,12172275,,"Jan 29, 2010",Brown,James,brown.james.robert@gmail.com,,Brown,James,,brown.james.robert@gmail.com,1,Attendee,"Jan 30, 2010 at 8:00 AM",,,"Austin, TX, United States",,,,Free Order,USD,0,0,0,0,0,Attending,eTicket,,,,,,,,,,,,,,,,,,Technology Executive,Self,,,,,,,,,,
8630037,"OpsCamp Austin - Jan 30, 2010",529979182,OpsCamp,11717238,,"Jan 13, 2010",Brown,Justin,Brown.Justin@gmail.com,,Brown,Justin,,Brown.Justin@gmail.com,1,Attendee,"Jan 30, 2010 at 8:00 AM",,,"Waco, TX, United States",,,,Free Order,USD,0,0,0,0,0,Attending,eTicket,,,,,,,,,,,,,,,,,,Student,Baylor University,,,,,,,,,,
8749525,"OpsCamp Austin - Jan 30, 2010",529979182,OpsCamp,11864000,,"Jan 19, 2010",Wallander,Buck,bwalla@gmail.com,,Wallander,Buck,,bwalla@gmail.com,1,Attendee,"Jan 30, 2010 at 8:00 AM",,,"Austin, TX, United States",,,,Free Order,USD,0,0,0,0,0,Attending,eTicket,,,,,,,,,,,,,,,,,,Network Security Engineer,"Rackspace Hosting, Inc.",,,,,,,,http://www.rackspace.com,http://www.dynohack.com,
8991603,"OpsCamp Austin - Jan 30, 2010",529979182,OpsCamp,12167922,,"Jan 29, 2010",Bowman,Chris,chris.korcett@gmail.com,,Bowman,Chris,,chris.korcett@gmail.com,1,Attendee,"Jan 30, 2010 at 8:00 AM",,,"Austin, TX, United States",,,,Free Order,USD,0,0,0,0,0,Attending,eTicket,,,,,,,,,,,,,,,,,,Network Engineer,Korcett Holdings,,,,,,,,http://korcett.com,,
8995044,"OpsCamp Austin - Jan 30, 2010",529979182,OpsCamp,12172047,,"Jan 29, 2010",Krough,Chris,chris@krough.org,,Krough,Chris,,chris@krough.org,1,Attendee,"Jan 30, 2010 at 8:00 AM",,,"San Antonio, TX, United States",,,,Free Order,USD,0,0,0,0,0,Attending,eTicket,,,,,,,,,,,,,,,,,,Systems Engineer,,,,,,,,,,,
8502072,"OpsCamp Austin - Jan 30, 2010",529979182,OpsCamp,11561042,,"Jan 7, 2010",Cote',Michal,cote@redmonk.com,,Cote',Michal,,cote@redmonk.com,1,Attendee,"Jan 30, 2010 at 8:00 AM",,,"Austin, TX, United States",,,,Free Order,USD,0,0,0,0,0,Attending,eTicket,,,,,,,,,,,,,,,,,,Analyst,RedMonk,,,,,,,,http://www.redmonk.com/,http://www.peopleoverprocess.com/,
8800667,"OpsCamp Austin - Jan 30, 2010",529979182,OpsCamp,11928338,,"Jan 21, 2010",Acosta,Ben,Dallasben@aol.com,,Acosta,Ben,,Dallasben@aol.com,1,Attendee,"Jan 30, 2010 at 8:00 AM",,,"Lewisville, TX, United States",,,,Free Order,USD,0,0,0,0,0,Attending,eTicket,,,,,,,,,,,,,,,,,,,,,,,,,,,,,
8506086,"OpsCamp Austin - Jan 30, 2010",529979182,OpsCamp,11565756,,"Jan 7, 2010",Edwards,Damon,damon@dtosolutions.com,,Edwards,Damon,,damon@dtosolutions.com,1,Attendee,"Jan 30, 2010 at 8:00 AM",,,"San Francisco, CA, United States",,,,Free Order,USD,0,0,0,0,0,Attending,eTicket,,,,,,,,,,,,,,,,,,,DTO Solutions,,,,,,,,http://dtosolutions.com,http://dev2ops.org,
8692619,"OpsCamp Austin - Jan 30, 2010",529979182,OpsCamp,11793578,,"Jan 16, 2010",Ryan,David,daryan@gmail.com,,Ryan,David,,daryan@gmail.com,1,Attendee,"Jan 30, 2010 at 8:00 AM",,,"Austin, TX, United States",,,,Free Order,USD,0,0,0,0,0,Attending,eTicket,,,,,,,,,,,,,,,,,,,,,,,,,,,,,
8602084,"OpsCamp Austin - Jan 30, 2010",529979182,OpsCamp,11682342,,"Jan 12, 2010",Cruse,Dean,dean.cruse@gmail.com,,Cruse,Dean,,dean.cruse@gmail.com,1,Attendee,"Jan 30, 2010 at 8:00 AM",,,"Austin, TX, United States",,,,Free Order,USD,0,0,0,0,0,Attending,eTicket,,,,,,,,,,,,,,,,,,VP Marketing,Zenoss,,,,,,,,http://www.zenoss.com,http://blog.zenoss.com,
8838768,"OpsCamp Austin - Jan 30, 2010",529979182,OpsCamp,11977939,,"Jan 23, 2010",Harrison,Dennis,dennis@fastergreener.net,Dr.,Harrison,Dennis,Jr,dennis@fastergreener.net,1,Attendee,"Jan 30, 2010 at 8:00 AM",,,United States,,,,Free Order,USD,0,0,0,0,0,Attending,eTicket,,,,,,,,,,,,,,,,,,Solutions Architect,Faster Greener,,,,,,,,http://www.fastergreener.net,http://www.yetanotherdude.com,
8864684,"OpsCamp Austin - Jan 30, 2010",529979182,OpsCamp,12010332,,"Jan 25, 2010",,,derr_daniel@yahoo.com,,Derr,Daniel,,derr_daniel@yahoo.com,1,Attendee,"Jan 30, 2010 at 8:00 AM",,,Unknown Location,,,,Free Order,USD,0,0,0,0,0,Attending,eTicket,,,,,,,,,,,,,,,,,,VP Technology,Arrowhead Electronic Healthcare,,,,,,,,http://aheh.com,,
8800340,"OpsCamp Austin - Jan 30, 2010",529979182,OpsCamp,11927902,,"Jan 21, 2010",Needles,Daniel,dneedles@gmail.com,,Needles,Daniel,,dneedles@gmail.com,1,Attendee,"Jan 30, 2010 at 8:00 AM",,,"Cedar Park, TX, United States",,,,Free Order,USD,0,0,0,0,0,Attending,eTicket,,,,,,,,,,,,,,,,,,Partner,Burgess & Associates,,,,,,,,http://www.burgess-associates.com,,
8496172,"OpsCamp Austin - Jan 30, 2010",529979182,OpsCamp,11554231,,"Jan 6, 2010",Nielsen,Dave,dnielsen@gmail.com,,Nielsen,Dave,,dnielsen@gmail.com,1,Attendee,"Jan 30, 2010 at 8:00 AM",,,United States,,,,Free Order,USD,0,0,0,0,0,Attending,eTicket,,,,,,,,,,,,,,,,,,Co-founder,CloudCamp,,,,,,,,http://www.cloudcamp.org,http://twitter.com/davenielsen,
8649480,"OpsCamp Austin - Jan 30, 2010",529979182,OpsCamp,11740465,,"Jan 14, 2010",Walhus,Paul Terry,terry@spring.net,,Epp,Dot,,dot@spring.net,1,Attendee,"Jan 30, 2010 at 8:00 AM",,,"Austin, TX, United States",,,,Free Order,USD,0,0,0,0,0,Attending,eTicket,,,,,,,,,,,,,,,,,,,,,,,,,,,,,
8749660,"OpsCamp Austin - Jan 30, 2010",529979182,OpsCamp,11864162,,"Jan 19, 2010",Denny,Doug,douglas.denny@rackspace.com,,Denny,Doug,,douglas.denny@rackspace.com,1,Attendee,"Jan 30, 2010 at 8:00 AM",,,"San Antonio, TX, United States",,,,Free Order,USD,0,0,0,0,0,Attending,eTicket,,,,,,,,,,,,,,,,,,Sales Engineer (Team Manager),Rackspace,,,,,,,,http://www.rackspace.com,,
8606045,"OpsCamp Austin - Jan 30, 2010",529979182,OpsCamp,11687634,,"Jan 12, 2010",Tharp,Duane,duane@streamstep.com,,Tharp,Duane,,duane@streamstep.com,1,Attendee,"Jan 30, 2010 at 8:00 AM",,,"Austin, TX, United States",,,,Free Order,USD,0,0,0,0,0,Attending,eTicket,,,,,,,,,,,,,,,,,,CEO,StreamStep,,,,,,,,http://streamstep.com,,
8860540,"OpsCamp Austin - Jan 30, 2010",529979182,OpsCamp,12005202,,"Jan 25, 2010",Dahl,Erik,edahl@zenoss.com,,Dahl,Erik,,edahl@zenoss.com,1,Attendee,"Jan 30, 2010 at 8:00 AM",,,United States,,,,Free Order,USD,0,0,0,0,0,Attending,eTicket,,,,,,,,,,,,,,,,,,CTO and Co-Founder,Zenoss,,,,,,,,http://www.zenoss.com,,
8821438,"OpsCamp Austin - Jan 30, 2010",529979182,OpsCamp,11955483,,"Jan 22, 2010",Quintanilla,Elizabeth,elizabeth.quintanilla@gmail.com,,Quintanilla,Elizabeth,,elizabeth.quintanilla@gmail.com,1,Attendee,"Jan 30, 2010 at 8:00 AM",,,"Austin, TX, United States",,,,Free Order,USD,0,0,0,0,0,Attending,eTicket,,,,,,,,,,,,,,,,,,Founder,"EQ Consultants Group, LLC",,,,,,,,,,
8763046,"OpsCamp Austin - Jan 30, 2010",529979182,OpsCamp,11881308,,"Jan 20, 2010",Harris,Evan,eohj94@kinison.puremagic.com,,Harris,E,,eohj94@kinison.puremagic.com,1,Attendee,"Jan 30, 2010 at 8:00 AM",,,"Austin, TX, United States",,,,Free Order,USD,0,0,0,0,0,Attending,eTicket,,,,,,,,,,,,,,,,,,Systems Support,,,,,,,,,,,
8512468,"OpsCamp Austin - Jan 30, 2010",529979182,OpsCamp,11573372,,"Jan 7, 2010",Brescia,Erica,erica@bitrock.com,,Brescia,Erica,,erica@bitrock.com,1,Attendee,"Jan 30, 2010 at 8:00 AM",,,"San Jose, CA, United States",,,,Free Order,USD,0,0,0,0,0,Attending,eTicket,,,,,,,,,,,,,,,,,,CEO,BitRock / BitNami.org,,,,,,,,http://www.bitnami.org,http://bitnami.org/blog,
8766682,"OpsCamp Austin - Jan 30, 2010",529979182,OpsCamp,11885575,,"Jan 20, 2010",Mueller,Ernest,ernest.mueller@ni.com,,Mueller,Ernest,,ernest.mueller@ni.com,1,Attendee,"Jan 30, 2010 at 8:00 AM",,,"Austin, TX, United States",,,,Free Order,USD,0,0,0,0,0,Attending,eTicket,,,,,,,,,,,,,,,,,,Web Systems Architect,National Instruments,,,,,,,,http://www.ni.com,http://www.webadminblog.com,
8863647,"OpsCamp Austin - Jan 30, 2010",529979182,OpsCamp,12009009,,"Jan 25, 2010",Mallory,Evan,esopian@gmail.com,,Mallory,Evan,,esopian@gmail.com,1,Attendee,"Jan 30, 2010 at 8:00 AM",,,"San Antonio, TX, United States",,,,Free Order,USD,0,0,0,0,0,Attending,eTicket,,,,,,,,,,,,,,,,,,Director Product Development,,,,,,,,,,,
8869154,"OpsCamp Austin - Jan 30, 2010",529979182,OpsCamp,12015809,,"Jan 25, 2010",Gardner,Philip,eventbrite.com@philipgardner.com,,Gardner,Philip,,eventbrite.com@philipgardner.com,1,Attendee,"Jan 30, 2010 at 8:00 AM",,,"Austin, TX, United States",,,,Free Order,USD,0,0,0,0,0,Attending,eTicket,,,,,,,,,,,,,,,,,,Systems Engineer,HomeAway.com,,,,,,,,http://www.homeaway.com,,
8837539,"OpsCamp Austin - Jan 30, 2010",529979182,OpsCamp,11976404,,"Jan 23, 2010",Moore,Rob,eventbrite.robmoore@xoxy.net,,Moore,Rob,,eventbrite.robmoore@xoxy.net,1,Attendee,"Jan 30, 2010 at 8:00 AM",,,"Austin, TX, United States",,,,Free Order,USD,0,0,0,0,0,Attending,eTicket,,,,,,,,,,,,,,,,,,Principal Software Engineer,Edustructures,,,,,,,,http://www.edustructures.com,,
8814651,"OpsCamp Austin - Jan 30, 2010",529979182,OpsCamp,11945957,,"Jan 22, 2010",,,ew@austinrailyard.com,,Williams,Eric,,ew@austinrailyard.com,1,Attendee,"Jan 30, 2010 at 8:00 AM",,,"Austin, TX, United States",,,,Free Order,USD,0,0,0,0,0,Attending,eTicket,,,,,,,,,,,,,,,,,,,,,,,,,,,,,
8629194,"OpsCamp Austin - Jan 30, 2010",529979182,OpsCamp,11716210,,"Jan 13, 2010",Fluhmann,Jeremy,fluhmann@gmail.com,,Fluhmann,Jeremy,,fluhmann@gmail.com,1,Attendee,"Jan 30, 2010 at 8:00 AM",,,"Ballinger, TX, United States",,,,Free Order,USD,0,0,0,0,0,Attending,eTicket,,,,,,,,,,,,,,,,,,Technology Director,Winters Independent School District,,,,,,,,http://www.wintersisd.net/,http://jfluhmann.edublogs.org/,
8909945,"OpsCamp Austin - Jan 30, 2010",529979182,OpsCamp,12067146,,"Jan 26, 2010",Friel,Paul,frielp@gmail.com,,Friel,Paul,,frielp@gmail.com,1,Attendee,"Jan 30, 2010 at 8:00 AM",,,"Austin, TX, United States",,,,Free Order,USD,0,0,0,0,0,Attending,eTicket,,,,,,,,,,,,,,,,,,Systems Administrator,BioWare,,,,,,,,http://www.bioware.com,,
8767486,"OpsCamp Austin - Jan 30, 2010",529979182,OpsCamp,11886538,,"Jan 20, 2010",Raaum,Greg,greg@lushtech.com,,Raaum,Greg,,greg@lushtech.com,1,Attendee,"Jan 30, 2010 at 8:00 AM",,,"Austin, TX, United States",,,,Free Order,USD,0,0,0,0,0,Attending,eTicket,,,,,,,,,,,,,,,,,,CTO,Lush technologies,,,,,,,,http://www.lushtech.com,,
8615508,"OpsCamp Austin - Jan 30, 2010",529979182,OpsCamp,11699326,,"Jan 12, 2010",Campbell,Travis,hcoyote@gmail.com,,Campbell,Travis,,hcoyote@gmail.com,1,Attendee,"Jan 30, 2010 at 8:00 AM",,,"Austin, TX, United States",,,,Free Order,USD,0,0,0,0,0,Attending,eTicket,,,,,,,,,,,,,,,,,,Senior Systems Administrator,UT Austin,,,,,,,,,,
8783206,"OpsCamp Austin - Jan 30, 2010",529979182,OpsCamp,11906093,,"Jan 20, 2010",Cross,Hunter,info@ponticlaro.com,,Cross,Hunter,,info@ponticlaro.com,1,Attendee,"Jan 30, 2010 at 8:00 AM",,,"Austin, TX, United States",,,,Free Order,USD,0,0,0,0,0,Attending,eTicket,,,,,,,,,,,,,,,,,,Developer,Ponticlaro Inc.,,,,,,,,http://ponticlaro.com,http://huntercross.com,
8965893,"OpsCamp Austin - Jan 30, 2010",529979182,OpsCamp,12136279,,"Jan 28, 2010",Roth,Issac,iroth@webappvm.com,,Roth,Issac,,iroth@webappvm.com,1,Attendee,"Jan 30, 2010 at 8:00 AM",,,"Saratoga, CA, United States",,,,Free Order,USD,0,0,0,0,0,Attending,eTicket,,,,,,,,,,,,,,,,,,CEO,webappVM,,,,,,,,http://www.webappvm.com,http://www.webappvm.com/blog,
8528366,"OpsCamp Austin - Jan 30, 2010",529979182,OpsCamp,11592732,,"Jan 8, 2010",Gat,Israel,isrgat@gmail.com,,Gat,Israel,,isrgat@gmail.com,1,Attendee,"Jan 30, 2010 at 8:00 AM",,,"Austin, TX, United States",,,,Free Order,USD,0,0,0,0,0,Attending,eTicket,,,,,,,,,,,,,,,,,,Senior Consultant,Cutter Consortium,,,,,,,,http://www.cutter.com/index.html,http://http://theagileexecutive.com/,
8761818,"OpsCamp Austin - Jan 30, 2010",529979182,OpsCamp,11879797,,"Jan 20, 2010",Choate,James,james.choate@twcable.com,,Choate,James,,james.choate@twcable.com,1,Attendee,"Jan 30, 2010 at 8:00 AM",,,"Austin, TX, United States",,,,Free Order,USD,0,0,0,0,0,Attending,eTicket,,,,,,,,,,,,,,,,,,Digital Systems Administrator,Time Warner Cable Central Texas,,,,,,,,http://twcable.com,,
8991788,"OpsCamp Austin - Jan 30, 2010",529979182,OpsCamp,12168125,,"Jan 29, 2010",Brown,Matt,matt@blacklightsolutions.com,,Brown,James,,jamesrobertbrown@gmail.com,1,Attendee,"Jan 30, 2010 at 8:00 AM",,,"Austin, TX, United States",,,,Free Order,USD,0,0,0,0,0,Attending,eTicket,,,,,,,,,,,,,,,,,,,,,,,,,,,,,
8820242,"OpsCamp Austin - Jan 30, 2010",529979182,OpsCamp,11954052,,"Jan 22, 2010",Bartleson,Janet,janet_bartleson@dell.com,,Bartleson,Janet,,janet_bartleson@dell.com,1,Attendee,"Jan 30, 2010 at 8:00 AM",,,"Round Rock, TX, United States",,,,Free Order,USD,0,0,0,0,0,Attending,eTicket,,,,,,,,,,,,,,,,,,Sr. Marketing Consultant,Dell Inc.,,,,,,,,http://www.dell.com,,
8860982,"OpsCamp Austin - Jan 30, 2010",529979182,OpsCamp,12005728,,"Jan 25, 2010",Baldwin,James,jbaldwin@bioware.com,,Baldwin,James,,jbaldwin@bioware.com,1,Attendee,"Jan 30, 2010 at 8:00 AM",,,"Austin, TX, United States",,,,Free Order,USD,0,0,0,0,0,Attending,eTicket,,,,,,,,,,,,,,,,,,Systems Engineer,BioWare,,,,,,,,http://bioware.com,http://bioware.com,
8865545,"OpsCamp Austin - Jan 30, 2010",529979182,OpsCamp,12011330,,"Jan 25, 2010",Bouressa,James,jbouressa@homeaway.com,,Bouressa,James,,jbouressa@homeaway.com,1,Attendee,"Jan 30, 2010 at 8:00 AM",,,"Austin, TX, United States",,,,Free Order,USD,0,0,0,0,0,Attending,eTicket,,,,,,,,,,,,,,,,,,Systems Engineer,Homeaway.com,,,,,,,,http://Homeaway.com,,
8852531,"OpsCamp Austin - Jan 30, 2010",529979182,OpsCamp,11995480,,"Jan 24, 2010",Mulkey,Jody,jody@shopzilla.com,,Dean,Justin,,jdean@shopzilla.com,1,Attendee,"Jan 30, 2010 at 8:00 AM",,,"Santa Monica, CA, United States",,,,Free Order,USD,0,0,0,0,0,Attending,eTicket,,,,,,,,,,,,,,,,,,,,,,,,,,,,,
8756822,"OpsCamp Austin - Jan 30, 2010",529979182,OpsCamp,11873284,,"Jan 19, 2010",Magras,Jean-Claude,jeanclaude.magras@gmail.com,,Magras,Jean-Claude,,jeanclaude.magras@gmail.com,1,Attendee,"Jan 30, 2010 at 8:00 AM",,,"Austin, TX, United States",,,,Free Order,USD,0,0,0,0,0,Attending,eTicket,,,,,,,,,,,,,,,,,,,,,,,,,,,http://www.moonwatchweb.com,,
8863815,"OpsCamp Austin - Jan 30, 2010",529979182,OpsCamp,12009213,,"Jan 25, 2010",Kung,Jimmy,jimmy_kung@aheh.com,,Kung,Jimmy,,jimmy_kung@aheh.com,1,Attendee,"Jan 30, 2010 at 8:00 AM",,,"Wilmington, DE, United States",,,,Free Order,USD,0,0,0,0,0,Attending,eTicket,,,,,,,,,,,,,,,,,,Software Developer,AHEH,,,,,,,,http://www.aheh.com,,
8852531,"OpsCamp Austin - Jan 30, 2010",529979182,OpsCamp,11995482,,"Jan 24, 2010",Mulkey,Jody,jody@shopzilla.com,,Bradner,Greg,,jmulkey@shopzilla.com,1,Attendee,"Jan 30, 2010 at 8:00 AM",,,"Santa Monica, CA, United States",,,,Free Order,USD,0,0,0,0,0,Attending,eTicket,,,,,,,,,,,,,,,,,,,,,,,,,,,,,
8852531,"OpsCamp Austin - Jan 30, 2010",529979182,OpsCamp,11995479,,"Jan 24, 2010",Mulkey,Jody,jody@shopzilla.com,,Mulkey,Jody,,jody@shopzilla.com,1,Attendee,"Jan 30, 2010 at 8:00 AM",,,"Santa Monica, CA, United States",,,,Free Order,USD,0,0,0,0,0,Attending,eTicket,,,,,,,,,,,,,,,,,,,,,,,,,,,,,
8753247,"OpsCamp Austin - Jan 30, 2010",529979182,OpsCamp,11868733,,"Jan 19, 2010",Doherty,John,john_doherty@att.net,,Doherty,John,,john_doherty@att.net,1,Attendee,"Jan 30, 2010 at 8:00 AM",,,"Austin, TX, United States",,,,Free Order,USD,0,0,0,0,0,Attending,eTicket,,,,,,,,,,,,,,,,,,,,,,,,,,,,,
8935634,"OpsCamp Austin - Jan 30, 2010",529979182,OpsCamp,12098786,,"Jan 27, 2010",Considine,John,john@cloudswitch.com,,Considine,John,,john@cloudswitch.com,1,Attendee,"Jan 30, 2010 at 8:00 AM",,,"Ashburnham, MA, United States",,,,Free Order,USD,0,0,0,0,0,Attending,eTicket,,,,,,,,,,,,,,,,,,CTO,CloudSwitch,,,,,,,,http://cloudswitch.com,http://cloudswitch.com/blog,
8870175,"OpsCamp Austin - Jan 30, 2010",529979182,OpsCamp,12016989,,"Jan 25, 2010",Pruitt,Jeremy,jpruitt@juniper.net,,Pruitt,Jeremy,,jpruitt@juniper.net,1,Attendee,"Jan 30, 2010 at 8:00 AM",,,"San Jose, CA, United States",,,,Free Order,USD,0,0,0,0,0,Attending,eTicket,,,,,,,,,,,,,,,,,,IT Operations Manager,Juniper Networks,,,,,,,,http://www.juniper.net,,
8852531,"OpsCamp Austin - Jan 30, 2010",529979182,OpsCamp,11995481,,"Jan 24, 2010",Mulkey,Jody,jody@shopzilla.com,,Ramirez,Juan Paul,,jramirez@shopzilla.com,1,Attendee,"Jan 30, 2010 at 8:00 AM",,,"Santa Monica, CA, United States",,,,Free Order,USD,0,0,0,0,0,Attending,eTicket,,,,,,,,,,,,,,,,,,,,,,,,,,,,,
8837777,"OpsCamp Austin - Jan 30, 2010",529979182,OpsCamp,11976704,,"Jan 23, 2010",Ryan,Justin,justizin@fastergreener.net,,Ryan,Justin,,justizin@fastergreener.net,1,Attendee,"Jan 30, 2010 at 8:00 AM",,,"San Francisco, CA, United States",,,,Free Order,USD,0,0,0,0,0,Attending,eTicket,,,,,,,,,,,,,,,,,,Green Technology Director,Faster Greener LLC,,,,,,,,http://www.fastergreener.net/,http://www.bitmonk.net/,
8814299,"OpsCamp Austin - Jan 30, 2010",529979182,OpsCamp,11945555,,"Jan 22, 2010",Ho,Alan,karlunho@gmail.com,,Ho,Alan,,karlunho@gmail.com,1,Attendee,"Jan 30, 2010 at 8:00 AM",,,Unknown Location,,,,Free Order,USD,0,0,0,0,0,Attending,eTicket,,,,,,,,,,,,,,,,,,Product Manager,Dell.com,,,,,,,,,,
8813932,"OpsCamp Austin - Jan 30, 2010",529979182,OpsCamp,11945138,,"Jan 22, 2010",Balusu,krishna,kbalusu@yahoo.com,,Balusu,krishna,,kbalusu@yahoo.com,1,Attendee,"Jan 30, 2010 at 8:00 AM",,,Unknown Location,,,,Free Order,USD,0,0,0,0,0,Attending,eTicket,,,,,,,,,,,,,,,,,,,,,,,,,,,,,
8865467,"OpsCamp Austin - Jan 30, 2010",529979182,OpsCamp,12011243,,"Jan 25, 2010",Tropiano,Lenny,ltropiano@homeaway.com,,Tropiano,Lenny,,ltropiano@homeaway.com,1,Attendee,"Jan 30, 2010 at 8:00 AM",,,"Austin, TX, United States",,,,Free Order,USD,0,0,0,0,0,Attending,eTicket,,,,,,,,,,,,,,,,,,Sr. Systems/Network Architect,"HomeAway, Inc.",,,,,,,,http://www.homeaway.com,http://blog.homeaway.com,
8514773,"OpsCamp Austin - Jan 30, 2010",529979182,OpsCamp,11576223,,"Jan 7, 2010",Kanies,Luke,luke@reductivelabs.com,,Kanies,Luke,,luke@reductivelabs.com,1,Attendee,"Jan 30, 2010 at 8:00 AM",,,United States,,,,Free Order,USD,0,0,0,0,0,Attending,eTicket,,,,,,,,,,,,,,,,,,CEO,"Reductive Labs, Inc.",,,,,,,,http://reductivelabs.com/,http://reductivelabs.com/blog/,
8811177,"OpsCamp Austin - Jan 30, 2010",529979182,OpsCamp,11941656,,"Jan 21, 2010",Gaba,Ankur,ankurgaba@yahoo.com,,Luthra,Poonam,,luthra_poonam@yahoo.co.in,1,Attendee,"Jan 30, 2010 at 8:00 AM",,,"Austin, TX, United States",,,,Free Order,USD,0,0,0,0,0,Attending,eTicket,,,,,,,,,,,,,,,,,,,,,,,,,,,,,
8611201,"OpsCamp Austin - Jan 30, 2010",529979182,OpsCamp,11693826,,"Jan 12, 2010",Bender,Lynn,lynnbender@geekaustin.org,,Bender,Lynn,,lynnbender@geekaustin.org,1,Attendee,"Jan 30, 2010 at 8:00 AM",,,"Austin, TX, United States",,,,Free Order,USD,0,0,0,0,0,Attending,eTicket,,,,,,,,,,,,,,,,,,,GeekAustin,,,,,,,,http://geekaustin.org,,
8837963,"OpsCamp Austin - Jan 30, 2010",529979182,OpsCamp,11976953,,"Jan 23, 2010",Cathcart,Mark,mark_cathcart@dell.com,,Cathcart,Mark,,mark_cathcart@dell.com,1,Attendee,"Jan 30, 2010 at 8:00 AM",,,"San Marcos, TX, United States",,,,Free Order,USD,0,0,0,0,0,Attending,eTicket,,,,,,,,,,,,,,,,,,Director Systems Engineering,Dell Inc.,,,,,,,,"http://www.dell.com/content/products/results.aspx/servers?~ck=anav =us =en =biz
=555 =56975~0~893167 =56975~0~893167",http://cathcam.wordpress.com,
8991788,"OpsCamp Austin - Jan 30, 2010",529979182,OpsCamp,12168124,,"Jan 29, 2010",Brown,Matt,matt@blacklightsolutions.com,,Brown,Matt,,matt@blacklightsolutions.com,1,Attendee,"Jan 30, 2010 at 8:00 AM",,,"Austin, TX, United States",,,,Free Order,USD,0,0,0,0,0,Attending,eTicket,,,,,,,,,,,,,,,,,,,,,,,,,,,,,
8869802,"OpsCamp Austin - Jan 30, 2010",529979182,OpsCamp,12016570,,"Jan 25, 2010",Lawrence,Matt,matt@technoronin.com,,Lawrence,Matt,,matt@technoronin.com,1,Attendee,"Jan 30, 2010 at 8:00 AM",,,Unknown Location,,,,Free Order,USD,0,0,0,0,0,Attending,eTicket,,,,,,,,,,,,,,,,,,,,,,,,,,,,,
8699882,"OpsCamp Austin - Jan 30, 2010",529979182,OpsCamp,11802518,,"Jan 16, 2010",Mollamustafaoglu,Berkay,mberkay@yahoo.com,,Mollamustafaoglu,Berkay,,mberkay@yahoo.com,1,Attendee,"Jan 30, 2010 at 8:00 AM",,,"Arlington, VA, United States",,,,Free Order,USD,0,0,0,0,0,Attending,eTicket,,,,,,,,,,,,,,,,,,,iFountain,,,,,,,,http://www.ifountain.com,http://www.mberkay.com,
8563937,"OpsCamp Austin - Jan 30, 2010",529979182,OpsCamp,11636509,,"Jan 11, 2010",Cruz,Jose,merlinpr@hotmail.com,,Cruz,Jose,,merlinpr@hotmail.com,1,Attendee,"Jan 30, 2010 at 8:00 AM",,,"San Antonio, TX, United States",,,,Free Order,USD,0,0,0,0,0,Attending,eTicket,,,,,,,,,,,,,,,,,,Network Administrator,SwRI,,,,,,,,,,
8749233,"OpsCamp Austin - Jan 30, 2010",529979182,OpsCamp,11863657,,"Jan 19, 2010",Greer,Michelle,michelle.greer@rackspace.com,,Greer,Michelle,,michelle.greer@rackspace.com,1,Attendee,"Jan 30, 2010 at 8:00 AM",,,"Austin, TX, United States",,,,Free Order,USD,0,0,0,0,0,Attending,eTicket,,,,,,,,,,,,,,,,,,"Senior Management, Corporate Development",Rackspace Hosting,,,,,,,,http://tools.rackspacecloud.com,http://rackspacecloud.com/blog,
8762341,"OpsCamp Austin - Jan 30, 2010",529979182,OpsCamp,11880483,,"Jan 20, 2010",,,mloven@ctiusa.com,,Loven,Mike,,mloven@ctiusa.com,1,Attendee,"Jan 30, 2010 at 8:00 AM",,,"Round Rock, TX, United States",,,,Free Order,USD,0,0,0,0,0,Attending,eTicket,,,,,,,,,,,,,,,,,,,,,,,,,,,,,
8693843,"OpsCamp Austin - Jan 30, 2010",529979182,OpsCamp,11795027,,"Jan 16, 2010",Lunt,Mike,mlunt@zenoss.com,,Lunt,Mike,,mlunt@zenoss.com,1,Attendee,"Jan 30, 2010 at 8:00 AM",,,"Leander, TX, United States",,,,Free Order,USD,0,0,0,0,0,Attending,eTicket,,,,,,,,,,,,,,,,,,Director of Engineering,Zenoss,,,,,,,,http://www.zenoss.com,,
8609048,"OpsCamp Austin - Jan 30, 2010",529979182,OpsCamp,11691278,,"Jan 12, 2010",Ray,Matt,mray@zenoss.com,,Ray,Matt,,mray@zenoss.com,1,Attendee,"Jan 30, 2010 at 8:00 AM",,,"Austin, TX, United States",,,,Free Order,USD,0,0,0,0,0,Attending,eTicket,,,,,,,,,,,,,,,,,,Community Manager,Zenoss,,,,,,,,http://community.zenoss.org,http://blog.zenoss.com,
8501947,"OpsCamp Austin - Jan 30, 2010",529979182,OpsCamp,11560883,,"Jan 7, 2010",Hinkle,Mark,mrhinkle@gmail.com,,Hinkle,Mark,,mrhinkle@gmail.com,1,Attendee,"Jan 30, 2010 at 8:00 AM",,,"Raleigh, NC, United States",,,,Free Order,USD,0,0,0,0,0,Attending,eTicket,,,,,,,,,,,,,,,,,,VP of Community,Zenoss,,,,,,,,http://www.zenoss.com,http://socializedsoftware.com,
8814616,"OpsCamp Austin - Jan 30, 2010",529979182,OpsCamp,11945922,,"Jan 22, 2010",,,mw@austinrailyard.com,,Williams,Michael,,mw@austinrailyard.com,1,Attendee,"Jan 30, 2010 at 8:00 AM",,,"Austin, TX, United States",,,,Free Order,USD,0,0,0,0,0,Attending,eTicket,,,,,,,,,,,,,,,,,,,,,,,,,,,,,
8599976,"OpsCamp Austin - Jan 30, 2010",529979182,OpsCamp,11679781,,"Jan 12, 2010",,,mw@softcentric.com,,Williams,Michael,,mw@softcentric.com,1,Attendee,"Jan 30, 2010 at 8:00 AM",,,"Austin, TX, United States",,,,Free Order,USD,0,0,0,0,0,Attending,eTicket,,,,,,,,,,,,,,,,,,,,,,,,,,,,,
8754790,"OpsCamp Austin - Jan 30, 2010",529979182,OpsCamp,11870740,,"Jan 19, 2010",,,nhazayyjbw@snkmail.com,,Wilson,Drake,,nhazayyjbw@snkmail.com,1,Attendee,"Jan 30, 2010 at 8:00 AM",,,"Austin, TX, United States",,,,Free Order,USD,0,0,0,0,0,Attending,eTicket,,,,,,,,,,,,,,,,,,,,,,,,,,,,,
8863634,"OpsCamp Austin - Jan 30, 2010",529979182,OpsCamp,12008996,,"Jan 25, 2010",hemmi,otto,ottoman01@gmail.com,,hemmi,otto,,ottoman01@gmail.com,1,Attendee,"Jan 30, 2010 at 8:00 AM",,,"Wilmington, DE, United States",,,,Free Order,USD,0,0,0,0,0,Attending,eTicket,,,,,,,,,,,,,,,,,,software developer,Arrowhead,,,,,,,,,,
8748811,"OpsCamp Austin - Jan 30, 2010",529979182,OpsCamp,11863079,,"Jan 19, 2010",Karayanev,Peco,peco.karayanev@ni.com,,Karayanev,Peco,,peco.karayanev@ni.com,1,Attendee,"Jan 30, 2010 at 8:00 AM",,,"Austin, TX, United States",,,,Free Order,USD,0,0,0,0,0,Attending,eTicket,,,,,,,,,,,,,,,,,,Web Systems Engineer,National Instruments,,,,,,,,http://www.ni.com,,
8885857,"OpsCamp Austin - Jan 30, 2010",529979182,OpsCamp,12036033,,"Jan 25, 2010",Fritz,Phil,pfritz@us.ibm.com,,Fritz,Phil,,pfritz@us.ibm.com,1,Attendee,"Jan 30, 2010 at 8:00 AM",,,Unknown Location,,,,Free Order,USD,0,0,0,0,0,Attending,eTicket,,,,,,,,,,,,,,,,,,Product Management,IBM Tivoli,,,,,,,,http://www.ibm.com/services/tivolilive,http://twitter.com/austingringo,
8853356,"OpsCamp Austin - Jan 30, 2010",529979182,OpsCamp,11996558,,"Jan 24, 2010",Hamby,Paul,phamby@gmail.com,,Hamby,Paul,,phamby@gmail.com,1,Attendee,"Jan 30, 2010 at 8:00 AM",,,"Austin, TX, United States",,,,Free Order,USD,0,0,0,0,0,Attending,eTicket,,,,,,,,,,,,,,,,,,,,,,,,,,,,,
8815515,"OpsCamp Austin - Jan 30, 2010",529979182,OpsCamp,11947291,,"Jan 22, 2010",Gopalan,Prabhakar,prabhakarg@gmail.com,,Gopalan,Prabhakar,,prabhakarg@gmail.com,1,Attendee,"Jan 30, 2010 at 8:00 AM",,,"Austin, TX, United States",,,,Free Order,USD,0,0,0,0,0,Attending,eTicket,,,,,,,,,,,,,,,,,,Sr. Product Marketing Manager,Red Hat Inc,,,,,,,,,,
8834452,"OpsCamp Austin - Jan 30, 2010",529979182,OpsCamp,11972600,,"Jan 22, 2010",patlola,praneeth,praneeth.patlola@gmail.com,,patlola,praneeth,,praneeth.patlola@gmail.com,1,Attendee,"Jan 30, 2010 at 8:00 AM",,,Unknown Location,,,,Free Order,USD,0,0,0,0,0,Attending,eTicket,,,,,,,,,,,,,,,,,,Director,Unedollar,,,,,,,,http://www.unedollar.com,http://praneethpatlola.blogspot.com,
8858109,"OpsCamp Austin - Jan 30, 2010",529979182,OpsCamp,12002346,,"Jan 25, 2010",Wheat,Phil,pwheat_98@hotmail.com,,Wheat,Phil,,pwheat_98@hotmail.com,1,Attendee,"Jan 30, 2010 at 8:00 AM",,,"Austin, TX, United States",,,,Free Order,USD,0,0,0,0,0,Attending,eTicket,,,,,,,,,,,,,,,,,,,,,,,,,,,http://PhilipWheat.com,http://PhilipWheat.com,
8650913,"OpsCamp Austin - Jan 30, 2010",529979182,OpsCamp,11742272,,"Jan 14, 2010",Dovich,Ron,rdovich@blacklightsolutions.com,,Dovich,Ron,,rdovich@blacklightsolutions.com,1,Attendee,"Jan 30, 2010 at 8:00 AM",,,United States,,,,Free Order,USD,0,0,0,0,0,Attending,eTicket,,,,,,,,,,,,,,,,,,Principal,Blacklight Solutions,,,,,,,,http://www.blacklightsolutions.com,http://blacklightsolutions.wordpress.com/,
8749089,"OpsCamp Austin - Jan 30, 2010",529979182,OpsCamp,11863429,,"Jan 19, 2010",Cope,Robert,robert@gonkgonk.com,,Cope,Robert,,robert@gonkgonk.com,1,Attendee,"Jan 30, 2010 at 8:00 AM",,,"Austin, TX, United States",,,,Free Order,USD,0,0,0,0,0,Attending,eTicket,,,,,,,,,,,,,,,,,,Web Systems Administrator,National Instruments,,,,,,,,http://www.ni.com/,,
8969945,"OpsCamp Austin - Jan 30, 2010",529979182,OpsCamp,12141198,,"Jan 28, 2010",Romero,Román,romanrfhack@gmail.com,,Romero,Román,,romanrfhack@gmail.com,1,Attendee,"Jan 30, 2010 at 8:00 AM",,,"Mexico, Mexico",,,,Free Order,USD,0,0,0,0,0,Attending,eTicket,,,,,,,,,,,,,,,,,,,,,,,,,,,,,
8620366,"OpsCamp Austin - Jan 30, 2010",529979182,OpsCamp,11705093,,"Jan 13, 2010",Meek,Ryan,ryan.meek@caringo.com,,Meek,Ryan,,ryan.meek@caringo.com,1,Attendee,"Jan 30, 2010 at 8:00 AM",,,"Austin, TX, United States",,,,Free Order,USD,0,0,0,0,0,Attending,eTicket,,,,,,,,,,,,,,,,,,Technical Account Manager,"Caringo, Inc.",,,,,,,,http://www.caringo.com,,
8633163,"OpsCamp Austin - Jan 30, 2010",529979182,OpsCamp,11720949,,"Jan 13, 2010",Bennett,Simon,sbennett@gwos.com,,Bennett,Simon,,sbennett@gwos.com,1,Attendee,"Jan 30, 2010 at 8:00 AM",,,United States,,,,Free Order,USD,0,0,0,0,0,Attending,eTicket,,,,,,,,,,,,,,,,,,Sr. Director of Product Management,GWOS,,,,,,,,http://www.gwos.com/,http://www.groundworkopensource.com/blog/,
8739154,"OpsCamp Austin - Jan 30, 2010",529979182,OpsCamp,11850766,,"Jan 19, 2010",Scallan,Michael,scallanmp@gmail.com,,Scalla,Michael,,scallanmp@gmail.com,1,Attendee,"Jan 30, 2010 at 8:00 AM",,,"Austin, TX, United States",,,,Free Order,USD,0,0,0,0,0,Attending,eTicket,,,,,,,,,,,,,,,,,,,,,,,,,,,,,
8789593,"OpsCamp Austin - Jan 30, 2010",529979182,OpsCamp,11913953,,"Jan 21, 2010",Crowl,Steve,scrowl@ieee.org,,Crowl,Steve,,scrowl@ieee.org,1,Attendee,"Jan 30, 2010 at 8:00 AM",,,"Austin, TX, United States",,,,Free Order,USD,0,0,0,0,0,Attending,eTicket,,,,,,,,,,,,,,,,,,Consultant,CA,,,,,,,,,,
8895698,"OpsCamp Austin - Jan 30, 2010",529979182,OpsCamp,12047944,,"Jan 26, 2010",Stephens,Shawn,shawn.stephens@gmail.com,,Stephens,Shawn,,shawn.stephens@gmail.com,1,Attendee,"Jan 30, 2010 at 8:00 AM",,,"Katy, TX, United States",,,,Free Order,USD,0,0,0,0,0,Attending,eTicket,,,,,,,,,,,,,,,,,,Sr. Systems Consultant,BP,,,,,,,,,,
8604560,"OpsCamp Austin - Jan 30, 2010",529979182,OpsCamp,11685345,,"Jan 12, 2010",Adams,Jeff,spawn-opscamp@adamsclan.org,,Adams,Jeff,,spawn-opscamp@adamsclan.org,1,Attendee,"Jan 30, 2010 at 8:00 AM",,,"Austin, TX, United States",,,,Free Order,USD,0,0,0,0,0,Attending,eTicket,,,,,,,,,,,,,,,,,,,,,,,,,,,,,
8814834,"OpsCamp Austin - Jan 30, 2010",529979182,OpsCamp,11946172,,"Jan 22, 2010",,,steve@romohr.com,,Romohr,Steve,,steve@romohr.com,1,Attendee,"Jan 30, 2010 at 8:00 AM",,,"Austin, TX, United States",,,,Free Order,USD,0,0,0,0,0,Attending,eTicket,,,,,,,,,,,,,,,,,,,,,,,,,,,http://www.romohr.com,,
8558476,"OpsCamp Austin - Jan 30, 2010",529979182,OpsCamp,11630125,,"Jan 10, 2010",Peacock,Steven,steven.peacock@unisys.com,,Peacock,Steven,,steven.peacock@unisys.com,1,Attendee,"Jan 30, 2010 at 8:00 AM",,,United States,,,,Free Order,USD,0,0,0,0,0,Attending,eTicket,,,,,,,,,,,,,,,,,,VP Federal Services Group,Unisys Corporation,,,,,,,,http://unisys.com,,
8772381,"OpsCamp Austin - Jan 30, 2010",529979182,OpsCamp,11892654,,"Jan 20, 2010",,,stuhood@gmail.com,,Hood,Stu,,stuhood@gmail.com,1,Attendee,"Jan 30, 2010 at 8:00 AM",,,"San Antonio, TX, United States",,,,Free Order,USD,0,0,0,0,0,Attending,eTicket,,,,,,,,,,,,,,,,,,,,,,,,,,,,,
8992792,"OpsCamp Austin - Jan 30, 2010",529979182,OpsCamp,12169313,,"Jan 29, 2010",Rama,Subbu,subramanianr@gmail.com,,Rama,Subbu,,subramanianr@gmail.com,1,Attendee,"Jan 30, 2010 at 8:00 AM",,,"Santa Clara, CA, United States",,,,Free Order,USD,0,0,0,0,0,Attending,eTicket,,,,,,,,,,,,,,,,,,Technology Entrepreneur,,,,,,,,,http://www.subburama.com,http://www.subburama.com,
8765197,"OpsCamp Austin - Jan 30, 2010",529979182,OpsCamp,11883833,,"Jan 20, 2010",Seshachala,Sudhi,sudhi@hooduku.com,,SEshachala,Sudhi,,sudhi@hooduku.com,1,Attendee,"Jan 30, 2010 at 8:00 AM",,,"Spring, TX, United States",,,,Free Order,USD,0,0,0,0,0,Attending,eTicket,,,,,,,,,,,,,,,,,,Founder and CTO,Hooduku and Plexicloud,,,,,,,,http://www.hooduku.com,,
8698220,"OpsCamp Austin - Jan 30, 2010",529979182,OpsCamp,11800439,,"Jan 16, 2010",Sheiness,Frank,syndesis@gmail.com,,Sheiness,Frank,,syndesis@gmail.com,1,Attendee,"Jan 30, 2010 at 8:00 AM",,,"Austin, TX, United States",,,,Free Order,USD,0,0,0,0,0,Attending,eTicket,,,,,,,,,,,,,,,,,,,"Korcett Holdings, Inc",,,,,,,,http://www.korcett.com,,
8726155,"OpsCamp Austin - Jan 30, 2010",529979182,OpsCamp,11834902,,"Jan 18, 2010",Syed,Tabrez,tabrez@spiceworks.com,,Syed,Tabrez,,tabrez@spiceworks.com,1,Attendee,"Jan 30, 2010 at 8:00 AM",,,"Austin, TX, United States",,,,Free Order,USD,0,0,0,0,0,Attending,eTicket,,,,,,,,,,,,,,,,,,Director of Products,Spiceworks,,,,,,,,http://www.spiceworks.com,http://blog.spiceworks.com,
8649480,"OpsCamp Austin - Jan 30, 2010",529979182,OpsCamp,11740464,,"Jan 14, 2010",Walhus,Paul Terry,terry@spring.net,,Williams,Derek,,tc@texascoworking.com,1,Attendee,"Jan 30, 2010 at 8:00 AM",,,"Austin, TX, United States",,,,Free Order,USD,0,0,0,0,0,Attending,eTicket,,,,,,,,,,,,,,,,,,,,,,,,,,,http://texascoworking.com,http://spring.net,
8649480,"OpsCamp Austin - Jan 30, 2010",529979182,OpsCamp,11740462,,"Jan 14, 2010",Walhus,Paul Terry,terry@spring.net,,Walhus,Paul Terry,,terry@spring.net,1,Attendee,"Jan 30, 2010 at 8:00 AM",,,"Austin, TX, United States",,,,Free Order,USD,0,0,0,0,0,Attending,eTicket,,,,,,,,,,,,,,,,,,,,,,,,,,,http://texascoworking.com,http://spring.net,
8752744,"OpsCamp Austin - Jan 30, 2010",529979182,OpsCamp,11868127,,"Jan 19, 2010",Tomlinson,Brandon,thebwt@gmail.com,,Tomlinson,Brandon,,thebwt@gmail.com,1,Attendee,"Jan 30, 2010 at 8:00 AM",,,"Austin, TX, United States",,,,Free Order,USD,0,0,0,0,0,Attending,eTicket,,,,,,,,,,,,,,,,,,Student,,,,,,,,,,http://thebwt.ath.cx/blog,
8795265,"OpsCamp Austin - Jan 30, 2010",529979182,OpsCamp,11921213,,"Jan 21, 2010",Thompson,Lee,thompson@dtosolutions.com,,Thompson,Lee,,thompson@dtosolutions.com,1,Attendee,"Jan 30, 2010 at 8:00 AM",,,"Tempe, AZ, United States",,,,Free Order,USD,0,0,0,0,0,Attending,eTicket,,,,,,,,,,,,,,,,,,Consultant,DTO Solutions,,,,,,,,http://dtosolutions.com,http://dev2ops.org,
8757131,"OpsCamp Austin - Jan 30, 2010",529979182,OpsCamp,11873729,,"Jan 19, 2010",Nail,Thomas,tom@sciolist.org,,Nail,Thomas,,tom@sciolist.org,1,Attendee,"Jan 30, 2010 at 8:00 AM",,,"Kyle, TX, United States",,,,Free Order,USD,0,0,0,0,0,Attending,eTicket,,,,,,,,,,,,,,,,,,Sr. Systems Administrator,The University of Texas at Austin,,,,,,,,http://www.utexas.edu/,,
8571090,"OpsCamp Austin - Jan 30, 2010",529979182,OpsCamp,11644864,,"Jan 11, 2010",Spalding,Tara,tspalding@gwos.com,,Spalding,Tara,,tspalding@gwos.com,1,Attendee,"Jan 30, 2010 at 8:00 AM",,,United States,,,,Free Order,USD,0,0,0,0,0,Attending,eTicket,,,,,,,,,,,,,,,,,,Marketing VP,GWOS,,,,,,,,http://gwos.com,http://gwos.com/blog/,
8816271,"OpsCamp Austin - Jan 30, 2010",529979182,OpsCamp,11948577,,"Jan 22, 2010",Ayyagari,Vamsi,Vamsi_Ayyagari@dell.com,,Ayyagari,Vamsi,,Vamsi_Ayyagari@dell.com,1,Attendee,"Jan 30, 2010 at 8:00 AM",,,"Round Rock, TX, United States",,,,Free Order,USD,0,0,0,0,0,Attending,eTicket,,,,,,,,,,,,,,,,,,Enterprise Architect,Dell,,,,,,,,http://www.dell.com,,
8836250,"OpsCamp Austin - Jan 30, 2010",529979182,OpsCamp,11974795,,"Jan 23, 2010",Augustine,Vicki,vicki_augustine@zabovo.com,,Augustine,Vicki,,vicki_augustine@zabovo.com,1,Attendee,"Jan 30, 2010 at 8:00 AM",,,"Acworth, GA, United States",,,,Free Order,USD,0,0,0,0,0,Attending,eTicket,,,,,,,,,,,,,,,,,,,,,,,,,,,,,
8816026,"OpsCamp Austin - Jan 30, 2010",529979182,OpsCamp,11948164,,"Jan 22, 2010",,,wes.perdue@seagate.com,,perdue,wes,,wes.perdue@seagate.com,1,Attendee,"Jan 30, 2010 at 8:00 AM",,,"Minneapolis, MN, United States",,,,Free Order,USD,0,0,0,0,0,Attending,eTicket,,,,,,,,,,,,,,,,,,,,,,,,,,,,,
8821758,"OpsCamp Austin - Jan 30, 2010",529979182,OpsCamp,11955916,,"Jan 22, 2010",Faulkner,Wesley,wesley83@gmail.com,,Faulkner,Wesley,,wesley83@gmail.com,1,Attendee,"Jan 30, 2010 at 8:00 AM",,,"Sunnyvale, CA, United States",,,estw,Free Order,USD,0,0,0,0,0,Attending,eTicket,,,,,,,,,,,,,,,,,,,AMD,,,,,,,,http:/www.amd.com/,,
8863406,"OpsCamp Austin - Jan 30, 2010",529979182,OpsCamp,12008723,,"Jan 25, 2010",Ou,Willa,willa_ou@worldopus.com,,Ou,Willa,,willa_ou@worldopus.com,1,Attendee,"Jan 30, 2010 at 8:00 AM",,,"Austin, TX, United States",,,,Free Order,USD,0,0,0,0,0,Attending,eTicket,,,,,,,,,,,,,,,,,,ESM/BSM Consultant,World Opus Technologies,,,,,,,,http://www.worldopus.com,,
8838506,"OpsCamp Austin - Jan 30, 2010",529979182,OpsCamp,11977609,,"Jan 23, 2010",Hayes,William,williamthekid@gmail.com,,Hayes,William,,williamthekid@gmail.com,1,Attendee,"Jan 30, 2010 at 8:00 AM",,,"Austin, TX, United States",,,,Free Order,USD,0,0,0,0,0,Attending,eTicket,,,,,,,,,,,,,,,,,,Web Administrator,Texas Parks and Wildlife,,,,,,,,http://www.tpwd.state.tx.us,http://billyhayes.us,
8811461,"OpsCamp Austin - Jan 30, 2010",529979182,OpsCamp,11942087,,"Jan 21, 2010",Rockenbaugh,Zane,zane@liquid-labs.com,,Rockenbaugh,Zane,,zane@liquid-labs.com,1,Attendee,"Jan 30, 2010 at 8:00 AM",,,"Elgin, TX, United States",,,,Free Order,USD,0,0,0,0,0,Attending,eTicket,,,,,,,,,,,,,,,,,,President,"Liquid Labs, LLC",,,,,,,,http://www.liquid-labs.com,http://www.zanecorp.com/wiki,
8931044,"OpsCamp Austin - Jan 30, 2010",529979182,OpsCamp,12093112,,"Jan 27, 2010",Zentgraf,Dan,zentgrafdan@yahoo.com,,Zentgraf,Dan,,zentgrafdan@yahoo.com,1,Attendee,"Jan 30, 2010 at 8:00 AM",,,United States,,,,Free Order,USD,0,0,0,0,0,Attending,eTicket,,,,,,,,,,,,,,,,,,Sr. Product Manager,IBM,,,,,,,,,,
