Order #,Event Name,Event ID,Organizer Name,Attendee #,Barcode #,Order Date,Buyer Last Name,Buyer First Name,Buyer Email,Prefix,Last Name,First Name,Suffix,Email,Quantity,Ticket Type,Date Attending,Device #,Check-In Date,IP Location,Discount,Group,Affiliate,Order Type,Currency,Total Paid,Fees Paid,Eventbrite Fees,Eventbrite Payment Processing,Tax Paid,Attendee Status,Ticket Delivery Method,Home Address 1,Home Address 2,Home City,Home State,Home Zip,Home Country,Home Phone,Cell Phone,Gender,Age,Birth Date,Shipping Address 1,Shipping Address 2,Shipping City,Shipping State,Shipping Zip,Shipping Country,Job Title,Company,Work Address 1,Work Address 2,Work City,Work State,Work Zip,Work Country,Work Phone,Website,Blog,Notes
11037696,"OpsCamp Boston - April 22, 2010",584114101,OpsCamp,14776167,,"Apr 15, 2010",Blank-Edelman,David,abpw2gpt88@snkmail.com,,Blank-Edelman,David,,abpw2gpt88@snkmail.com,1,Attendee,"Apr 22, 2010 at 3:00 PM",,,"Boston, MA, United States",,,,Free Order,USD,0,0,0,0,0,Attending,eTicket,,,,,,,,,,,,,,,,,,Director of Technology,Northeastern University CCIS,,,,,,,,http://www.ccs.neu.edu,http://www.otterbook.com,
9603453,"OpsCamp Boston - April 22, 2010",584114101,OpsCamp,12928514,,"Feb 23, 2010",Fletcher,Adam,adamf+eb@csh.rit.edu,,Fletcher,Adam,,adamf+eb@csh.rit.edu,1,Attendee,"Apr 22, 2010 at 3:00 PM",,,"Cambridge, MA, United States",,,,Free Order,USD,0,0,0,0,0,Attending,eTicket,,,,,,,,,,,,,,,,,,Operations Architect,ITA Software.com,,,,,,,,http://itasoftware.com,http://thesimplelogic.com,
10578183,"OpsCamp Boston - April 22, 2010",584114101,OpsCamp,14183963,,"Mar 31, 2010",Konary,Amy,akonary@idc.com,,Konary,Amy,,akonary@idc.com,1,Attendee,"Apr 22, 2010 at 3:00 PM",,,"Chestnut Hill, MA, United States",,,,Free Order,USD,0,0,0,0,0,Attending,eTicket,,,,,,,,,,,,,,,,,,"Research Director, Software Licensing and Provisio",IDC,,,,,,,,http://http://www.idc.com/getdoc.jsp?containerId=PRF000265,,
11141915,"OpsCamp Boston - April 22, 2010",584114101,OpsCamp,14911114,,"Apr 19, 2010",Hoffman,Alan,alan@cloudant.com,,Hoffman,Alan,,alan@cloudant.com,1,Attendee,"Apr 22, 2010 at 3:00 PM",,,"Somerville, MA, United States",,,,Free Order,USD,0,0,0,0,0,Attending,eTicket,,,,,,,,,,,,,,,,,,CEO,Cloudant,,,,,,,,http://cloudant.com,http://blog.cloudant.com,
11063192,"OpsCamp Boston - April 22, 2010",584114101,OpsCamp,14809758,,"Apr 16, 2010",,,andrewgilman@gmail.com,,gilman,andrew,,andrewgilman@gmail.com,1,Attendee,"Apr 22, 2010 at 3:00 PM",,,"Austin, TX, United States",,,,Free Order,USD,0,0,0,0,0,Attending,eTicket,,,,,,,,,,,,,,,,,,,,,,,,,,,,,
10720076,"OpsCamp Boston - April 22, 2010",584114101,OpsCamp,14366158,,"Apr 6, 2010",Oram,Andy,andyo@oreilly.com,,Oram,Andy,,andyo@oreilly.com,1,Attendee,"Apr 22, 2010 at 3:00 PM",,,"Groton, MA, United States",,,,Free Order,USD,0,0,0,0,0,Attending,eTicket,,,,,,,,,,,,,,,,,,Editor,O'Reilly Media,,,,,,,,http://oreilly.com,http://praxagora.com/andyo,
10636995,"OpsCamp Boston - April 22, 2010",584114101,OpsCamp,14260790,,"Apr 1, 2010",Sinkevicius,Apollo,apsinkus@gmail.com,,Sinkevicius,Apollo,,apsinkus@gmail.com,1,Attendee,"Apr 22, 2010 at 3:00 PM",,,"Somerville, MA, United States",,,,Free Order,USD,0,0,0,0,0,Attending,eTicket,,,,,,,,,,,,,,,,,,,The Operations Guy,,,,,,,,http://TheOperationsGuy.com,http://LeanStartups.com,
10700789,"OpsCamp Boston - April 22, 2010",584114101,OpsCamp,14342244,,"Apr 5, 2010",Moskowitz,Adam,asm2oc@menlo.com,,Moskowitz,Adam,,asm2oc@menlo.com,1,Attendee,"Apr 22, 2010 at 3:00 PM",,,"Andover, MA, United States",,,,Free Order,USD,0,0,0,0,0,Attending,eTicket,,,,,,,,,,,,,,,,,,,(self),,,,,,,,,,
11079018,"OpsCamp Boston - April 22, 2010",584114101,OpsCamp,14829868,,"Apr 16, 2010",Cohen,Beth,bfcohen@luthcomputer.com,,Cohen,Beth,,bfcohen@luthcomputer.com,1,Attendee,"Apr 22, 2010 at 3:00 PM",,,"Arlington, MA, United States",,,,Free Order,USD,0,0,0,0,0,Attending,eTicket,,,,,,,,,,,,,,,,,,,Luth Computer Specialists Inc.,,,,,,,,,,
10728374,"OpsCamp Boston - April 22, 2010",584114101,OpsCamp,14376354,,"Apr 6, 2010",Borroff,Rich,borroff@hotmail.com,,Borroff,Rich,,borroff@hotmail.com,1,Attendee,"Apr 22, 2010 at 3:00 PM",,,"Cambridge, MA, United States",,,,Free Order,USD,0,0,0,0,0,Attending,eTicket,,,,,,,,,,,,,,,,,,,"Harvard University, DCE",,,,,,,,,,
11232922,"OpsCamp Boston - April 22, 2010",584114101,OpsCamp,15026629,,"Apr 22, 2010",Subra,Bala,bsubra@gmail.com,,Subra,Bala,,bsubra@gmail.com,1,Attendee,"Apr 22, 2010 at 3:00 PM",,,"Concord, MA, United States",,,,Free Order,USD,0,0,0,0,0,Attending,eTicket,,,,,,,,,,,,,,,,,,,,,,,,,,,http://enggtech.wordpress.com/,http://bsubra.com,
11062624,"OpsCamp Boston - April 22, 2010",584114101,OpsCamp,14808989,,"Apr 16, 2010",,,btorre@clearpointmetrics.com,,Torre,Brent,,btorre@clearpointmetrics.com,1,Attendee,"Apr 22, 2010 at 3:00 PM",,,"Lincoln, RI, United States",,,,Free Order,USD,0,0,0,0,0,Attending,eTicket,,,,,,,,,,,,,,,,,,COO,ClearPoint Metrics,,,,,,,,http://www.clearpointmetrics.com,http://www.measuresharecompare.com,
9692576,"OpsCamp Boston - April 22, 2010",584114101,OpsCamp,13040438,,"Feb 26, 2010",von Wallenstein,Cory,cvw@dyn.com,,von Wallenstein,Cory,,cvw@dyn.com,1,Attendee,"Apr 22, 2010 at 3:00 PM",,,"Milford, MA, United States",,,,Free Order,USD,0,0,0,0,0,Attending,eTicket,,,,,,,,,,,,,,,,,,"VP, Product Management",Dyn Inc.,,,,,,,,http://dyn.com,http://twitter.com/dyninc,
11199099,"OpsCamp Boston - April 22, 2010",584114101,OpsCamp,14984050,,"Apr 21, 2010",Hagan,Daniel,daniel.hagan@hagan-consulting.com,,Hagan,Daniel,,daniel.hagan@hagan-consulting.com,1,Attendee,"Apr 22, 2010 at 3:00 PM",,,"Alexandria, VA, United States",,,,Free Order,USD,0,0,0,0,0,Attending,eTicket,,,,,,,,,,,,,,,,,,Consultant,Hagan Consulting Inc.,,,,,,,,,,
10709160,"OpsCamp Boston - April 22, 2010",584114101,OpsCamp,14352899,,"Apr 5, 2010",Anderson,Dean,dean@av8.com,,Anderson,Dean,,dean@av8.com,1,Attendee,"Apr 22, 2010 at 3:00 PM",,,"Portsmouth, NH, United States",,,,Free Order,USD,0,0,0,0,0,Attending,eTicket,,,,,,,,,,,,,,,,,,,"AV8 Internet, Inc",,,,,,,,http://www.av8.net,,
11068654,"OpsCamp Boston - April 22, 2010",584114101,OpsCamp,14816746,,"Apr 16, 2010",Sapir,Eli,esapir@tiveriasapps.com,,Sapir,Eli,,esapir@tiveriasapps.com,1,Attendee,"Apr 22, 2010 at 3:00 PM",,,United States,,,,Free Order,USD,0,0,0,0,0,Attending,eTicket,,,,,,,,,,,,,,,,,,CEO,Tiverias Apps,,,,,,,,http://tiveriasapps.com,http://tiveriasapps.com,
11060992,"OpsCamp Boston - April 22, 2010",584114101,OpsCamp,14807046,,"Apr 16, 2010",Ertunc,Fuat,fuat.ertunc@windowslive.com,,Ertunc,Fuat,,fuat.ertunc@windowslive.com,1,Attendee,"Apr 22, 2010 at 3:00 PM",,,"Boston, MA, United States",,,,Free Order,USD,0,0,0,0,0,Attending,eTicket,,,,,,,,,,,,,,,,,,,Intralinks,,,,,,,,,,
11094252,"OpsCamp Boston - April 22, 2010",584114101,OpsCamp,14849559,,"Apr 17, 2010",Curran,George,gmcurran@alum.bu.edu,,Curran,George,,gmcurran@alum.bu.edu,1,Attendee,"Apr 22, 2010 at 3:00 PM",,,"Waltham, MA, United States",,,,Free Order,USD,0,0,0,0,0,Attending,eTicket,,,,,,,,,,,,,,,,,,,,,,,,,,,,,
11112261,"OpsCamp Boston - April 22, 2010",584114101,OpsCamp,14873752,,"Apr 18, 2010",Vellanki,Harshavardhan,harshu@harshu.org,,Vellanki,Harshavardhan,,harshu@harshu.org,1,Attendee,"Apr 22, 2010 at 3:00 PM",,,"Meriden, CT, United States",,,,Free Order,USD,0,0,0,0,0,Attending,eTicket,,,,,,,,,,,,,,,,,,,,,,,,,,,,,
11060982,"OpsCamp Boston - April 22, 2010",584114101,OpsCamp,14807035,,"Apr 16, 2010",Yee,Harvey,hyee@software-pathology.com,,Yee,Ben,,hyee@software-pathology.com,1,Attendee,"Apr 22, 2010 at 3:00 PM",,,"Arlington, MA, United States",,,,Free Order,USD,0,0,0,0,0,Attending,eTicket,,,,,,,,,,,,,,,,,,Principal,Software-Pathology,,,,,,,,,,
10721599,"OpsCamp Boston - April 22, 2010",584114101,OpsCamp,14367993,,"Apr 6, 2010",Stokes-Rees,Ian,ijstokes@hkl.hms.harvard.edu,,Stokes-Rees,Ian,,ijstokes@hkl.hms.harvard.edu,1,Attendee,"Apr 22, 2010 at 3:00 PM",,,"Boston, MA, United States",,,,Free Order,USD,0,0,0,0,0,Attending,eTicket,,,,,,,,,,,,,,,,,,Researcg Associate,Harvard Medical School,,,,,,,,http://sbgrid.org,,
9853538,"OpsCamp Boston - April 22, 2010",584114101,OpsCamp,13252784,,"Mar 4, 2010",Peregrino,James,james_peregrino@harvard.edu,,Peregrino,James,,james_peregrino@harvard.edu,1,Attendee,"Apr 22, 2010 at 3:00 PM",,,"Cambridge, MA, United States",,,,Free Order,USD,0,0,0,0,0,Attending,eTicket,,,,,,,,,,,,,,,,,,Director of Academic Computing,Harvard Division of Continuing Education,,,,,,,,,,
10763836,"OpsCamp Boston - April 22, 2010",584114101,OpsCamp,14421518,,"Apr 7, 2010",Delisle,Josh,jdelisle@dyn.com,,Delisle,Josh,,jdelisle@dyn.com,1,Attendee,"Apr 22, 2010 at 3:00 PM",,,"Manchester, NH, United States",,,,Free Order,USD,0,0,0,0,0,Attending,eTicket,,,,,,,,,,,,,,,,,,,Dyn Inc,,,,,,,,http://dyn.com,,
9971839,"OpsCamp Boston - April 22, 2010",584114101,OpsCamp,13403365,,"Mar 9, 2010",Forman,Jeffrey,jeff@jeffreyforman.net,,Forman,Jeffrey,,jeff@jeffreyforman.net,1,Attendee,"Apr 22, 2010 at 3:00 PM",,,"Brookline, MA, United States",,,,Free Order,USD,0,0,0,0,0,Attending,eTicket,,,,,,,,,,,,,,,,,,Application Systems Engineer,"ITA Software, Inc.",,,,,,,,,,
10285226,"OpsCamp Boston - April 22, 2010",584114101,OpsCamp,13807457,,"Mar 19, 2010",Robbins,Jesse,jesse@opscode.com,,Robbins,Jesse,,jesse@opscode.com,1,Attendee,"Apr 22, 2010 at 3:00 PM",,,"Seattle, WA, United States",,,,Free Order,USD,0,0,0,0,0,Attending,eTicket,,,,,,,,,,,,,,,,,,CEO,"Opscode, Inc",,,,,,,,http://www.opscode.com,http://radar.oreilly.com/jesse,
11162870,"OpsCamp Boston - April 22, 2010",584114101,OpsCamp,14937787,,"Apr 20, 2010",Hammond,Jeffrey,jhammond@forrester.com,,Hammond,Jeffrey,,jhammond@forrester.com,1,Attendee,"Apr 22, 2010 at 3:00 PM",,,"Pepperell, MA, United States",,,,Free Order,USD,0,0,0,0,0,Attending,eTicket,,,,,,,,,,,,,,,,,,Principal Analyst,Forrester Research,,,,,,,,http://forrester.com,http://blogs.forrester.com/jeffrey_hammond,
11196589,"OpsCamp Boston - April 22, 2010",584114101,OpsCamp,14980882,,"Apr 21, 2010",Burgio,Joe,joeb@nantero.com,,Burgio,Joe,,joeb@nantero.com,1,Attendee,"Apr 22, 2010 at 3:00 PM",,,"Woburn, MA, United States",,,,Free Order,USD,0,0,0,0,0,Attending,eTicket,,,,,,,,,,,,,,,,,,IT Mgr,"Nantero, Inc",,,,,,,,,,
9584640,"OpsCamp Boston - April 22, 2010",584114101,OpsCamp,12904875,,"Feb 23, 2010",Treadway,John,john@cloudbzz.com,,Treadway,John,,john@cloudbzz.com,1,Attendee,"Apr 22, 2010 at 3:00 PM",,,"Blue Bell, PA, United States",,,,Free Order,USD,0,0,0,0,0,Attending,eTicket,,,,,,,,,,,,,,,,,,,Unisys & CloudBzz,,,,,,,,http://www.unisys.com/cloud,http://cloudbzz.com,
9778537,"OpsCamp Boston - April 22, 2010",584114101,OpsCamp,13157127,,"Mar 2, 2010",Willis,John,john@opscode.com,,Willis,John,,john@opscode.com,1,Attendee,"Apr 22, 2010 at 3:00 PM",,,"Acworth, GA, United States",,,,Free Order,USD,0,0,0,0,0,Attending,eTicket,,,,,,,,,,,,,,,,,,VP of Services,"Opscode, Inc",,,,,,,,http://opscode.com,http://opscode.com/blog,
11140848,"OpsCamp Boston - April 22, 2010",584114101,OpsCamp,14909838,,"Apr 19, 2010",Malloy,John,johnmalloy@comcast.net,,Malloy,John,,johnmalloy@comcast.net,1,Attendee,"Apr 22, 2010 at 3:00 PM",,,United States,,,,Free Order,USD,0,0,0,0,0,Attending,eTicket,,,,,,,,,,,,,,,,,,,x,,,,,,,,,,
10704541,"OpsCamp Boston - April 22, 2010",584114101,OpsCamp,14346865,,"Apr 5, 2010",Spiros,Jay,jspiros@brightcove.com,,Spiros,Jay,,jspiros@brightcove.com,1,Attendee,"Apr 22, 2010 at 3:00 PM",,,"Boston, MA, United States",,,,Free Order,USD,0,0,0,0,0,Attending,eTicket,,,,,,,,,,,,,,,,,,Systems Engineer,Brightcove,,,,,,,,http://www.brightcove.com,,
11174223,"OpsCamp Boston - April 22, 2010",584114101,OpsCamp,14952330,,"Apr 20, 2010",Perkins,Justin,justin.perkins@vm-labs.com,,Perkins,Justin,,justin.perkins@vm-labs.com,1,Attendee,"Apr 22, 2010 at 3:00 PM",,,United States,,,,Free Order,USD,0,0,0,0,0,Attending,eTicket,,,,,,,,,,,,,,,,,,,VM-Labs,,,,,,,,http://vm-labs.com,,
11067774,"OpsCamp Boston - April 22, 2010",584114101,OpsCamp,14815562,,"Apr 16, 2010",gillis,kevin,k@ipswitch.com,,gollaher,brian,,k@ipswitch.com,1,Attendee,"Apr 22, 2010 at 3:00 PM",,,"Lexington, MA, United States",,,,Free Order,USD,0,0,0,0,0,Attending,eTicket,,,,,,,,,,,,,,,,,,Dir Prod Mgt,"Ipswitch, Inc.",,,,,,,,,,
11063055,"OpsCamp Boston - April 22, 2010",584114101,OpsCamp,14809567,,"Apr 16, 2010",,,kmsmith@vmware.com,,Smith,Kyle,,kmsmith@vmware.com,1,Attendee,"Apr 22, 2010 at 3:00 PM",,,Unknown Location,,,,Free Order,USD,0,0,0,0,0,Attending,eTicket,,,,,,,,,,,,,,,,,,Senior Member of Technical Staff,VMware,,,,,,,,,,
11150496,"OpsCamp Boston - April 22, 2010",584114101,OpsCamp,14922576,,"Apr 19, 2010",,,kwextra@yahoo.com,,Carlson,John,,kwextra@yahoo.com,1,Attendee,"Apr 22, 2010 at 3:00 PM",,,"Maynard, MA, United States",,,,Free Order,USD,0,0,0,0,0,Attending,eTicket,,,,,,,,,,,,,,,,,,,,,,,,,,,,,
11093154,"OpsCamp Boston - April 22, 2010",584114101,OpsCamp,14848080,,"Apr 17, 2010",ANSIN,LEONARD,LANSIN@ANSINTECH.COM,,ANSIN,LEONARD,,LANSIN@ANSINTECH.COM,1,Attendee with donation,"Apr 22, 2010 at 3:00 PM",,,"Lowell, MA, United States",,,,PayPal Completed,USD,26.61,1.61,1.61,0,0,Attending,eTicket,,,,,,,,,,,,,,,,,,CEO,"ATG, CIN",,,,,,,,http://WWW.ANSINTECH.COM,,
9799709,"OpsCamp Boston - April 22, 2010",584114101,OpsCamp,13184199,,"Mar 2, 2010",Hagemann,Lisa,lhagemann@dyn.com,,Hagemann,Lisa,,lhagemann@dyn.com,1,Attendee with donation,"Apr 22, 2010 at 3:00 PM",,,"Hudson, NH, United States",,,,PayPal Completed,USD,11.24,1.24,1.24,0,0,Attending,eTicket,,,,,,,,,,,,,,,,,,VP Engineering,Dyn Inc.,,,,,,,,http://dyn.com,,
11092896,"OpsCamp Boston - April 22, 2010",584114101,OpsCamp,14847754,,"Apr 17, 2010",Baumeister,Linda,linda.baumeister@ca.com,,Baumeister,Linda,,linda.baumeister@ca.com,1,Attendee,"Apr 22, 2010 at 3:00 PM",,,"Beverly, MA, United States",,,,Free Order,USD,0,0,0,0,0,Attending,eTicket,,,,,,,,,,,,,,,,,,VP Learning,CA,,,,,,,,http://ca.com,,
11183335,"OpsCamp Boston - April 22, 2010",584114101,OpsCamp,14963996,,"Apr 20, 2010",,,marina@execs.com,,s,marina,,marina@execs.com,1,Attendee,"Apr 22, 2010 at 3:00 PM",,,"Waltham, MA, United States",,,,Free Order,USD,0,0,0,0,0,Attending,eTicket,,,,,,,,,,,,,,,,,,,,,,,,,,,,,
11114171,"OpsCamp Boston - April 22, 2010",584114101,OpsCamp,14876251,,"Apr 18, 2010",Kushinsky,Mark,mark@mdspc.com,,Kushinsky,Mark,,mark@mdspc.com,1,Attendee,"Apr 22, 2010 at 3:00 PM",,,"Stoughton, MA, United States",,,,Free Order,USD,0,0,0,0,0,Attending,eTicket,,,,,,,,,,,,,,,,,,Senior IT Consultant,MDS Computer Solutions,,,,,,,,http://mdspc.com,,
9611518,"OpsCamp Boston - April 22, 2010",584114101,OpsCamp,12938092,,"Feb 24, 2010",Donnelly,Michael,mdonnelly@itasoftware.com,,Donnelly,Michael,,mdonnelly@itasoftware.com,1,Attendee with donation,"Apr 22, 2010 at 3:00 PM",,,"Brookline, MA, United States",,,,PayPal Completed,USD,26.61,1.61,1.61,0,0,Attending,eTicket,,,,,,,,,,,,,,,,,,"Manager, Database Infrastructure",ITA Software,,,,,,,,http://itasoftware.com/,,
9603786,"OpsCamp Boston - April 22, 2010",584114101,OpsCamp,12928941,,"Feb 23, 2010",Girard,Matt,mgirard@itasoftware.com,,Girard,Matt,,mgirard@itasoftware.com,1,Attendee,"Apr 22, 2010 at 3:00 PM",,,"Belmont, MA, United States",,,,Free Order,USD,0,0,0,0,0,Attending,eTicket,,,,,,,,,,,,,,,,,,"Build and Integration, Manager",ITA Software.com,,,,,,,,http://itasoftware.com,,
11182361,"OpsCamp Boston - April 22, 2010",584114101,OpsCamp,14962755,,"Apr 20, 2010",Marineau,Michael,mike@marineau.org,,Marineau,Michael,,mike@marineau.org,1,Attendee,"Apr 22, 2010 at 3:00 PM",,,"Cambridge, MA, United States",,,,Free Order,USD,0,0,0,0,0,Attending,eTicket,,,,,,,,,,,,,,,,,,Ops Programmer,ITA Software,,,,,,,,,http://mike.marineau.org/,
11137247,"OpsCamp Boston - April 22, 2010",584114101,OpsCamp,14905137,,"Apr 19, 2010",Dreyfus,Leo,mockingbirdthewizard@hotmail.com,,Dreyfus,Leo,,mockingbirdthewizard@hotmail.com,1,Attendee,"Apr 22, 2010 at 3:00 PM",,,"Lynn, MA, United States",,,,Free Order,USD,0,0,0,0,0,Attending,eTicket,,,,,,,,,,,,,,,,,,Business Process Analyst,,,,,,,,,,,
10399853,"OpsCamp Boston - April 22, 2010",584114101,OpsCamp,13953362,,"Mar 24, 2010",Rudnick,Matt,mrudnick@capstonellc.com,,Rudnick,Matt,,mrudnick@capstonellc.com,1,Attendee,"Apr 22, 2010 at 3:00 PM",,,"Boston, MA, United States",,,,Free Order,USD,0,0,0,0,0,Attending,eTicket,,,,,,,,,,,,,,,,,,VP Business Development,Capstone Partners LLC,,,,,,,,http://www.capstonellc.com,http://www.slacloudgroup.com,
10692017,"OpsCamp Boston - April 22, 2010",584114101,OpsCamp,14330821,,"Apr 5, 2010",Murphy,Brad,murf@rpath.com,,Murphy,Brad,,murf@rpath.com,1,Attendee,"Apr 22, 2010 at 3:00 PM",,,"Raleigh, NC, United States",,,,Free Order,USD,0,0,0,0,0,Attending,eTicket,,,,,,,,,,,,,,,,,,Lead Engineer,rPath,,,,,,,,http://www.rpath.com,http://murf80.blogspot.com,
11086716,"OpsCamp Boston - April 22, 2010",584114101,OpsCamp,14839682,,"Apr 16, 2010",Kitenge,Olivier,okitenge@gmail.com,,Kitenge,Olivier,,okitenge@gmail.com,1,Attendee,"Apr 22, 2010 at 3:00 PM",,,"Boston, MA, United States",,,,Free Order,USD,0,0,0,0,0,Attending,eTicket,,,,,,,,,,,,,,,,,,,,,,,,,,,,,
10903570,"OpsCamp Boston - April 22, 2010",584114101,OpsCamp,14605001,,"Apr 12, 2010",Hankins,Luke,opscamp@ethersmith.com,,Hankins,Luke,,opscamp@ethersmith.com,1,Attendee,"Apr 22, 2010 at 3:00 PM",,,"Foxboro, MA, United States",,,,Free Order,USD,0,0,0,0,0,Attending,eTicket,,,,,,,,,,,,,,,,,,"Director, Technical Operations",Mall Networks,,,,,,,,,,
10722587,"OpsCamp Boston - April 22, 2010",584114101,OpsCamp,14369213,,"Apr 6, 2010",Bennett,Lois,opscamp@loisbennett.com,,Bennett,Lois,,opscamp@loisbennett.com,1,Attendee with donation,"Apr 22, 2010 at 3:00 PM",,,"Brookline, MA, United States",,,,PayPal Completed,USD,11.24,1.24,1.24,0,0,Attending,eTicket,,,,,,,,,,,,,,,,,,Senior System Administrator also Treasurer,League of Proffessional System Administrators,,,,,,,,http://lopsa.org,,
10730386,"OpsCamp Boston - April 22, 2010",584114101,OpsCamp,14378967,,"Apr 6, 2010",MacDonald,Michael,opscamp@macdonald.cx,,MacDonald,Michael,,opscamp@macdonald.cx,1,Attendee,"Apr 22, 2010 at 3:00 PM",,,"Broomfield, CO, United States",,,,Free Order,USD,0,0,0,0,0,Attending,eTicket,,,,,,,,,,,,,,,,,,,,,,,,,,,,,
10718224,"OpsCamp Boston - April 22, 2010",584114101,OpsCamp,14364043,,"Apr 6, 2010",Harvey,Edward Ned,opscamp@nedharvey.com,,Harvey,Edward Ned,,opscamp@nedharvey.com,1,Attendee,"Apr 22, 2010 at 3:00 PM",,,"Arlington, MA, United States",,,,Free Order,USD,0,0,0,0,0,Attending,eTicket,,,,,,,,,,,,,,,,,,IT Consultant,self,,,,,,,,,,
11067675,"OpsCamp Boston - April 22, 2010",584114101,OpsCamp,14815449,,"Apr 16, 2010",Bujorean,Ovidiu,ovidiu.bujorean7@gmail.com,,Bujorean,Ovidiu,,ovidiu.bujorean7@gmail.com,1,Attendee,"Apr 22, 2010 at 3:00 PM",,,"Cambridge, MA, United States",,,,Free Order,USD,0,0,0,0,0,Attending,eTicket,,,,,,,,,,,,,,,,,,Co-Founder/ President,mypaperlessbills,,,,,,,,,,
11157775,"OpsCamp Boston - April 22, 2010",584114101,OpsCamp,14931548,,"Apr 20, 2010",Braren,Paul,paul.braren@us.ibm.com,,Braren,Paul,,paul.braren@us.ibm.com,1,Attendee,"Apr 22, 2010 at 3:00 PM",,,"Wethersfield, CT, United States",,,,Free Order,USD,0,0,0,0,0,Attending,eTicket,,,,,,,,,,,,,,,,,,IT Consultant,IBM,,,,,,,,,,
11065028,"OpsCamp Boston - April 22, 2010",584114101,OpsCamp,14812083,,"Apr 16, 2010",Perkins,Paul,paul.perkins@vm-labs.com,,Perkins,Paul,,paul.perkins@vm-labs.com,1,Attendee,"Apr 22, 2010 at 3:00 PM",,,United States,,,,Free Order,USD,0,0,0,0,0,Attending,eTicket,,,,,,,,,,,,,,,,,,CEO,VM Labs LLC,,,,,,,,,,
10701168,"OpsCamp Boston - April 22, 2010",584114101,OpsCamp,14342698,,"Apr 5, 2010",Guglielmino,Paul,paulg@itasoftware.com,,Guglielmino,Paul,,paulg@itasoftware.com,1,Attendee,"Apr 22, 2010 at 3:00 PM",,,"Brookline, MA, United States",,,,Free Order,USD,0,0,0,0,0,Attending,eTicket,,,,,,,,,,,,,,,,,,,,,,,,,,,,,
10686947,"OpsCamp Boston - April 22, 2010",584114101,OpsCamp,14324472,,"Apr 5, 2010",Morano,Philip,pmorano@rpath.com,,Morano,Philip,,pmorano@rpath.com,1,Attendee,"Apr 22, 2010 at 3:00 PM",,,"Amherst, NH, United States",,,,Free Order,USD,0,0,0,0,0,Attending,eTicket,,,,,,,,,,,,,,,,,,Sales engineer,rPath,,,,,,,,http://www.rpath.com,,
11096920,"OpsCamp Boston - April 22, 2010",584114101,OpsCamp,14853095,,"Apr 17, 2010",Collie,Peyton,ptcollie@eventure360.com,,Collie,Peyton,,ptcollie@eventure360.com,1,Attendee,"Apr 22, 2010 at 3:00 PM",,,"Boston, MA, United States",,,,Free Order,USD,0,0,0,0,0,Attending,eTicket,,,,,,,,,,,,,,,,,,Cloud Technology Advisor,Eventure 360 Inc.,,,,,,,,http://www.eventure360.com,http://twitter.com/eventure360,
11155196,"OpsCamp Boston - April 22, 2010",584114101,OpsCamp,14928518,,"Apr 19, 2010",Cole,Randy,randyokc@gmail.com,,Cole,Randy,,randyokc@gmail.com,1,Attendee,"Apr 22, 2010 at 3:00 PM",,,"West Newton, MA, United States",,,,Free Order,USD,0,0,0,0,0,Attending,eTicket,,,,,,,,,,,,,,,,,,developer,r cole,,,,,,,,,,
11112055,"OpsCamp Boston - April 22, 2010",584114101,OpsCamp,14873491,,"Apr 18, 2010",Bergin,Rob,rbergin@elizacorp.com,,Bergin,Rob,,rbergin@elizacorp.com,1,Attendee,"Apr 22, 2010 at 3:00 PM",,,"Stratham, NH, United States",,,,Free Order,USD,0,0,0,0,0,Attending,eTicket,,,,,,,,,,,,,,,,,,IT Director,Eliza Corporation,,,,,,,,http://www.elizacorp.com,http://www.elizablog.com/,
11099975,"OpsCamp Boston - April 22, 2010",584114101,OpsCamp,14857148,,"Apr 17, 2010",Reinhart,Al,Reinhart@DisCom.com,,Reinhart,Al,,Reinhart@DisCom.com,1,Attendee,"Apr 22, 2010 at 3:00 PM",,,"Rutland, MA, United States",,,,Free Order,USD,0,0,0,0,0,Attending,eTicket,,,,,,,,,,,,,,,,,,President,DisCom Systems,,,,,,,,http://DisCom.com,,
11171722,"OpsCamp Boston - April 22, 2010",584114101,OpsCamp,14949118,,"Apr 20, 2010",,,RoshkoA@msn.com,,Roshko,Ari,,RoshkoA@msn.com,1,Attendee,"Apr 22, 2010 at 3:00 PM",,,"North Chelmsford, MA, United States",,,,Free Order,USD,0,0,0,0,0,Attending,eTicket,,,,,,,,,,,,,,,,,,Developer,CoreTech,,,,,,,,,,
11064862,"OpsCamp Boston - April 22, 2010",584114101,OpsCamp,14811794,,"Apr 16, 2010",Saydah,Ann,saydah@us.ibm.com,,Saydah,Ann,,saydah@us.ibm.com,1,Attendee,"Apr 22, 2010 at 3:00 PM",,,"Charlestown, MA, United States",,,,Free Order,USD,0,0,0,0,0,Attending,eTicket,,,,,,,,,,,,,,,,,,WW WebSphere Business Partners,IBM,,,,,,,,"http://ibm,com",,
11246438,"OpsCamp Boston - April 22, 2010",584114101,OpsCamp,15043512,,"Apr 22, 2010",R,Curt,sea.curt20@gmail.com,,R,Curt,,sea.curt20@gmail.com,1,Attendee,"Apr 22, 2010 at 3:00 PM",,,"Medford, MA, United States",,,,Free Order,USD,0,0,0,0,0,Attending,eTicket,,,,,,,,,,,,,,,,,,,,,,,,,,,,,
11161610,"OpsCamp Boston - April 22, 2010",584114101,OpsCamp,14936214,,"Apr 20, 2010",Edmondson,Shawn,sed@rpath.com,,Edmondson,Shawn,,sed@rpath.com,1,Attendee,"Apr 22, 2010 at 3:00 PM",,,"Raleigh, NC, United States",,,,Free Order,USD,0,0,0,0,0,Attending,eTicket,,,,,,,,,,,,,,,,,,Dir. Product Management,"rPath, Inc.",,,,,,,,http://www.rpath.com,http://bit.ly/8NKAGP,
11114171,"OpsCamp Boston - April 22, 2010",584114101,OpsCamp,14876252,,"Apr 18, 2010",Kushinsky,Mark,mark@mdspc.com,,Kushinsky,Shaul,,shaul@mdspc.com,1,Attendee,"Apr 22, 2010 at 3:00 PM",,,"Stoughton, MA, United States",,,,Free Order,USD,0,0,0,0,0,Attending,eTicket,,,,,,,,,,,,,,,,,,IT Consultant,MDS Computer Solutions,,,,,,,,http://mdspc.com,,
11209851,"OpsCamp Boston - April 22, 2010",584114101,OpsCamp,14997313,,"Apr 21, 2010",Hason,Shimon,shimon@intigua.com,,Hason,Shimon,,shimon@intigua.com,1,Attendee,"Apr 22, 2010 at 3:00 PM",,,"Amesbury, MA, United States",,,,Free Order,USD,0,0,0,0,0,Attending,eTicket,,,,,,,,,,,,,,,,,,"Founder, CEO",intigua,,,,,,,,http://www.intigua.com,,
11077537,"OpsCamp Boston - April 22, 2010",584114101,OpsCamp,14827946,,"Apr 16, 2010",Dinoor,Shlomi,shlomi@cyber-ark.com,,Dinoor,Shlomi,,shlomi@cyber-ark.com,1,Attendee,"Apr 22, 2010 at 3:00 PM",,,"Jerusalem, Israel",,,,Free Order,USD,0,0,0,0,0,Attending,eTicket,,,,,,,,,,,,,,,,,,VP EmergingTechnologis,Cyber-Ark,,,,,,,,http://www.cyber-ark.com,http://shlomidinoor.blogspot.com/,
11063497,"OpsCamp Boston - April 22, 2010",584114101,OpsCamp,14810119,,"Apr 16, 2010",,,smadhu@vmware.com,,Madhu,Suresh,,smadhu@vmware.com,1,Attendee,"Apr 22, 2010 at 3:00 PM",,,Unknown Location,,,,Free Order,USD,0,0,0,0,0,Attending,eTicket,,,,,,,,,,,,,,,,,,,,,,,,,,,,,
10651698,"OpsCamp Boston - April 22, 2010",584114101,OpsCamp,14279552,,"Apr 2, 2010",morgan,scott,smorgan@navinet.net,,morgan,scott,,smorgan@navinet.net,1,Attendee,"Apr 22, 2010 at 3:00 PM",,,"Wakefield, MA, United States",,,,Free Order,USD,0,0,0,0,0,Attending,eTicket,,,,,,,,,,,,,,,,,,Director of Database Architecture and Admin,Navinet,,,,,,,,http://www.navinet.net,,
9700231,"OpsCamp Boston - April 22, 2010",584114101,OpsCamp,13050782,,"Feb 26, 2010",Scaffidi,Steve,stephen@scaffidi.net,,Scaffidi,Steve,,stephen@scaffidi.net,1,Attendee,"Apr 22, 2010 at 3:00 PM",,,"Watertown, MA, United States",,,,Free Order,USD,0,0,0,0,0,Attending,eTicket,,,,,,,,,,,,,,,,,,Developer,RedWeek.com,,,,,,,,http://stephen.scaffidi.net,http://lalaperlooza.blogspot.com,
10737396,"OpsCamp Boston - April 22, 2010",584114101,OpsCamp,14388112,,"Apr 6, 2010",Thomson,Scott,sthomson@uua.org,,Thomson,Scott,,sthomson@uua.org,1,Attendee,"Apr 22, 2010 at 3:00 PM",,,"Hingham, MA, United States",,,,Free Order,USD,0,0,0,0,0,Attending,eTicket,,,,,,,,,,,,,,,,,,Systems Administrator,Unitarian Universalist Association,,,,,,,,http://www.uua.org,,
11181495,"OpsCamp Boston - April 22, 2010",584114101,OpsCamp,14961630,,"Apr 20, 2010",Campbell,Tony,tcampbell@itasoftware.com,,Campbell,Tony,,tcampbell@itasoftware.com,1,Attendee,"Apr 22, 2010 at 3:00 PM",,,"Cambridge, MA, United States",,,,Free Order,USD,0,0,0,0,0,Attending,eTicket,,,,,,,,,,,,,,,,,,,ITA Software,,,,,,,,http://itasoftware.com,,
10704837,"OpsCamp Boston - April 22, 2010",584114101,OpsCamp,14347226,,"Apr 5, 2010",Labatte,Tom,tlabatte@itasoftware.com,,Labatte,Tom,,tlabatte@itasoftware.com,1,Attendee,"Apr 22, 2010 at 3:00 PM",,,"Brookline, MA, United States",,,,Free Order,USD,0,0,0,0,0,Attending,eTicket,,,,,,,,,,,,,,,,,,Director of Software Operations,ITA Software,,,,,,,,http://www.itasoftware.com,,
9928413,"OpsCamp Boston - April 22, 2010",584114101,OpsCamp,13349136,,"Mar 8, 2010",Daly,Tom,tom@dyn.com,,Daly,Tom,,tom@dyn.com,1,Attendee,"Apr 22, 2010 at 3:00 PM",,,"Nashua, NH, United States",,,,Free Order,USD,0,0,0,0,0,Attending,eTicket,,,,,,,,,,,,,,,,,,CTO,Dyn Inc.,,,,,,,,http://dyn.com,http://twitter.com/dyninc,
10719295,"OpsCamp Boston - April 22, 2010",584114101,OpsCamp,14365232,,"Apr 6, 2010",Rudié,Tony,tony.rudie@fmr.com,,Rudié,Antony,,tony.rudie@fmr.com,1,Attendee,"Apr 22, 2010 at 3:00 PM",,,"Nahant, MA, United States",,,,Free Order,USD,0,0,0,0,0,Attending,eTicket,,,,,,,,,,,,,,,,,,Server Architect,Fidelity Investments,,,,,,,,,,
10686469,"OpsCamp Boston - April 22, 2010",584114101,OpsCamp,14323906,,"Apr 5, 2010",Zauli,Tom,tzauli@rpath.com,,Zauli,Tom,,tzauli@rpath.com,1,Attendee,"Apr 22, 2010 at 3:00 PM",,,"Boston, MA, United States",,,,Free Order,USD,0,0,0,0,0,Attending,eTicket,,,,,,,,,,,,,,,,,,"Director, Strategic Accounts",rPath,,,,,,,,http://www.rpath.com,,
9603383,"OpsCamp Boston - April 22, 2010",584114101,OpsCamp,12928436,,"Feb 23, 2010",Alvarez,Vanessa,vanessa.alvarez@frost.com,,Alvarez,Vanessa,,vanessa.alvarez@frost.com,1,Attendee,"Apr 22, 2010 at 3:00 PM",,,"North Kingstown, RI, United States",,,,Free Order,USD,0,0,0,0,0,Attending,eTicket,,,,,,,,,,,,,,,,,,analyst,Frost & Sullivan,,,,,,,,,http://http://www.informationweek.com/cloud-computing/,
9696799,"OpsCamp Boston - April 22, 2010",584114101,OpsCamp,13046293,,"Feb 26, 2010",,,vlemp@vuksan.com,,Vuksan,Vladimir,,vlemp@vuksan.com,1,Attendee,"Apr 22, 2010 at 3:00 PM",,,"Lawrence, MA, United States",,,,Free Order,USD,0,0,0,0,0,Attending,eTicket,,,,,,,,,,,,,,,,,,,,,,,,,,,,http://vuksan.com/blog/,
10948727,"OpsCamp Boston - April 22, 2010",584114101,OpsCamp,14662017,,"Apr 13, 2010",Wang,David,wangd3@gmail.com,,Wang,David,,wangd3@gmail.com,1,Attendee,"Apr 22, 2010 at 3:00 PM",,,"Boston, MA, United States",,,,Free Order,USD,0,0,0,0,0,Attending,eTicket,,,,,,,,,,,,,,,,,,,,,,,,,,,,,
