Order #,Event Name,Event ID,Organizer Name,Attendee #,Barcode #,Order Date,Buyer Last Name,Buyer First Name,Buyer Email,Prefix,Last Name,First Name,Suffix,Email,Quantity,Ticket Type,Date Attending,Device #,Check-In Date,IP Location,Discount,Group,Affiliate,Order Type,Currency,Total Paid,Fees Paid,Eventbrite Fees,Eventbrite Payment Processing,Tax Paid,Attendee Status,Ticket Delivery Method,Home Address 1,Home Address 2,Home City,Home State,Home Zip,Home Country,Home Phone,Cell Phone,Gender,Age,Birth Date,Would you like to receive information from our sponsors?,What topics are you interested in?,Shipping Address 1,Shipping Address 2,Shipping City,Shipping State,Shipping Zip,Shipping Country,Job Title,Company,Work Address 1,Work Address 2,Work City,Work State,Work Zip,Work Country,Work Phone,Website,Blog,Notes
137505056,MarketingCamp LA 2013,5366810274,MarketingCamp,176091188,137505056176091188001,"Jan 28, 2013",Nielsen,Dave,dnielsen@gmail.com,,Nielsen,Dave,,dnielsen@gmail.com,1,Pre-registered Attendee,"Dec 31, 2013 at 8:00 AM",,,"Mountain View, CA, United States",,,,Free Order,USD,0.00,0.00,0.00,0.00,0.00,Attending,eTicket,,,,,,,,415-531-6674,,,,Yes,social media,,,,,,,Co-founder,CloudCamp,,,,,,,,http://www.cloudcamp.org,http://twitter.com/davenielsen,
137752394,MarketingCamp LA 2013,5366810274,MarketingCamp,176398344,137752394176398344001,"Jan 29, 2013",Wcislo,Paul,wcislo1@gmail.com,,Wcislo,Paul,,wcislo1@gmail.com,1,Pre-registered Attendee,"Dec 31, 2013 at 8:00 AM",,,"Sunnyvale, CA, United States",,,,Free Order,USD,0.00,0.00,0.00,0.00,0.00,Attending,eTicket,,,,,,,,408-203-2208,,,,Yes,unconferences,,,,,,,Chair,MarketingCamp San Francisco,,,,,,,,http://www.marketingcamp.org,,
137762994,MarketingCamp LA 2013,5366810274,MarketingCamp,176411030,137762994176411030001,"Jan 29, 2013",Joice,Jackie,jackiejoice@yahoo.com,,Joice,Jackie,,jackiejoice@yahoo.com,1,Pre-registered Attendee,"Dec 31, 2013 at 8:00 AM",,,"Long Beach, CA, United States",,,,Free Order,USD,0.00,0.00,0.00,0.00,0.00,Attending,eTicket,,,,,,,,5622765073,,,,Yes,"Entertainment, Photography, Social Networking Sites",,,,,,,Writer/Photographer,Jackie Joice,,,,,,,,http://www.photographybyjackiejoice.weebly.com,http://www.jackieandtanya.com,
137814292,MarketingCamp LA 2013,5366810274,MarketingCamp,176476464,137814292176476464001,"Jan 29, 2013",Williams,Shannita,Shannita@laopera.com,,Williams,Shannita,,Shannita@laopera.com,1,Pre-registered Attendee,"Dec 31, 2013 at 8:00 AM",,,"Los Angeles, CA, United States",,,,Free Order,USD,0.00,0.00,0.00,0.00,0.00,Attending,eTicket,,,,,,,,3109024599,,,,Yes,social media best practices,,,,,,,"Associate Director of Communications, Social Media",LA Opera,,,,,,,,http://www.laopera.com,http://www.laopera.com/news/blog/,
144474666,MarketingCamp LA 2013,5366810274,MarketingCamp,184791232,144474666184791232001,"Feb 23, 2013",dennis,ray,Raydennis16@gmail.com,,dennis,ray,,Raydennis16@gmail.com,1,Pre-registered Attendee,"Dec 31, 2013 at 8:00 AM",,,"West Hollywood, CA, United States",,,,Free Order,USD,0.00,0.00,0.00,0.00,0.00,Attending,eTicket,,,,,,,,0000000000,,,,No,social media and experiential marketing,,,,,,,Founder,ONE MEDIA MARETING,,,,,,,,http://onemediamarketing.com,http://twitter.com/raydennis,
155569337,MarketingCamp LA 2013,5366810274,MarketingCamp,198436183,155569337198436183001,"Mar 26, 2013",anderson,patrice,panderson@coffeebean.com,,anderson,patrice,,panderson@coffeebean.com,1,Pre-registered Attendee,"Dec 31, 2013 at 8:00 AM",,,"Los Angeles, CA, United States",,,eorg,Free Order,USD,0.00,0.00,0.00,0.00,0.00,Attending,eTicket,,,,,,,,3233635465,,,,No,none,,,,,,,"director, ecommerce & social media",The Coffee Bean,,,,,,,,www.coffeebean.com,,
156472705,MarketingCamp LA 2013,5366810274,MarketingCamp,199582609,156472705199582609001,"Mar 29, 2013",Donahue,Luz,Luz@luzdonahue.com,,Donahue,Luz,,Luz@luzdonahue.com,1,Pre-registered Attendee,"Dec 31, 2013 at 8:00 AM",,,Unknown Location,,,,Free Order,USD,0.00,0.00,0.00,0.00,0.00,Attending,eTicket,,,,,,,,661-868-9012,,,,No,Networking and product development,,,,,,,Social Media Artist,Unlock Social,,,,,,,,,,
156541505,MarketingCamp LA 2013,5366810274,MarketingCamp,199668489,156541505199668489001,"Mar 29, 2013",Grant,Patricia ,pgrantacts@yahoo.com,,Grant,Patricia ,,pgrantacts@yahoo.com,1,Pre-registered Attendee,"Dec 31, 2013 at 8:00 AM",,,"King Of Prussia, PA, United States",,,,Free Order,USD,0.00,0.00,0.00,0.00,0.00,Attending,eTicket,,,,,,,,3234044548,,,,,Entertainment / Finance,,,,,,,Entertainment / Finance,Affluent Solutions,,,,,,,,,,
192307071,MarketingCamp LA 2013,5366810274,MarketingCamp,244884809,192307071244884809001,"Aug 6, 2013",Hart,Curtis,chart3@gmail.com,,Hart,Curtis,,chart3@gmail.com,1,Pre-registered Attendee,"Dec 31, 2013 at 8:00 AM",,,"Long Beach, CA, United States",,,,Free Order,USD,0.00,0.00,0.00,0.00,0.00,Attending,eTicket,,,,,,,,5625999117,,,,Yes,"Digital marketing, mobile marketing, branding, social media marketing, Big Data analytics for marketing",,,,,,,Principal,Decision-One,,,,,,,,,,
195076723,MarketingCamp LA 2013,5366810274,MarketingCamp,248567321,195076723248567321001,"Aug 16, 2013",Chiljan,Rhonda,petra@funcform.com,,Chiljan,Rhonda,,petra@funcform.com,1,Pre-registered Attendee,"Dec 31, 2013 at 8:00 AM",,,Unknown Location,,,eorg,Free Order,USD,0.00,0.00,0.00,0.00,0.00,Attending,eTicket,,,,,,,,4155180101,,,,No,All,,,,,,,Designer/Creative Director,Functional Form,,,,,,,,http://www.funcform.com,,
209507271,MarketingCamp LA 2013,5366810274,MarketingCamp,266674019,209507271266674019001,"Sep 27, 2013",hong,Constance,constance.hong@uniform.aramark.com,,hong,Constance,,constance.hong@uniform.aramark.com,1,Pre-registered Attendee,"Dec 31, 2013 at 8:00 AM",,,"Burbank, CA, United States",,,eanrec101,Free Order,USD,0.00,0.00,0.00,0.00,0.00,Attending,eTicket,,,,,,,,32397914064,,,,,future trends,,,,,,,senior digital marketing manager,aramark uniforms,,,,,,,,http://www.aramarkuniform.com,,
212149761,MarketingCamp LA 2013,5366810274,MarketingCamp,270021465,212149761270021465001,"Oct 4, 2013",Lobenstein,Ben,eventbrite@arariti.com,,Lobenstein,Ben,,eventbrite@arariti.com,1,Pre-registered Attendee,"Dec 31, 2013 at 8:00 AM",,,"San Francisco, CA, United States",,,eorg,Free Order,USD,0.00,0.00,0.00,0.00,0.00,Attending,eTicket,,,,,,,,4156830784,,,,No,Social Media,,,,,,,Consultant,Lobenstein Consulting,,,,,,,,,,
137874450,MarketingCamp LA 2013,5366810274,MarketingCamp,176551522,137874450176551522001,"Jan 29, 2013",Blake,Jeffrey,jeffrey.blake@sbcglobal.net,,Blake,Jeffrey,,jeffrey.blake@sbcglobal.net,1,Pre-registered Attendee,"Dec 31, 2013 at 8:00 AM",,,Unknown Location,,,,Free Order,USD,0.00,0.00,0.00,0.00,0.00,Not Attending,eTicket,,,,,,,,650 4833142,,,,No,Growth hacking,,,,,,,Enterprise Architect,Adjyle,,,,,,,,http://JeffreyBlake.com/,,
