Event Name,Event ID,Organizer Name,Attendee #,Barcode #,Order Date,Buyer Last Name,Buyer First Name,Buyer Email,Prefix,Last Name,First Name,Suffix,Email,Quantity,Ticket Type,Date Attending,Device #,Check-In Date,IP Location,Discount,Group,Affiliate,Order #,Order Type,Currency,Total Paid,Fees Paid,Eventbrite Fees,Eventbrite Payment Processing,Tax Paid,Attendee Status,Ticket Delivery Method,Home Address 1,Home Address 2,Home City,Home State,Home Zip,Home Country,Home Phone,Cell Phone,Gender,Age,Birth Date,Please suggest a topic for an unconference session,Would you like to receive BigData-related emails from our event sponsors.,Shipping Address 1,Shipping Address 2,Shipping City,Shipping State,Shipping Zip,Shipping Country,Job Title,Company,Work Address 1,Work Address 2,Work City,Work State,Work Zip,Work Country,Work Phone,Website,Blog,Notes
"BigDataCamp Chicago - Nov 19, 2011",2289156930,BigDataCamp,72709726,5708511072709730000,"Nov 1, 2011",Noda,Abi,a@abinoda.com,,Noda,Abi,,a@abinoda.com,1,BigDataCamp Attendee,"Nov 19, 2011 at 10:00 AM",,,"Chicago, IL, United States",,,estw,57085110,Free Order,USD,0,0,0,0,0,Attending,eTicket,1419 Gregory,,Wilmette,IL,60091,US,,,,,,,No,,,,,,,Founder/CEO,OrangeQC,,,,,,,3122989628,http://orangeqc.com,,
"BigDataCamp Chicago - Nov 19, 2011",2289156930,BigDataCamp,70137474,5503715870137470000,"Oct 18, 2011",Agarwal,Anchal,aagarwal@eb.com,,Agarwal,Anchal,,aagarwal@eb.com,1,BigDataCamp Attendee,"Nov 19, 2011 at 10:00 AM",,,"Chicago, IL, United States",,,,55037158,Free Order,USD,0,0,0,0,0,Attending,eTicket,,,,IL,,US,,,,,,,Yes,,,,,,,Software Test Engineer,"Encyclopedia Britannica, Inc",,,,,,,,http://www.britannica.com,,
"BigDataCamp Chicago - Nov 19, 2011",2289156930,BigDataCamp,70117260,5502075070117260000,"Oct 18, 2011",Tarkowski,Adam,aatark@gmail.com,,Tarkowski,Adam,,aatark@gmail.com,1,BigDataCamp Attendee,"Nov 19, 2011 at 10:00 AM",,,"Chicago, IL, United States",,,,55020750,Free Order,USD,0,0,0,0,0,Attending,eTicket,2330 N Geneva Ter,,Chicago,IL,60614,US,,,,,,,Yes,,,,,,,TBD,TBD,,,,,,,,,,
"BigDataCamp Chicago - Nov 19, 2011",2289156930,BigDataCamp,70024884,5494556070024880000,"Oct 17, 2011",Avais,Ahmed,aavais@yahoo.com,,Avais,Ahmed,,aavais@yahoo.com,1,BigDataCamp Attendee,"Nov 19, 2011 at 10:00 AM",,,"Chicago, IL, United States",,,,54945560,Free Order,USD,0,0,0,0,0,Attending,eTicket,5978 N Lincoln Ave APT 4C,,Chicago,IL,60659,US,,,,,,,Yes,,,,,,,Systems Engineer,CTA,,,,,,,,,,
"BigDataCamp Chicago - Nov 19, 2011",2289156930,BigDataCamp,70131318,5503220670131320000,"Oct 18, 2011",Demoz,Abuna,abuna.demoz@gmail.com,,Demoz,Abuna,,abuna.demoz@gmail.com,1,BigDataCamp Attendee,"Nov 19, 2011 at 10:00 AM",,,"Chicago, IL, United States",,,,55032206,Free Order,USD,0,0,0,0,0,Attending,eTicket,,,,IL,,US,,,,,,,No,,,,,,,VP Engineering,Adgooroo,,,,,,,,http://www.adgooroo.com,,
"BigDataCamp Chicago - Nov 19, 2011",2289156930,BigDataCamp,69949498,5488495069949500000,"Oct 17, 2011",Boltz,Adam,adamboltz@me.com,,Boltz,Adam,,adamboltz@me.com,1,BigDataCamp Attendee,"Nov 19, 2011 at 10:00 AM",,,"Chicago, IL, United States",,,,54884950,Free Order,USD,0,0,0,0,0,Attending,eTicket,,,,IL,60657,US,,,,,,,No,,,,,,,Software Engineer,"High Performance Technologies, Inc.",,,,,,,,,,
"BigDataCamp Chicago - Nov 19, 2011",2289156930,BigDataCamp,70007490,5493169870007490000,"Oct 17, 2011",Mezghouti,Adil,adilmezghouti@gmail.com,,Mezghouti,Adil,,adilmezghouti@gmail.com,1,BigDataCamp Attendee,"Nov 19, 2011 at 10:00 AM",,,"Oak Park, IL, United States",,,,54931698,Free Order,USD,0,0,0,0,0,Attending,eTicket,6144 gage st apt 30,,rosemont,IL,60018,US,,,,,,,No,,,,,,,Software Engineer,American Express,,,,,,,7733171805,,,
"BigDataCamp Chicago - Nov 19, 2011",2289156930,BigDataCamp,69974568,5490491269974570000,"Oct 17, 2011",Deijkers,Aldo,afdeijkers@aol.com,,Deijkers,Aldo,,afdeijkers@aol.com,1,BigDataCamp Attendee,"Nov 19, 2011 at 10:00 AM",,,"Chicago, IL, United States",,,,54904912,Free Order,USD,0,0,0,0,0,Attending,eTicket,,,,,,UM,,,,,,,Yes,,,,,,,"CTO and co-founder Core Analytics, LLC","Core Analytics, LLC",,,,,,,773-575-2648,http://www.coreanalytics.com,http://clickinsights.blogspot.com,
"BigDataCamp Chicago - Nov 19, 2011",2289156930,BigDataCamp,75907084,5962670475907080000,"Nov 19, 2011",Osman,Akrem,akrem1st@hotmail.com,,Osman,Akrem,,akrem1st@hotmail.com,1,BigDataCamp Attendee,"Nov 19, 2011 at 10:00 AM",,,"Chicago, IL, United States",,,,59626704,Free Order,USD,0,0,0,0,0,Attending,eTicket,,,,IL,,US,,,,,,,No,,,,,,,Software Engineer,Thomson Reuters,,,,,,,,,,
"BigDataCamp Chicago - Nov 19, 2011",2289156930,BigDataCamp,69975418,5490555869975420000,"Oct 17, 2011",Lalani,Ameena,alalani@comscore.com,,Lalani,Ameena,,alalani@comscore.com,1,BigDataCamp Attendee,"Nov 19, 2011 at 10:00 AM",,,"Chicago, IL, United States",,,,54905558,Free Order,USD,0,0,0,0,0,Attending,eTicket,,,,IL,,US,,,,,,Marriage of Microsoft SQL Azzure and Hadoop.,Yes,,,,,,,Senior SQL Server DBA,ComScore,,,,,,,,,,
"BigDataCamp Chicago - Nov 19, 2011",2289156930,BigDataCamp,74917400,5883134674917400000,"Nov 13, 2011",Perez de Tejada,Antonio,antypdet@gmail.com,,Perez de Tejada,Antonio,,antypdet@gmail.com,1,BigDataCamp Attendee,"Nov 19, 2011 at 10:00 AM",,,"Chicago, IL, United States",,,,58831346,Free Order,USD,0,0,0,0,0,Attending,eTicket,3201 s state street #2167,,Chicago,IL,60616,US,,,,,,,Yes,,,,,,,Software Developer Intern,Backstop Solutions Group,,,,,,,9154496240,,,
"BigDataCamp Chicago - Nov 19, 2011",2289156930,BigDataCamp,70086520,5499566470086520000,"Oct 18, 2011",Papatsaras,Antonis,apapatsaras@springcm.net,,Papatsaras,Antonis,,apapatsaras@springcm.net,1,BigDataCamp Attendee,"Nov 19, 2011 at 10:00 AM",,,"Chicago, IL, United States",,,,54995664,Free Order,USD,0,0,0,0,0,Attending,eTicket,,,,IL,,US,,,,,,,Yes,,,,,,,CTO,SpringCM,,,,,,,,http://www.springcm.com,,
"BigDataCamp Chicago - Nov 19, 2011",2289156930,BigDataCamp,69690706,5467726469690710000,"Oct 15, 2011",Vartanian,Ara,aravart@indiana.edu,,Vartanian,Ara,,aravart@indiana.edu,1,BigDataCamp Attendee,"Nov 19, 2011 at 10:00 AM",,,"Bloomington, IN, United States",,,,54677264,Free Order,USD,0,0,0,0,0,Attending,eTicket,3446 Covenanter Dr.,,Bloomington,IN,47401,US,,,,,,What new consumer-side products does BigData make possible?,Yes,,,,,,,Software Architect,Click2Mail,,,,,,,8183553664,,,
"BigDataCamp Chicago - Nov 19, 2011",2289156930,BigDataCamp,70147346,5504497870147350000,"Oct 18, 2011",gross,anna,arevaderchi@hotmail.com,,gross,anna,,arevaderchi@hotmail.com,1,BigDataCamp Attendee,"Nov 19, 2011 at 10:00 AM",,,"Chicago, IL, United States",,,,55044978,Free Order,USD,0,0,0,0,0,Attending,eTicket,3170 N. Sheridan,#1121,Chicago,IL,60657,US,,,,,,,Yes,,,,,,,DB Consultant,HCSC,,,,,,,312-653-4712,,,
"BigDataCamp Chicago - Nov 19, 2011",2289156930,BigDataCamp,75277536,5912503075277540000,"Nov 15, 2011",Huang,Arthur,arthur.huang@cmegroup.com,,Huang,Arthur,,arthur.huang@cmegroup.com,1,BigDataCamp Attendee,"Nov 19, 2011 at 10:00 AM",,,"Chicago, IL, United States",,,,59125030,Free Order,USD,0,0,0,0,0,Attending,eTicket,,,,IL,,US,,,,,,,Yes,,,,,,,Software Developer,Cme group,,,,,,,312-576-7066,,,
"BigDataCamp Chicago - Nov 19, 2011",2289156930,BigDataCamp,70159070,5505411670159070000,"Oct 18, 2011",Lewis,Dave,eventbritemail@incized.com,,Lewis,Dave,,bigdatacampreg@incized.com,1,BigDataCamp Attendee,"Nov 19, 2011 at 10:00 AM",,,"Chicago, IL, United States",,,,55054116,Free Order,USD,0,0,0,0,0,Attending,eTicket,,,,IL,,US,,,,,,online and distributed supervised machine learning ,No,,,,,,,President,"David D. Lewis Consulting, LLC",,,,,,,,http://www.DavidDLewis.com,,
"BigDataCamp Chicago - Nov 19, 2011",2289156930,BigDataCamp,72841042,5718857472841040000,"Nov 1, 2011",Qualls,Bill,bill_qualls@hotmail.com,,Qualls,Bill,,bill_qualls@hotmail.com,1,BigDataCamp Attendee,"Nov 19, 2011 at 10:00 AM",,,"Manchester, MI, United States",,,,57188574,Free Order,USD,0,0,0,0,0,Attending,eTicket,40W642 Route 64 POB 258,,Wasco,IL,60183-0258,US,,,,,,,Yes,,,,,,,SAS Developer,First Analytics,,,,,,,,,,
"BigDataCamp Chicago - Nov 19, 2011",2289156930,BigDataCamp,69981154,5491026069981150000,"Oct 17, 2011",Chojnacki,Bob,bob@jellyvision.com,,Chojnacki,Bob,,bob@jellyvision.com,1,BigDataCamp Attendee,"Nov 19, 2011 at 10:00 AM",,,"Chicago, IL, United States",,,,54910260,Free Order,USD,0,0,0,0,0,Attending,eTicket,,,,IL,,US,,,,,,,No,,,,,,,Dork,"The Jellyvision Lab, Inc.",,,,,,,,http://www.jellyvisionlab.com,,
"BigDataCamp Chicago - Nov 19, 2011",2289156930,BigDataCamp,75396632,5922103675396630000,"Nov 16, 2011",Ingraham,Brent,brent.ingraham@morningstar.com,,Ingraham,Brent,,brent.ingraham@morningstar.com,1,BigDataCamp Attendee,"Nov 19, 2011 at 10:00 AM",,,"Chicago, IL, United States",,,,59221036,Free Order,USD,0,0,0,0,0,Attending,eTicket,2431 Westview Drive W,,Seattle,WA,98119,US,,,,,,,No,,,,,,,SVP - Technical Strategy,Morningstar,,,,,,,,http://www.morningstar.com,,
"BigDataCamp Chicago - Nov 19, 2011",2289156930,BigDataCamp,70050864,5496656270050860000,"Oct 17, 2011",Cerny,Brian,briancerny@gmail.com,,Cerny,Brian,,briancerny@gmail.com,1,BigDataCamp Attendee,"Nov 19, 2011 at 10:00 AM",,,"Westchester, IL, United States",,,,54966562,Free Order,USD,0,0,0,0,0,Attending,eTicket,,,,IL,,US,,,,,,,Yes,,,,,,,NA,NA,,,,,,,,,,
"BigDataCamp Chicago - Nov 19, 2011",2289156930,BigDataCamp,70256642,5513213470256640000,"Oct 18, 2011",Paul,Bruce,bruce.c.paul@gmail.com,,Paul,Bruce,,bruce.c.paul@gmail.com,1,BigDataCamp Attendee,"Nov 19, 2011 at 10:00 AM",,,"Washington, DC, United States",,,,55132134,Free Order,USD,0,0,0,0,0,Attending,eTicket,639 W Armitage Ave.,Unit 3,Chicago,IL,,US,,,,,,,Yes,,,,,,,n/a,n/a,,,,,,,,,,
"BigDataCamp Chicago - Nov 19, 2011",2289156930,BigDataCamp,75011840,5891019075011840000,"Nov 14, 2011",Le,Bich-Thuy,bttl3@yahoo.com,,Le,Bich-Thuy,,bttl3@yahoo.com,1,BigDataCamp Attendee,"Nov 19, 2011 at 10:00 AM",,,"Elmhurst, IL, United States",,,,58910190,Free Order,USD,0,0,0,0,0,Attending,eTicket,,,,IL,,US,,,,,,,Yes,,,,,,,IT Principal,Le Consulting,,,,,,,,,,
"BigDataCamp Chicago - Nov 19, 2011",2289156930,BigDataCamp,69975156,5490536269975160000,"Oct 17, 2011",Paulson,Chad,chad.paulson@gmail.com,,Paulson,Chad,,chad.paulson@gmail.com,1,BigDataCamp Attendee,"Nov 19, 2011 at 10:00 AM",,,"Chicago, IL, United States",,,,54905362,Free Order,USD,0,0,0,0,0,Attending,eTicket,,,,IL,,US,,,,,,,Yes,,,,,,,Technology Director,Simple.Honest.Work,,,,,,,,,,
"BigDataCamp Chicago - Nov 19, 2011",2289156930,BigDataCamp,75214976,5907474675214980000,"Nov 15, 2011",Hickey,Christopher,christopher_hickey@dell.com,,Hickey,Christopher,,christopher_hickey@dell.com,1,BigDataCamp Attendee,"Nov 19, 2011 at 10:00 AM",,,"Chicago, IL, United States",,,,59074746,Free Order,USD,0,0,0,0,0,Attending,eTicket,,,,IL,,US,,,,,,Use of big data for eDiscovery,No,,,,,,,Account Executive,"Dell, Inc.",,,,,,,,,,
"BigDataCamp Chicago - Nov 19, 2011",2289156930,BigDataCamp,70292390,5516026270292390000,"Oct 18, 2011",King,Chris,cking@springcm.com,,King,Chris,,cking@springcm.com,1,BigDataCamp Attendee,"Nov 19, 2011 at 10:00 AM",,,"Chicago, IL, United States",,,,55160262,Free Order,USD,0,0,0,0,0,Attending,eTicket,,,,IL,,US,,,,,,,Yes,,,,,,,VP Infrastructure and DevOps,SpringCM,,,,,,,,http://www.springcm.com,,
"BigDataCamp Chicago - Nov 19, 2011",2289156930,BigDataCamp,70498992,5532807270498990000,"Oct 19, 2011",Stef-Praun,Tibi,cracus@gmail.com,,Stef-Praun,Tibi,,cracus@gmail.com,1,BigDataCamp Attendee,"Nov 19, 2011 at 10:00 AM",,,United States,,,,55328072,Free Order,USD,0,0,0,0,0,Attending,eTicket,,,,IL,,US,,,,,,,No,,,,,,,Software Enginerr,CMEGroup,,,,,,,,,,
"BigDataCamp Chicago - Nov 19, 2011",2289156930,BigDataCamp,75111074,5899138275111070000,"Nov 14, 2011",B,D,dbeletsky@hotmail.com,,B,D,,dbeletsky@hotmail.com,1,BigDataCamp Attendee,"Nov 19, 2011 at 10:00 AM",,,"Chicago, IL, United States",,,,58991382,Free Order,USD,0,0,0,0,0,Attending,eTicket,,,,IL,,US,,,,,,,Yes,,,,,,,TBD,TBD,,,,,,,,,,
"BigDataCamp Chicago - Nov 19, 2011",2289156930,BigDataCamp,69603534,5460757669603530000,"Oct 14, 2011",Wampler,Dean,dean.wampler@thinkbiganalytics.com,,Wampler,Dean,,dean.wampler@thinkbiganalytics.com,1,BigDataCamp Attendee,"Nov 19, 2011 at 10:00 AM",,,"Chicago, IL, United States",,,,54607576,Free Order,USD,0,0,0,0,0,Attending,eTicket,,,Chicago,IL,60654,US,,,,,,,Yes,,,,,,,Principal Consultant,Think Big Analytics,,,,,,,,http://thinkbiganalytics.com,http://blog.polyglotprogramming.com,
"BigDataCamp Chicago - Nov 19, 2011",2289156930,BigDataCamp,70108650,5501377470108650000,"Oct 18, 2011",Barge,Doug,doug.barge@orbitz.com,,Barge,Doug,,doug.barge@orbitz.com,1,BigDataCamp Attendee,"Nov 19, 2011 at 10:00 AM",,,"Chicago, IL, United States",,,,55013774,Free Order,USD,0,0,0,0,0,Attending,eTicket,,,,IL,,US,,,,,,,Yes,,,,,,,FTL,Orbitz,,,,,,,,,,
"BigDataCamp Chicago - Nov 19, 2011",2289156930,BigDataCamp,75861246,5958959475861250000,"Nov 18, 2011",Drapkin,Konstantin,drapkin11@gmail.com,,Drapkin,Konstantin,,drapkin11@gmail.com,1,BigDataCamp Attendee,"Nov 19, 2011 at 10:00 AM",,,"Chicago, IL, United States",,,,59589594,Free Order,USD,0,0,0,0,0,Attending,eTicket,,,,IL,,US,,,,,,logfile parsers,No,,,,,,,Systems Engineer,Nokia,,,,,,,,,,
"BigDataCamp Chicago - Nov 19, 2011",2289156930,BigDataCamp,69977906,5490755269977910000,"Oct 17, 2011",Hansen,Jeff,dscheffy@gmail.com,,Hansen,Jeff,,dscheffy@gmail.com,1,BigDataCamp Attendee,"Nov 19, 2011 at 10:00 AM",,,"Downers Grove, IL, United States",,,,54907552,Free Order,USD,0,0,0,0,0,Attending,eTicket,,,,IL,,US,,,,,,,No,,,,,,,Technical Architect,Saggezza,,,,,,,,,,
"BigDataCamp Chicago - Nov 19, 2011",2289156930,BigDataCamp,70031954,5495123270031950000,"Oct 17, 2011",Bellis,Ed,ed@honeyapps.com,,Bellis,Ed,,ed@honeyapps.com,1,BigDataCamp Attendee,"Nov 19, 2011 at 10:00 AM",,,"Mississauga, ON, Canada",,,,54951232,Free Order,USD,0,0,0,0,0,Attending,eTicket,,,,IL,,US,,,,,,,Yes,,,,,,,CoFounder,HoneyApps,,,,,,,,http://www.honeyapps.com,http://blog.honeyapps.com,
"BigDataCamp Chicago - Nov 19, 2011",2289156930,BigDataCamp,70111046,5501562670111050000,"Oct 18, 2011",Gfesser,Erik,egfesser@ieee.org,,Gfesser,Erik,,egfesser@ieee.org,1,BigDataCamp Attendee,"Nov 19, 2011 at 10:00 AM",,,"Homewood, IL, United States",,,,55015626,Free Order,USD,0,0,0,0,0,Attending,eTicket,,,,IL,,US,,,,,,,Yes,,,,,,,Senior Technical Architect,NVISIA LLC,,,,,,,,http://www.nvisia.com,,
"BigDataCamp Chicago - Nov 19, 2011",2289156930,BigDataCamp,70170416,5506339270170420000,"Oct 18, 2011",Chao,Eisen,eisen27@hotmail.com,,Chao,Eisen,,eisen27@hotmail.com,1,BigDataCamp Attendee,"Nov 19, 2011 at 10:00 AM",,,"Chicago, IL, United States",,,,55063392,Free Order,USD,0,0,0,0,0,Attending,eTicket,3125 S Throop,3R,Chicago,IL,60608,US,,,,,,,Yes,,,,,,,Middleware Specialist,NP.COM,,,,,,,3123433873,,,
"BigDataCamp Chicago - Nov 19, 2011",2289156930,BigDataCamp,70381648,5523353670381650000,"Oct 19, 2011",Garms,Elliott,elliottgarms@gmail.com,,Garms,Elliott,,elliottgarms@gmail.com,1,BigDataCamp Attendee,"Nov 19, 2011 at 10:00 AM",,,"Chicago, IL, United States",,,,55233536,Free Order,USD,0,0,0,0,0,Attending,eTicket,,,Chicago,IL,,US,,,,,,,No,,,,,,,Co-Founder,HubFunnel,,,,,,,,hubfunnel.com,,
"BigDataCamp Chicago - Nov 19, 2011",2289156930,BigDataCamp,71279600,5593055671279600000,"Oct 24, 2011",Miller,Edward,embraceunity@gmail.com,,Miller,Edward,,embraceunity@gmail.com,1,BigDataCamp Attendee,"Nov 19, 2011 at 10:00 AM",,,"Chicago, IL, United States",,,eivtefrnd,55930556,Free Order,USD,0,0,0,0,0,Attending,eTicket,1730 N Clark St Apt 304,,Chicago,IL,60614,US,,,,,,,No,,,,,,,Software Developer,"Miller Systems, Inc.",,,,,,,,http://milsys.com,,
"BigDataCamp Chicago - Nov 19, 2011",2289156930,BigDataCamp,75643968,5942042675643970000,"Nov 17, 2011",Crouch,Feifei,fcrou@allstate.com,,Crouch,Feifei,,fcrou@allstate.com,1,BigDataCamp Attendee,"Nov 19, 2011 at 10:00 AM",,,"Mount Prospect, IL, United States",,,,59420426,Free Order,USD,0,0,0,0,0,Attending,eTicket,,,,IL,,US,,,,,,,Yes,,,,,,,Predictive Modeler,Allstate Insurance Company,,,,,,,,,,
"BigDataCamp Chicago - Nov 19, 2011",2289156930,BigDataCamp,75447404,5926288275447400000,"Nov 16, 2011",Harfoush,Fady,fharfoush@yahoo.com,,Harfoush,Fady,,fharfoush@yahoo.com,1,BigDataCamp Attendee,"Nov 19, 2011 at 10:00 AM",,,"Chicago, IL, United States",,,,59262882,Free Order,USD,0,0,0,0,0,Attending,eTicket,,,,IL,,US,,,,,,,Yes,,,,,,,Director IT,Thomson Reuters,,,,,,,,,,
"BigDataCamp Chicago - Nov 19, 2011",2289156930,BigDataCamp,69710420,5469162469710420000,"Oct 15, 2011",Gamino,Ariel,gamino@yahoo.com,,Gamino,Ariel,,gamino@yahoo.com,1,BigDataCamp Attendee,"Nov 19, 2011 at 10:00 AM",,,"Chicago, IL, United States",,,,54691624,Free Order,USD,0,0,0,0,0,Attending,eTicket,,,,IL,,US,,,,,,,Yes,,,,,,,Technical Manager,Northwestern Memorial Hospital,,,,,,,,http://www.nmh.org,http://www.teqi.org,
"BigDataCamp Chicago - Nov 19, 2011",2289156930,BigDataCamp,69982272,5491119069982270000,"Oct 17, 2011",Gilbert,Gary,gary@NNovationSoftware.com,,Gilbert,Gary,,gary@NNovationSoftware.com,1,BigDataCamp Attendee,"Nov 19, 2011 at 10:00 AM",,,"Arlington Heights, IL, United States",,,,54911190,Free Order,USD,0,0,0,0,0,Attending,eTicket,814 E. Hackberry Drive,,Arlington Heights,IL,60004,US,,,,,,,Yes,,,,,,,Software Architect,NNovation Software,,,,,,,847.577.4275,http://www.nnovationsoftware.com,,
"BigDataCamp Chicago - Nov 19, 2011",2289156930,BigDataCamp,75465792,5927729075465790000,"Nov 16, 2011",Mishra,Gokula,gnmishra@gmail.com,,Mishra,Gokula,,gnmishra@gmail.com,1,BigDataCamp Attendee,"Nov 19, 2011 at 10:00 AM",,,"Naperville, IL, United States",,,,59277290,Free Order,USD,0,0,0,0,0,Attending,eTicket,2282 University Drive,,Naperville,IL,60565,US,,,,,,,Yes,,,,,,,"Ex. VP, BIS, SHC",SHC,,,,,,,6302353206,,,
"BigDataCamp Chicago - Nov 19, 2011",2289156930,BigDataCamp,69933928,5487254869933930000,"Oct 17, 2011",Primosch,Gregory,gprimosch@aginity.com,,Primosch,Gregory,,gprimosch@aginity.com,1,BigDataCamp Attendee,"Nov 19, 2011 at 10:00 AM",,,"Barrington, IL, United States",,,,54872548,Free Order,USD,0,0,0,0,0,Attending,eTicket,7610 N Eastlake Terrace,APT 2S,Chicago,IL,60626-1422,US,,,,,,"Stats Package (R, SAS, SPSS) interfaces to Hadoop",No,,,,,,,Senior Architect,Aginity,,,,,,,8478266733,http://aginity.com,,
"BigDataCamp Chicago - Nov 19, 2011",2289156930,BigDataCamp,75785304,5953122275785300000,"Nov 18, 2011",skudlarick,greg,gskudlarick@gmail.com,,skudlarick,greg,,gskudlarick@gmail.com,1,BigDataCamp Attendee,"Nov 19, 2011 at 10:00 AM",,,"Chicago, IL, United States",,,erec,59531222,Free Order,USD,0,0,0,0,0,Attending,eTicket,3056 N. Leavitt 1f,,Chicago,IL,60618,US,,,,,,,Yes,,,,,,,SW Consultant CME,TenPercent,,,,,,,,http://code-gallery.com/,,
"BigDataCamp Chicago - Nov 19, 2011",2289156930,BigDataCamp,74675032,5863493274675030000,"Nov 11, 2011",Gwynne,Daniel,Gwynne-Daniel@norc.org,,Gwynne,Daniel,,Gwynne-Daniel@norc.org,1,BigDataCamp Attendee,"Nov 19, 2011 at 10:00 AM",,,"Chicago, IL, United States",,,,58634932,Free Order,USD,0,0,0,0,0,Attending,eTicket,,,,IL,,US,,,,,,,Yes,,,,,,,Senior Systems Engineer,NORC,,,,,,,,,,
"BigDataCamp Chicago - Nov 19, 2011",2289156930,BigDataCamp,70163432,5505763270163430000,"Oct 18, 2011",Hardy,Celeste,hardyc@bcbsil.com,,Hardy,Celeste,,hardyc@bcbsil.com,1,BigDataCamp Attendee,"Nov 19, 2011 at 10:00 AM",,,"Homewood, IL, United States",,,,55057632,Free Order,USD,0,0,0,0,0,Attending,eTicket,,,,IL,,US,,,,,,,No,,,,,,,Database Consultant,HCSC,,,,,,,,,,
"BigDataCamp Chicago - Nov 19, 2011",2289156930,BigDataCamp,69977052,5490684869977050000,"Oct 17, 2011",Wang,Huayin,huayin.wang@accuenmedia.com,,Wang,Huayin,,huayin.wang@accuenmedia.com,1,BigDataCamp Attendee,"Nov 19, 2011 at 10:00 AM",,,"New York, NY, United States",,,,54906848,Free Order,USD,0,0,0,0,0,Attending,eTicket,225 N Michigan Ave,,Chicago,IL,60601,US,,,,,,,Yes,,,,,,,VP Data Intelligence,Accuen Media / OmnicomeMediaGroup,,,,,,,3123248260,,,
"BigDataCamp Chicago - Nov 19, 2011",2289156930,BigDataCamp,70116184,5501991670116180000,"Oct 18, 2011",Matveeva,Irina,irina.matveeva@gmail.com,,Matveeva,Irina,,irina.matveeva@gmail.com,1,BigDataCamp Attendee,"Nov 19, 2011 at 10:00 AM",,,"Chicago, IL, United States",,,,55019916,Free Order,USD,0,0,0,0,0,Attending,eTicket,,,,IL,,US,,,,,,Distributed search,Yes,,,,,,,R&D,Dieselpoint,,,,,,,,http://enginez.com,,
"BigDataCamp Chicago - Nov 19, 2011",2289156930,BigDataCamp,69982814,5491168469982810000,"Oct 17, 2011",Thakrar,Jayesh,j_thakrar@yahoo.com,,Thakrar,Jayesh,,j_thakrar@yahoo.com,1,BigDataCamp Attendee,"Nov 19, 2011 at 10:00 AM",,,"Chicago, IL, United States",,,eorg,54911684,Free Order,USD,0,0,0,0,0,Attending,eTicket,,,,IL,60564,US,,,,,,"Monitoring - availability, performance, througput, resource utilization, etc.",Yes,,,,,,,Architect,Independent Consultant,,,,,,,,,,
"BigDataCamp Chicago - Nov 19, 2011",2289156930,BigDataCamp,69951912,5488698669951910000,"Oct 17, 2011",Malhotra,Jai,jai.malhotra@gmail.com,,Malhotra,Jai,,jai.malhotra@gmail.com,1,BigDataCamp Attendee,"Nov 19, 2011 at 10:00 AM",,,"Hoffman Estates, IL, United States",,,,54886986,Free Order,USD,0,0,0,0,0,Attending,eTicket,,,,IL,,US,,,,,,,Yes,,,,,,,Solutions Architect,Clarity Solutions Group,,,,,,,2243212341,,,
"BigDataCamp Chicago - Nov 19, 2011",2289156930,BigDataCamp,75534278,5933267075534280000,"Nov 16, 2011",Blaschak,Jeff,jblaschak@gmail.com,,Blaschak,Jeff,,jblaschak@gmail.com,1,BigDataCamp Attendee,"Nov 19, 2011 at 10:00 AM",,,"Rochester, IN, United States",,,,59332670,Free Order,USD,0,0,0,0,0,Attending,eTicket,2449 HIGHLAND ROAD,,GENEVA,IL,60134,US,,,,,,,Yes,,,,,,,Applied Machine Learning,Freelance,,,,,,,,,,
"BigDataCamp Chicago - Nov 19, 2011",2289156930,BigDataCamp,70153590,5504998670153590000,"Oct 18, 2011",Cheng,Jason,jcheng8@gmail.com,,Cheng,Jason,,jcheng8@gmail.com,1,BigDataCamp Attendee,"Nov 19, 2011 at 10:00 AM",,,"Chicago, IL, United States",,,,55049986,Free Order,USD,0,0,0,0,0,Attending,eTicket,,,,,,US,,,,,,,No,,,,,,,Engineer,Trading Technologies,,,,,,,,,http://jcheng8.wordpress.com,
"BigDataCamp Chicago - Nov 19, 2011",2289156930,BigDataCamp,75620968,5940197275620970000,"Nov 17, 2011",Duffy,John,jduffy@springcm.com,,Duffy,John,,jduffy@springcm.com,1,BigDataCamp Attendee,"Nov 19, 2011 at 10:00 AM",,,"Chicago, IL, United States",,,,59401972,Free Order,USD,0,0,0,0,0,Attending,eTicket,10433 S Hale,,Chicago,IL,60643,US,,,,,,,No,,,,,,,Solutions Engineer,SpringCM,,,,,,,,,,
"BigDataCamp Chicago - Nov 19, 2011",2289156930,BigDataCamp,69960824,5489421069960830000,"Oct 17, 2011",Reynaud,Jean-marc,Jean-marc.reynaud@thomsonreuters.com,,Reynaud,Jean,,Jean-marc.reynaud@thomsonreuters.com,1,BigDataCamp Attendee,"Nov 19, 2011 at 10:00 AM",,,"Naperville, IL, United States",,,,54894210,Free Order,USD,0,0,0,0,0,Attending,eTicket,,,,IL,,US,,,,,,,Yes,,,,,,,Data scientist,Thomson,,,,,,,,,,
"BigDataCamp Chicago - Nov 19, 2011",2289156930,BigDataCamp,70113880,5501805070113880000,"Oct 18, 2011",Ryan,Jeffrey,jeffrey.ryan@lemnica.com,,Ryan,Jeffrey,,jeffrey.ryan@lemnica.com,1,BigDataCamp Attendee,"Nov 19, 2011 at 10:00 AM",,,"Chicago, IL, United States",,,,55018050,Free Order,USD,0,0,0,0,0,Attending,eTicket,1 N. Bishop St. #7,#7,Chicago,IL,60607,US,,,,,,Integration with R,Yes,,,,,,,Founder,lemnica,,,,,,,3124518370,http://www.lemnica.com,,
"BigDataCamp Chicago - Nov 19, 2011",2289156930,BigDataCamp,69604730,5460859269604730000,"Oct 14, 2011",Cattell,Jerry,jerrycattell@gmail.com,,Cattell,Jerry,,jerrycattell@gmail.com,1,BigDataCamp Attendee,"Nov 19, 2011 at 10:00 AM",,,"Chicago, IL, United States",,,,54608592,Free Order,USD,0,0,0,0,0,Attending,eTicket,1832 N Lincoln Ave,Apt. 1F,Chicago,IL,60614,US,,,,,,,Yes,,,,,,,Technologist,Pulse Energy,,,,,,,3123990929,http://www.pulseenergy.com,,
"BigDataCamp Chicago - Nov 19, 2011",2289156930,BigDataCamp,73260936,5752209873260940000,"Nov 3, 2011",Kosic,John,jkosic@techweek.com,,Kosic,John,,jkosic@techweek.com,1,BigDataCamp Attendee,"Nov 19, 2011 at 10:00 AM",,,"Glen Ellyn, IL, United States",,,,57522098,Free Order,USD,0,0,0,0,0,Attending,eTicket,212 West Hubbard Ste 200,,Chicago,IL,60654,US,,,,,,,No,,,,,,,Business Development,Techweek,,,,,,,6303477405,http://thetechweek.com,,
"BigDataCamp Chicago - Nov 19, 2011",2289156930,BigDataCamp,70842516,5557848270842520000,"Oct 21, 2011",Morrissey,John,jmorrissey@nag.com,,Morrissey,John,,jmorrissey@nag.com,1,BigDataCamp Attendee,"Nov 19, 2011 at 10:00 AM",,,"Chicago, IL, United States",,,,55578482,Free Order,USD,0,0,0,0,0,Attending,eTicket,6826 Church Court,,Woodridge,IL,60517,US,,,,,,,Yes,,,,,,,Computational Mathematician,Numerical Algorithms Group,,,,,,,6305985219,http://www.nag.com,,
"BigDataCamp Chicago - Nov 19, 2011",2289156930,BigDataCamp,75847608,5957983275847610000,"Nov 18, 2011",Nahikian,D. James ,jnahikian@nahikianglobal.com,,Nahikian,D. James ,,jnahikian@nahikianglobal.com,1,BigDataCamp Attendee,"Nov 19, 2011 at 10:00 AM",,,"Chicago, IL, United States",,,,59579832,Free Order,USD,0,0,0,0,0,Attending,eTicket,1636 North Wells Street,Suite 415,Chicago,IL,60614,US,,,,,,Mobile cloud developments and new technologies,No,,,,,,,Patent Attorney,Nahikian Global Intellectual Property & Technology Law Group,,,,,,,3123993099,http://www.nahikianglobal.com,http://www.technasauruslex.com,
"BigDataCamp Chicago - Nov 19, 2011",2289156930,BigDataCamp,72168482,5664732472168480000,"Oct 28, 2011",Kleinhenz,Joe,joe.kleinhenz@allstate.com,,Kleinhenz,Joe,,joe.kleinhenz@allstate.com,1,BigDataCamp Attendee,"Nov 19, 2011 at 10:00 AM",,,"Mount Prospect, IL, United States",,,,56647324,Free Order,USD,0,0,0,0,0,Attending,eTicket,202 Clifton Lane,,Bolingbrook,IL,60440,US,,,,,,,Yes,,,,,,,Director - Big Data Analytics,Allstate,,,,,,,847-402-8253,,,
"BigDataCamp Chicago - Nov 19, 2011",2289156930,BigDataCamp,72376138,5681499672376140000,"Oct 30, 2011",Ozeran,Jonathan,jonathan.ozeran@lextech.com,,Ozeran,Jonathan,,jonathan.ozeran@lextech.com,1,BigDataCamp Attendee,"Nov 19, 2011 at 10:00 AM",,,"Lisle, IL, United States",,,eivtefrnd,56814996,Free Order,USD,0,0,0,0,0,Attending,eTicket,,,,IL,,US,,,,,,,No,,,,,,,Mobile Technology Strategist,Lextech Global Services,,,,,,,,,,
"BigDataCamp Chicago - Nov 19, 2011",2289156930,BigDataCamp,68102112,5340404268102110000,"Oct 7, 2011",Seidman,Jonathan,jonathan.seidman@gmail.com,,Seidman,Jonathan,,jonathan.seidman@gmail.com,1,BigDataCamp Attendee,"Nov 19, 2011 at 10:00 AM",,,"Chicago, IL, United States",,,,53404042,Free Order,USD,0,0,0,0,0,Attending,eTicket,4105 North Monticello,,Chicago,IL,,US,,,,,,,Yes,,,,,,,Lead Engineer,Orbitz Worldwide,,,,,,,,,,
"BigDataCamp Chicago - Nov 19, 2011",2289156930,BigDataCamp,69604194,5460812469604190000,"Oct 14, 2011",Baltz,Jonathan,JonathanBaltz@gmail.com,,Baltz,Jonathan,,JonathanBaltz@gmail.com,1,BigDataCamp Attendee,"Nov 19, 2011 at 10:00 AM",,,"Chicago, IL, United States",,,,54608124,Free Order,USD,0,0,0,0,0,Attending,eTicket,"6415 N Greenview Ave, #1W",,Chicago,IL,60626,US,,,,,,,Yes,,,,,,,Salesforce Developer,"Forzarch, LLC",,,,,,,(312) 880-9173,http://forzarch.com,,
"BigDataCamp Chicago - Nov 19, 2011",2289156930,BigDataCamp,75260836,5911178475260840000,"Nov 15, 2011",Bennett,Joshua,joshua.bennett@cmegroup.com,,Bennett,Joshua,,joshua.bennett@cmegroup.com,1,BigDataCamp Attendee,"Nov 19, 2011 at 10:00 AM",,,"Chicago, IL, United States",,,,59111784,Free Order,USD,0,0,0,0,0,Attending,eTicket,,,,IL,,US,,,,,,,Yes,,,,,,,Technology Architect,CME Group,,,,,,,,http://www.cmegroup.com,,
"BigDataCamp Chicago - Nov 19, 2011",2289156930,BigDataCamp,75845100,5957780075845100000,"Nov 18, 2011",Peterson,J,jpeterson@fusionio.com,,Peterson,J,,jpeterson@fusionio.com,1,BigDataCamp Attendee,"Nov 19, 2011 at 10:00 AM",,,"Palos Heights, IL, United States",,,eivtefrnd,59577800,Free Order,USD,0,0,0,0,0,Attending,eTicket,,,,IL,,US,,,,,,,Yes,,,,,,,SVP Software,Fusion-io,,,,,,,,,,
"BigDataCamp Chicago - Nov 19, 2011",2289156930,BigDataCamp,69973274,5490392669973270000,"Oct 17, 2011",Rohwedder,Jason,jro@honeyapps.com,,Rohwedder,Jason,,jro@honeyapps.com,1,BigDataCamp Attendee,"Nov 19, 2011 at 10:00 AM",,,"Oak Park, IL, United States",,,,54903926,Free Order,USD,0,0,0,0,0,Attending,eTicket,,,,IL,,US,,,,,,,Yes,,,,,,,geek,HoneyApps,,,,,,,,,,
"BigDataCamp Chicago - Nov 19, 2011",2289156930,BigDataCamp,70174798,5506673870174800000,"Oct 18, 2011",Appleton,Juanette,juanappleton@yahoo.com,,Appleton,Juanette,,juanappleton@yahoo.com,1,BigDataCamp Attendee,"Nov 19, 2011 at 10:00 AM",,,"Chicago, IL, United States",,,,55066738,Free Order,USD,0,0,0,0,0,Attending,eTicket,4857 West Walton Street,,Chicago,IL,60651,US,,,,,,,Yes,,,,,,,Web Design / Developer,None,,,,,,,312-256-5653,,,
"BigDataCamp Chicago - Nov 19, 2011",2289156930,BigDataCamp,69973682,5490428069973680000,"Oct 17, 2011",Karim,Faisal,karim.16@osu.edu,,Karim,Faisal,,karim.16@osu.edu,1,BigDataCamp Attendee,"Nov 19, 2011 at 10:00 AM",,,"Hoffman Estates, IL, United States",,,,54904280,Free Order,USD,0,0,0,0,0,Attending,eTicket,,,,IL,,US,,,,,,,Yes,,,,,,,Automation/Solution Engineer,Sears Holdings Corporation,,,,,,,847-286-2524,,,
"BigDataCamp Chicago - Nov 19, 2011",2289156930,BigDataCamp,69986108,5491446669986110000,"Oct 17, 2011",Page,Kathleen,kathleenvirginia@me.com,,Page,Kathleen,,kathleenvirginia@me.com,1,BigDataCamp Attendee,"Nov 19, 2011 at 10:00 AM",,,"Wood Dale, IL, United States",,,,54914466,Free Order,USD,0,0,0,0,0,Attending,eTicket,1030 N State,9L,Chicago,IL,60610,US,,,,,,,Yes,,,,,,,Account Manager,Eved,,,,,,,,http://eved.com,,
"BigDataCamp Chicago - Nov 19, 2011",2289156930,BigDataCamp,70009916,5493372470009920000,"Oct 17, 2011",Cascorbi,Kate,kcascorbi@gmail.com,,Cascorbi,Kate,,kcascorbi@gmail.com,1,BigDataCamp Attendee,"Nov 19, 2011 at 10:00 AM",,,"Chicago, IL, United States",,,,54933724,Free Order,USD,0,0,0,0,0,Attending,eTicket,910 S Michigan Avenue Apt 1202,,"Chicago, IL 60605 United States",IL,60605,US,,,,,,,Yes,,,,,,,Partner,i2e,,,,,,,3125830789,,,
"BigDataCamp Chicago - Nov 19, 2011",2289156930,BigDataCamp,75778770,5952581475778770000,"Nov 18, 2011",Crouch,Kody,kccrouch@uchicago.edu,,Crouch,Kody,,kccrouch@uchicago.edu,1,BigDataCamp Attendee,"Nov 19, 2011 at 10:00 AM",,,"Chicago, IL, United States",,,,59525814,Free Order,USD,0,0,0,0,0,Attending,eTicket,,,,IL,,US,,,,,,,Yes,,,,,,,Student,University of Chicago,,,,,,,,,,
"BigDataCamp Chicago - Nov 19, 2011",2289156930,BigDataCamp,70155326,5505142470155330000,"Oct 18, 2011",Litwin,Keith,keith74@gmail.com,,Litwin,Keith,,keith74@gmail.com,1,BigDataCamp Attendee,"Nov 19, 2011 at 10:00 AM",,,"Chicago, IL, United States",,,,55051424,Free Order,USD,0,0,0,0,0,Attending,eTicket,,,,IL,,US,,,,,,,No,,,,,,,"Director, Professional Services Engineering",SpringCM,,,,,,,,http://www.springcm.com,,
"BigDataCamp Chicago - Nov 19, 2011",2289156930,BigDataCamp,69973314,5490396469973310000,"Oct 17, 2011",Chulis,Kimberly,kim@coreanalytics.com,,Chulis,Kimberly,,kim@coreanalytics.com,1,BigDataCamp Attendee,"Nov 19, 2011 at 10:00 AM",,,"Riverside, IL, United States",,,,54903964,Free Order,USD,0,0,0,0,0,Attending,eTicket,1006 Ferdinand Ave,,Forest Park,IL,60130,US,,,,,,,Yes,,,,,,,CEO and co-founder,"Core Analytics, LLC",,,,,,,312-399-8009,http://www.coreanalytics.com,http://clickinsights.blogspot.com,
"BigDataCamp Chicago - Nov 19, 2011",2289156930,BigDataCamp,72892934,5723161072892930000,"Nov 2, 2011",Murthy,Kris,kmurthy@jayamsystems.com,,Murthy,Kris,,kmurthy@jayamsystems.com,1,BigDataCamp Attendee,"Nov 19, 2011 at 10:00 AM",,,"Northbrook, IL, United States",,,,57231610,Free Order,USD,0,0,0,0,0,Attending,eTicket,,,,IL,,US,,,,,,,Yes,,,,,,,TBD,TBD,,,,,,,,,,
"BigDataCamp Chicago - Nov 19, 2011",2289156930,BigDataCamp,74683796,5864187074683800000,"Nov 11, 2011",Kokatnur,Vijay,kokatnur.vijay@gmail.com,,Kokatnur,Vijay,,kokatnur.vijay@gmail.com,1,BigDataCamp Attendee,"Nov 19, 2011 at 10:00 AM",,,"Chicago, IL, United States",,,,58641870,Free Order,USD,0,0,0,0,0,Attending,eTicket,,,,IL,60614,US,,,,,,,No,,,,,,,Senior Team Lead,InnerWorkings,,,,,,,,http://inwk.com,,
"BigDataCamp Chicago - Nov 19, 2011",2289156930,BigDataCamp,74491588,5849163474491590000,"Nov 10, 2011",Kirshnan,Krish,krish.krishnan@chicagobigroup.com,,Krishnan,Krish,,krish.krishnan@chicagobigroup.com,1,BigDataCamp Attendee,"Nov 19, 2011 at 10:00 AM",,,"Chicago, IL, United States",,,,58491634,Free Order,USD,0,0,0,0,0,Attending,eTicket,,,Chicago,IL,,US,,,,,,,Yes,,,,,,,VIP Big Data,Chicago BI Group,,,,,,,,,,
"BigDataCamp Chicago - Nov 19, 2011",2289156930,BigDataCamp,70220910,5510334670220910000,"Oct 18, 2011",Clement,Kylie,kylie@cloudera.com,,Clement,Kylie,,kylie@cloudera.com,1,BigDataCamp Attendee,"Nov 19, 2011 at 10:00 AM",,,"Medford, OR, United States",,,,55103346,Free Order,USD,0,0,0,0,0,Attending,eTicket,1810 East Main Street,,Medford,OR,97504,US,,,,,,,No,,,,,,,Account Executive,Cloudera,,,,,,,541 618 8720,http://www.cloudera.com,,
"BigDataCamp Chicago - Nov 19, 2011",2289156930,BigDataCamp,71439472,5606297871439470000,"Oct 25, 2011",Lamble,MIke,lamblemd@gmail.com,,Lamble,MIke,,lamblemd@gmail.com,1,BigDataCamp Attendee,"Nov 19, 2011 at 10:00 AM",,,"Chicago, IL, United States",,,,56062978,Free Order,USD,0,0,0,0,0,Attending,eTicket,,,,IL,,US,,,,,,,Yes,,,,,,,Partner,IBM,,,,,,,312-848-1920,,,
"BigDataCamp Chicago - Nov 19, 2011",2289156930,BigDataCamp,70165200,5505914470165200000,"Oct 18, 2011",Adams,Larry,larry.adams@gmail.com,,Adams,Larry,,larry.adams@gmail.com,1,BigDataCamp Attendee,"Nov 19, 2011 at 10:00 AM",,,"Elkhart, IN, United States",,,,55059144,Free Order,USD,0,0,0,0,0,Attending,eTicket,,,,IL,,US,,,,,,,No,,,,,,,VP Product ,Narrative Science,,,,,,,,,,
"BigDataCamp Chicago - Nov 19, 2011",2289156930,BigDataCamp,71354408,5599171271354410000,"Oct 24, 2011",Gulik,Lily,lily@gulik.org,,Gulik,Lily,,lily@gulik.org,1,BigDataCamp Attendee,"Nov 19, 2011 at 10:00 AM",,,"Chicago, IL, United States",,,,55991712,Free Order,USD,0,0,0,0,0,Attending,eTicket,329 West Goethe St,,Chicago,IL,60610,US,,,,,,"Business case, use cases, networking",Yes,,,,,,,Business Development Executive,CSC,,,,,,,312-846-9650,http://www.csc.com,,
"BigDataCamp Chicago - Nov 19, 2011",2289156930,BigDataCamp,70114652,5501864670114650000,"Oct 18, 2011",Basile,Louis,louiebasile@gmail.com,,Basile,Louis,,louiebasile@gmail.com,1,BigDataCamp Attendee,"Nov 19, 2011 at 10:00 AM",,,"Chicago, IL, United States",,,,55018646,Free Order,USD,0,0,0,0,0,Attending,eTicket,833 W Buena Ave,APT 1308,Chicago,IL,60613,US,,,,,,,Yes,,,,,,,Software Developer,SpringCM,,,,,,,3122534723,,,
"BigDataCamp Chicago - Nov 19, 2011",2289156930,BigDataCamp,69974572,5490491669974570000,"Oct 17, 2011",Qu,Lina,lynne.qu@gmail.com,,Qu,Lina Qu,,lynne.qu@gmail.com,1,BigDataCamp Attendee,"Nov 19, 2011 at 10:00 AM",,,"Chicago, IL, United States",,,,54904916,Free Order,USD,0,0,0,0,0,Attending,eTicket,,,,IL,,US,,,,,,,Yes,,,,,,,Teaching Assistant,Loyola University Chicago,,,,,,,,,,
"BigDataCamp Chicago - Nov 19, 2011",2289156930,BigDataCamp,75882516,5960686475882520000,"Nov 18, 2011",HOSSAIN,B.M.,mainul.raju@yahoo.com,,HOSSAIN,B.M.,,mainul.raju@yahoo.com,1,BigDataCamp Attendee,"Nov 19, 2011 at 10:00 AM",,,"Chicago, IL, United States",,,,59606864,Free Order,USD,0,0,0,0,0,Attending,eTicket,708 S lytle st,apt 3,chicago,IL,60607,US,,,,,,,No,,,,,,,Student,University of Illinois at Chicago,,,,,,,3127303495,http://www.cs.uic.edu/~bhossain/,,
"BigDataCamp Chicago - Nov 19, 2011",2289156930,BigDataCamp,70218814,5510163270218820000,"Oct 18, 2011",Krema,Marko,marko.krema@gmail.com,,Krema,Marko,,marko.krema@gmail.com,1,BigDataCamp Attendee,"Nov 19, 2011 at 10:00 AM",,,"Evanston, IL, United States",,,,55101632,Free Order,USD,0,0,0,0,0,Attending,eTicket,146 Clyde apt 1E,,Evanston,IL,60202,US,,,,,,,No,,,,,,,Consultant,Accenture,,,,,,,,,,
"BigDataCamp Chicago - Nov 19, 2011",2289156930,BigDataCamp,70705778,5549536470705780000,"Oct 20, 2011",Hibbard,Mason,mason@cloudera.com,,Hibbard,Mason,,mason@cloudera.com,1,BigDataCamp Attendee,"Nov 19, 2011 at 10:00 AM",,,"Palo Alto, CA, United States",,,,55495364,Free Order,USD,0,0,0,0,0,Attending,eTicket,,,,IL,,US,,,,,,,Yes,,,,,,,Sales,Cloudera,,,,,,,,http://www.cloudera.com,http://wwwl.cloudera.com/blog,
"BigDataCamp Chicago - Nov 19, 2011",2289156930,BigDataCamp,68181130,5346530868181130000,"Oct 7, 2011",O'Keefe,Matt,matthew.okeefe@morningstar.com,,O'Keefe,Matt,,matthew.okeefe@morningstar.com,1,BigDataCamp Attendee,"Nov 19, 2011 at 10:00 AM",,,"Chicago, IL, United States",,,,53465308,Free Order,USD,0,0,0,0,0,Attending,eTicket,,,,IL,,US,,,,,,DataStax Brisk,Yes,,,,,,,Senior Technology Architect,"Morningstar, Inc.",,,,,,,312-696-6260,,,
"BigDataCamp Chicago - Nov 19, 2011",2289156930,BigDataCamp,72968806,5729233872968810000,"Nov 2, 2011",Chou,Marco,mchou@cdm.depaul.edu,,Chou,Marco,,mchou@cdm.depaul.edu,1,BigDataCamp Attendee,"Nov 19, 2011 at 10:00 AM",,,"Chicago, IL, United States",,,eanrecb2,57292338,Free Order,USD,0,0,0,0,0,Attending,eTicket,243 S. Wabash Ave.,,Chicago,IL,60604,US,,,,,,,Yes,,,,,,,Professor,DePaul University,,,,,,,847-226-2263,http://www.cdm.depaul.edu/People/Pages/facultyinfo.aspx?fid=228,,
"BigDataCamp Chicago - Nov 19, 2011",2289156930,BigDataCamp,70094268,5500206670094270000,"Oct 18, 2011",Ranganathan,Ganesh,memetique@yahoo.com,,Ranganathan,Ganesh,,memetique@yahoo.com,1,BigDataCamp Attendee,"Nov 19, 2011 at 10:00 AM",,,"Chicago, IL, United States",,,,55002066,Free Order,USD,0,0,0,0,0,Attending,eTicket,1936 W Thomas,,Chicago,IL,60622,US,,,,,,,Yes,,,,,,,IT Consultant,Rewards Networks,,,,,,,,,,
"BigDataCamp Chicago - Nov 19, 2011",2289156930,BigDataCamp,70179976,5507086870179980000,"Oct 18, 2011",cheng,mike,mike.cheng@morningstar.com,,cheng,mike,,mike.cheng@morningstar.com,1,BigDataCamp Attendee,"Nov 19, 2011 at 10:00 AM",,,"Chicago, IL, United States",,,,55070868,Free Order,USD,0,0,0,0,0,Attending,eTicket,,,,IL,,US,,,,,,,No,,,,,,,development manager,morningstar inc.,,,,,,,,,,
"BigDataCamp Chicago - Nov 19, 2011",2289156930,BigDataCamp,70145508,5504349470145510000,"Oct 18, 2011",Schiro,Michael,mike.schiro@gmail.com,,Schiro,Michael,,mike.schiro@gmail.com,1,BigDataCamp Attendee,"Nov 19, 2011 at 10:00 AM",,,"Chicago, IL, United States",,,,55043494,Free Order,USD,0,0,0,0,0,Attending,eTicket,,,,IL,,US,,,,,,,No,,,,,,,Sr. Software Engineer,AdGooroo,,,,,,,,http://www.AdGooroo.com,,
"BigDataCamp Chicago - Nov 19, 2011",2289156930,BigDataCamp,70322398,5518527470322400000,"Oct 19, 2011",Portell,Mike,mikeportell@gmail.com,,Portell,Mike,,mikeportell@gmail.com,1,BigDataCamp Attendee,"Nov 19, 2011 at 10:00 AM",,,"Indianapolis, IN, United States",,,,55185274,Free Order,USD,0,0,0,0,0,Attending,eTicket,,,,IL,,US,,,,,,,No,,,,,,,Product Manager,Accenture Technology Labs,,,,,,,,http://www.accenture.com/us-en/technology/technology-labs/Pages/index.aspx,,
"BigDataCamp Chicago - Nov 19, 2011",2289156930,BigDataCamp,70112354,5501673270112350000,"Oct 18, 2011",Jones,Matt,mjones@springcm.com,,Jones,Matt,,mjones@springcm.com,1,BigDataCamp Attendee,"Nov 19, 2011 at 10:00 AM",,,"Chicago, IL, United States",,,,55016732,Free Order,USD,0,0,0,0,0,Attending,eTicket,,,,IL,,US,,,,,,,No,,,,,,,Director of Platform Technologies,SpringCM,,,,,,,,,,
"BigDataCamp Chicago - Nov 19, 2011",2289156930,BigDataCamp,70514632,5534083470514630000,"Oct 19, 2011",Kallem,Murali,mkallem@yahoo.com,,Kallem,Murali,,mkallem@yahoo.com,1,BigDataCamp Attendee,"Nov 19, 2011 at 10:00 AM",,,"Streamwood, IL, United States",,,,55340834,Free Order,USD,0,0,0,0,0,Attending,eTicket,,,,IL,,US,,,,,,,No,,,,,,,0,Orbitz,,,,,,,,,,
"BigDataCamp Chicago - Nov 19, 2011",2289156930,BigDataCamp,69993290,5492023869993290000,"Oct 17, 2011",Segel,Michael,MSegel@Segel.com,,Segel,Michael,,MSegel@Segel.com,1,BigDataCamp Attendee,"Nov 19, 2011 at 10:00 AM",,,"Rockford, IL, United States",,,,54920238,Free Order,USD,0,0,0,0,0,Attending,eTicket,,,,IL,,US,,,,,,,No,,,,,,,TBD,TBD,,,,,,,,,,
"BigDataCamp Chicago - Nov 19, 2011",2289156930,BigDataCamp,70393636,5524221670393640000,"Oct 19, 2011",Adekoya,Kola,myj0b@comcast.net,,Adekoya,Kola,,myj0b@comcast.net,1,BigDataCamp Attendee,"Nov 19, 2011 at 10:00 AM",,,"Homewood, IL, United States",,,,55242216,Free Order,USD,0,0,0,0,0,Attending,eTicket,,,,IL,,US,,,,,,,Yes,,,,,,,Data Modeler,Blue Cross Blue Shield,,,,,,,,,,
"BigDataCamp Chicago - Nov 19, 2011",2289156930,BigDataCamp,70070484,5498275870070480000,"Oct 18, 2011",Noor,Nauman,naumannoor@gmail.com,,Noor,Nauman,,naumannoor@gmail.com,1,BigDataCamp Attendee,"Nov 19, 2011 at 10:00 AM",,,"New York, NY, United States",,,,54982758,Free Order,USD,0,0,0,0,0,Attending,eTicket,440 N Wabash Ave,#3810,Chicago,IL,60611,US,,,,,,,No,,,,,,,Director,PwC,,,,,,,312.961.6352,,,
"BigDataCamp Chicago - Nov 19, 2011",2289156930,BigDataCamp,70262518,5513710470262520000,"Oct 18, 2011",Miller,Neal,neal@milsys.com,,Miller,Neal,,neal@milsys.com,1,BigDataCamp Attendee,"Nov 19, 2011 at 10:00 AM",,,"Chicago, IL, United States",,,,55137104,Free Order,USD,0,0,0,0,0,Attending,eTicket,,,,IL,,US,,,,,,,No,,,,,,,President,"Miller Systems, Inc.",,,,,,,,http://milsys.com,,
"BigDataCamp Chicago - Nov 19, 2011",2289156930,BigDataCamp,70545470,5536610270545470000,"Oct 20, 2011",Marsh,Joshua,nexusplayer@yahoo.com,,Marsh,Joshua,,nexusplayer@yahoo.com,1,BigDataCamp Attendee,"Nov 19, 2011 at 10:00 AM",,,"Chillicothe, IL, United States",,,erec,55366102,Free Order,USD,0,0,0,0,0,Attending,eTicket,300 N State St,Apt 2803,Chicago,IL,60601,US,,,,,,,No,,,,,,,Javascript Developer,Freelance,,,,,,,,,,
"BigDataCamp Chicago - Nov 19, 2011",2289156930,BigDataCamp,70215892,5509919270215890000,"Oct 18, 2011",Milsted,Neil,nfnm@vailsys.com,,Milsted,Neil,,nfnm@vailsys.com,1,BigDataCamp Attendee,"Nov 19, 2011 at 10:00 AM",,,"Deerfield, IL, United States",,,,55099192,Free Order,USD,0,0,0,0,0,Attending,eTicket,575 W Madison #3610,,Chicago,IL,60661,US,,,,,,,No,,,,,,,Programmer,Vail Systems,,,,,,,,,,
"BigDataCamp Chicago - Nov 19, 2011",2289156930,BigDataCamp,70136532,5503646070136530000,"Oct 18, 2011",Garg,Navendu,ngarg@dieselpoint.com,,Garg,Navendu,,ngarg@dieselpoint.com,1,BigDataCamp Attendee,"Nov 19, 2011 at 10:00 AM",,,"Chicago, IL, United States",,,,55036460,Free Order,USD,0,0,0,0,0,Attending,eTicket,,,,IL,,US,,,,,,,Yes,,,,,,,Technical Architect,"Dieselpoint, Inc",,,,,,,773-528-1700,http://www.dieselpoint.com,,
"BigDataCamp Chicago - Nov 19, 2011",2289156930,BigDataCamp,72759678,5712405872759680000,"Nov 1, 2011",kulasekar,narayanan,nkulasekar@hotmail.com,,kulasekar,narayanan,,nkulasekar@hotmail.com,1,BigDataCamp Attendee,"Nov 19, 2011 at 10:00 AM",,,"Lombard, IL, United States",,,,57124058,Free Order,USD,0,0,0,0,0,Attending,eTicket,,,,IL,,US,,,,,,NoSQL,Yes,,,,,,,BI Architect,Independent Contractor,,,,,,,,,,
"BigDataCamp Chicago - Nov 19, 2011",2289156930,BigDataCamp,71458272,5607827671458270000,"Oct 25, 2011",Beeson,Jim,noseebmij@yahoo.com,,Beeson,Jim,,noseebmij@yahoo.com,1,BigDataCamp Attendee,"Nov 19, 2011 at 10:00 AM",,,"Schaumburg, IL, United States",,,,56078276,Free Order,USD,0,0,0,0,0,Attending,eTicket,4904 Oakwood Avenue,,Downers Grove,IL,60515,US,,,,,,,Yes,,,,,,,Data Architect,Walgreens,,,,,,,312.428.2139,,,
"BigDataCamp Chicago - Nov 19, 2011",2289156930,BigDataCamp,69939158,5487671469939160000,"Oct 17, 2011",Cyze,Brenden,notice@informaticsiq.com,,Cyze,Brenden,,notice@informaticsiq.com,1,BigDataCamp Attendee,"Nov 19, 2011 at 10:00 AM",,,"Chicago, IL, United States",,,,54876714,Free Order,USD,0,0,0,0,0,Attending,eTicket,,,,IL,,US,,,,,,Sentiment Analysis,Yes,,,,,,,Director,"InformaticsIQ, Inc.",,,,,,,,,,
"BigDataCamp Chicago - Nov 19, 2011",2289156930,BigDataCamp,69955760,5489014469955760000,"Oct 17, 2011",Rengaiah,Param,param.rengaiah@gmail.com,,Rengaiah,Param,,param.rengaiah@gmail.com,1,BigDataCamp Attendee,"Nov 19, 2011 at 10:00 AM",,,"Chicago, IL, United States",,,,54890144,Free Order,USD,0,0,0,0,0,Attending,eTicket,,,,IL,,US,,,,,,,No,,,,,,,Solutions Architect,Aspire Systems Inc,,,,,,,,,,
"BigDataCamp Chicago - Nov 19, 2011",2289156930,BigDataCamp,75795480,5953934675795480000,"Nov 18, 2011",Patel,Chirag,patelc75@yahoo.com,,Patel,Chirag,,patelc75@yahoo.com,1,BigDataCamp Attendee,"Nov 19, 2011 at 10:00 AM",,,"Chicago, IL, United States",,,,59539346,Free Order,USD,0,0,0,0,0,Attending,eTicket,,,,IL,,US,,,,,,Scalability of AWS RDS vs Heroku PostgreSQL follow,No,,,,,,,Software Developer,Halo Monitoring,,,,,,,312-379-9481,http://chirag.name,http://devblips.tumblr.com,
"BigDataCamp Chicago - Nov 19, 2011",2289156930,BigDataCamp,69976826,5490666069976830000,"Oct 17, 2011",Locke,Patrick,pmlocke@gmail.com,,Locke,Patrick,,pmlocke@gmail.com,1,BigDataCamp Attendee,"Nov 19, 2011 at 10:00 AM",,,"Downers Grove, IL, United States",,,,54906660,Free Order,USD,0,0,0,0,0,Attending,eTicket,,,,IL,,US,,,,,,,No,,,,,,,Consultant,Slalom consulting,,,,,,,,,,
"BigDataCamp Chicago - Nov 19, 2011",2289156930,BigDataCamp,73152938,5743947073152940000,"Nov 3, 2011",Ramachandran,Prasanna,prassu.r@gmail.com,,Ramachandran,Prasanna,,prassu.r@gmail.com,1,BigDataCamp Attendee,"Nov 19, 2011 at 10:00 AM",,,"Chicago, IL, United States",,,,57439470,Free Order,USD,0,0,0,0,0,Attending,eTicket,,,,IL,,US,,,,,,,Yes,,,,,,,Senior Software Engineer,Orbitz,,,,,,,,,,
"BigDataCamp Chicago - Nov 19, 2011",2289156930,BigDataCamp,69994082,5492094069994080000,"Oct 17, 2011",Lovekar,Preeti,preeti.lovekar@gmail.com,,Lovekar,Preeti,,preeti.lovekar@gmail.com,1,BigDataCamp Attendee,"Nov 19, 2011 at 10:00 AM",,,"Chicago, IL, United States",,,,54920940,Free Order,USD,0,0,0,0,0,Attending,eTicket,,,,IL,,US,,,,,,,No,,,,,,,Tech Lead,Roundarch,,,,,,,,,,
"BigDataCamp Chicago - Nov 19, 2011",2289156930,BigDataCamp,70917634,5563884470917630000,"Oct 21, 2011",Villanueva,Paul,pvillanueva@datameer.com,,Villanueva,Paul,,pvillanueva@datameer.com,1,BigDataCamp Attendee,"Nov 19, 2011 at 10:00 AM",,,"Oswego, IL, United States",,,,55638844,Free Order,USD,0,0,0,0,0,Attending,eTicket,627 Mansfield Way,,Oswego,IL,60543,US,,,,,,,Yes,,,,,,,Solutions Engineer,Datameer,,,,,,,2245229299,http://www.datameer.com,,
"BigDataCamp Chicago - Nov 19, 2011",2289156930,BigDataCamp,69973644,5490425469973640000,"Oct 17, 2011",Sidhanti,Raghav,raghavendra.sidhanti@morningstar.com,,Sidhanti,Raghav,,raghavendra.sidhanti@morningstar.com,1,BigDataCamp Attendee,"Nov 19, 2011 at 10:00 AM",,,"Chicago, IL, United States",,,,54904254,Free Order,USD,0,0,0,0,0,Attending,eTicket,,,Chicago,IL,60614,US,,,,,,,Yes,,,,,,,Developer,Morningstar,,,,,,,3123482723,,,
"BigDataCamp Chicago - Nov 19, 2011",2289156930,BigDataCamp,70112458,5501681670112460000,"Oct 18, 2011",Narasimhan,Raghuveer,raghuveer.narasimhan@gmail.com,,Narasimhan,Raghuveer,,raghuveer.narasimhan@gmail.com,1,BigDataCamp Attendee,"Nov 19, 2011 at 10:00 AM",,,"Chicago, IL, United States",,,,55016816,Free Order,USD,0,0,0,0,0,Attending,eTicket,625 W Madison St,Apt 4006,Chicago,IL,60661,US,,,,,,,No,,,,,,,Software Engineer,Edline LLC,,,,,,,,,,
"BigDataCamp Chicago - Nov 19, 2011",2289156930,BigDataCamp,75675888,5944566075675890000,"Nov 17, 2011",Ramakrishnan,Anand,rana3@allstate.com,,Ramakrishnan,Anand,,rana3@allstate.com,1,BigDataCamp Attendee,"Nov 19, 2011 at 10:00 AM",,,"Mount Prospect, IL, United States",,,,59445660,Free Order,USD,0,0,0,0,0,Attending,eTicket,,,,IL,,US,,,,,,,Yes,,,,,,,"Manager, Data Management",Allstate Insurance,,,,,,,,,,
"BigDataCamp Chicago - Nov 19, 2011",2289156930,BigDataCamp,72346670,5679196072346670000,"Oct 30, 2011",Horton,Randy,randyhortonchi@gmail.com,,Horton,Randy,,randyhortonchi@gmail.com,1,BigDataCamp Attendee,"Nov 19, 2011 at 10:00 AM",,,"Deerfield, IL, United States",,,,56791960,Free Order,USD,0,0,0,0,0,Attending,eTicket,,,,IL,60015,US,,,,,,,Yes,,,,,,,Managing Principal,94 Westbound Consulting,,,,,,,312-433-9437,www.94westbound.com,,
"BigDataCamp Chicago - Nov 19, 2011",2289156930,BigDataCamp,70132220,5503291270132220000,"Oct 18, 2011",Ramakrishnan,Ravi,ravi.ramakrishnan@hp.com,,Ramakrishnan,Ravi,,ravi.ramakrishnan@hp.com,1,BigDataCamp Attendee,"Nov 19, 2011 at 10:00 AM",,,"Naperville, IL, United States",,,,55032912,Free Order,USD,0,0,0,0,0,Attending,eTicket,1205 Red Clover Drive,,Naperville,IL,60564,US,,,,,,,Yes,,,,,,,Solution Architect,HP,,,,,,,,,,
"BigDataCamp Chicago - Nov 19, 2011",2289156930,BigDataCamp,71171930,5584497071171930000,"Oct 24, 2011",Bischoff,Richard,rdbisch@gmail.com,,Bischoff,Richard,,rdbisch@gmail.com,1,BigDataCamp Attendee,"Nov 19, 2011 at 10:00 AM",,,"Mount Prospect, IL, United States",,,,55844970,Free Order,USD,0,0,0,0,0,Attending,eTicket,123 N. Gilbert Ave,,La Grange,IL,60525,US,,,,,,,Yes,,,,,,,Predictive Modeler,Allstate,,,,,,,,,,
"BigDataCamp Chicago - Nov 19, 2011",2289156930,BigDataCamp,70241458,5511973670241460000,"Oct 18, 2011",dux,rob,rdux@crs.com,,dux,rob,,rdux@crs.com,1,BigDataCamp Attendee,"Nov 19, 2011 at 10:00 AM",,,"Chicago, IL, United States",,,,55119736,Free Order,USD,0,0,0,0,0,Attending,eTicket,,,,IL,,US,,,,,,,Yes,,,,,,,Information Technology Manager,CRS,,,,,,,,,,
"BigDataCamp Chicago - Nov 19, 2011",2289156930,BigDataCamp,70016042,5493847070016040000,"Oct 17, 2011",Katofiasc,Rob,rkatofiasc@cars.com,,Katofiasc,Rob,,rkatofiasc@cars.com,1,BigDataCamp Attendee,"Nov 19, 2011 at 10:00 AM",,,United States,,,,54938470,Free Order,USD,0,0,0,0,0,Attending,eTicket,175 W Jackson suite 800,,Chicago ,IL,60604,US,,,,,,,Yes,,,,,,,Director,Cars.com,,,,,,,3126015774,,,
"BigDataCamp Chicago - Nov 19, 2011",2289156930,BigDataCamp,71429810,5605488271429810000,"Oct 25, 2011",Kirk,Randall,rkirk@directsupply.com,,Kirk,Randall,,rkirk@directsupply.com,1,BigDataCamp Attendee,"Nov 19, 2011 at 10:00 AM",,,"Milwaukee, WI, United States",,,,56054882,Free Order,USD,0,0,0,0,0,Attending,eTicket,6767 N Industrial Rd,,Milwaukee,WI,53223,US,,,,,,Best approaches for introducing Hadoop into a legacy culture that thinks more about transactions than the value of data.,Yes,,,,,,,EVP & Chief Technology Officer,"Direct Supply, Inc.",,,,,,,414.358.7475,http://www.directsupply.com,,
"BigDataCamp Chicago - Nov 19, 2011",2289156930,BigDataCamp,70109346,5501429870109350000,"Oct 18, 2011",Lancaster,Rob,rlancaster@orbitz.com,,Lancaster,Rob,,rlancaster@orbitz.com,1,BigDataCamp Attendee,"Nov 19, 2011 at 10:00 AM",,,"Chicago, IL, United States",,,,55014298,Free Order,USD,0,0,0,0,0,Attending,eTicket,1737 N Paulina St #202,,Chicago,IL,60622,US,,,,,,,Yes,,,,,,,Solution Architect,Orbitz Worldwide,,,,,,,,,,
"BigDataCamp Chicago - Nov 19, 2011",2289156930,BigDataCamp,73585240,5777437273585240000,"Nov 5, 2011",Patel,Roshni,rodpatel@yahoo.com,,Patel,Roshni,,rodpatel@yahoo.com,1,BigDataCamp Attendee,"Nov 19, 2011 at 10:00 AM",,,"Chicago, IL, United States",,,,57774372,Free Order,USD,0,0,0,0,0,Attending,eTicket,1212 N Wells,Apt 1405,Chicago,IL,60610,US,,,,,,,Yes,,,,,,,Data QA Intern,"Morningstar, Inc.",,,,,,,312-244-7373,,,
"BigDataCamp Chicago - Nov 19, 2011",2289156930,BigDataCamp,75727154,5948417675727150000,"Nov 17, 2011",Viswanathan,Prakash,rushtoprakash@gmail.com,,Viswanathan,Prakash,,rushtoprakash@gmail.com,1,BigDataCamp Attendee,"Nov 19, 2011 at 10:00 AM",,,"Aurora, IL, United States",,,,59484176,Free Order,USD,0,0,0,0,0,Attending,eTicket,,,,IL,,US,,,,,,,No,,,,,,,Development Engineer,Navteq,,,,,,,,,,
"BigDataCamp Chicago - Nov 19, 2011",2289156930,BigDataCamp,70185778,5507556670185780000,"Oct 18, 2011",Vazquez,Rico,rvazquez@datameer.com,,Vazquez,Rico,,rvazquez@datameer.com,1,BigDataCamp Attendee,"Nov 19, 2011 at 10:00 AM",,,"Wood Dale, IL, United States",,,,55075566,Free Order,USD,0,0,0,0,0,Attending,eTicket,,,,IL,,US,,,,,, ,Yes,,,,,,,Sr Representative-Midwest,"Datameer, Inc.",,,,,,,773 294-1747,http://datameer.com,,
"BigDataCamp Chicago - Nov 19, 2011",2289156930,BigDataCamp,72052596,5655820272052600000,"Oct 27, 2011",Veeramachaneni,Ravi,rveeramachaneni@informatica.com,,Veeramachaneni,Ravi,,rveeramachaneni@informatica.com,1,BigDataCamp Attendee,"Nov 19, 2011 at 10:00 AM",,,"Deerfield, IL, United States",,,,56558202,Free Order,USD,0,0,0,0,0,Attending,eTicket,500 West Monroe Street,#2000,Chicago,IL,60661,US,,,,,,,Yes,,,,,,,Big Data Product Specialist,Informatica,,,,,,,,http://www.informatica.com,,
"BigDataCamp Chicago - Nov 19, 2011",2289156930,BigDataCamp,69973306,5490395669973310000,"Oct 17, 2011",Briones,Ryan,ryan.briones@brionesandco.com,,Briones,Ryan,,ryan.briones@brionesandco.com,1,BigDataCamp Attendee,"Nov 19, 2011 at 10:00 AM",,,"Chicago, IL, United States",,,,54903956,Free Order,USD,0,0,0,0,0,Attending,eTicket,,,,IL,,US,,,,,,,Yes,,,,,,,Señor Engineer,Groupon,,,,,,,,http://ryanbriones.com,,
"BigDataCamp Chicago - Nov 19, 2011",2289156930,BigDataCamp,74490972,5849117674490970000,"Nov 10, 2011",Geno,Ryan,ryan.geno@chicagobigroup.com,,Geno,Ryan,,ryan.geno@chicagobigroup.com,1,BigDataCamp Attendee,"Nov 19, 2011 at 10:00 AM",,,"Chicago, IL, United States",,,,58491176,Free Order,USD,0,0,0,0,0,Attending,eTicket,1000 North Kingsbury Street,Unit 108,Chicago,IL,60610,US,,,,,,,Yes,,,,,,,Senior Consultant,Chicago BI Group,,,,,,,,,,
"BigDataCamp Chicago - Nov 19, 2011",2289156930,BigDataCamp,75882296,5960667675882300000,"Nov 18, 2011",Shirsat,Sagar,sagar.shirsat@gmail.com,,Shirsat,Sagar,,sagar.shirsat@gmail.com,1,BigDataCamp Attendee,"Nov 19, 2011 at 10:00 AM",,,"Evanston, IL, United States",,,,59606676,Free Order,USD,0,0,0,0,0,Attending,eTicket,,,,IL,,US,,,,,,,No,,,,,,,Associate Software Engineer,Thomson Reuters,,,,,,,,,,
"BigDataCamp Chicago - Nov 19, 2011",2289156930,BigDataCamp,69981120,5491024269981120000,"Oct 17, 2011",Singh,Satpreet,satpreetsingh@gmail.com,,Singh,Satpreet,,satpreetsingh@gmail.com,1,BigDataCamp Attendee,"Nov 19, 2011 at 10:00 AM",,,"Chicago, IL, United States",,,,54910242,Free Order,USD,0,0,0,0,0,Attending,eTicket,,,,IL,,US,,,,,,,No,,,,,,,Software Engineer,Orbitz WorldWide,,,,,,,,,,
"BigDataCamp Chicago - Nov 19, 2011",2289156930,BigDataCamp,75274244,5912251275274240000,"Nov 15, 2011",Baltagi,Slim,sbaltagi@gmail.com,,Baltagi,Slim,,sbaltagi@gmail.com,1,BigDataCamp Attendee,"Nov 19, 2011 at 10:00 AM",,,"Chicago, IL, United States",,,,59122512,Free Order,USD,0,0,0,0,0,Attending,eTicket,,,,IL,,US,,,,,,,Yes,,,,,,,Sr Software Engineer,CME Group Inc. ,,,,,,,,http://www.cmegroup.com,,
"BigDataCamp Chicago - Nov 19, 2011",2289156930,BigDataCamp,72450224,5687493272450220000,"Oct 31, 2011",Underwood,Sean,sean.underwood@rosentech.net,,Underwood,Sean,,sean.underwood@rosentech.net,1,BigDataCamp Attendee,"Nov 19, 2011 at 10:00 AM",,,"Milwaukee, WI, United States",,,,56874932,Free Order,USD,0,0,0,0,0,Attending,eTicket,2469A N. Bremen St,,Milwaukee,WI,53212,US,,,,,,,Yes,,,,,,,Senior Developer,Rosen Technology Resources,,,,,,,312-806-0846,,,
"BigDataCamp Chicago - Nov 19, 2011",2289156930,BigDataCamp,70111492,5501599070111490000,"Oct 18, 2011",Elizondo,Salomon,selizondo@gmail.com,,Elizondo,Salomon,,selizondo@gmail.com,1,BigDataCamp Attendee,"Nov 19, 2011 at 10:00 AM",,,"New York, NY, United States",,,,55015990,Free Order,USD,0,0,0,0,0,Attending,eTicket,,,,IL,,US,,,,,,,Yes,,,,,,,Senior Solutions Architect,Accuen Media,,,,,,,,,,
"BigDataCamp Chicago - Nov 19, 2011",2289156930,BigDataCamp,69975648,5490575469975650000,"Oct 17, 2011",Kumbhat,Shalesh,shalesh@vividit.com,,Kumbhat,Shalesh,,shalesh@vividit.com,1,BigDataCamp Attendee,"Nov 19, 2011 at 10:00 AM",,,"Chicago, IL, United States",,,,54905754,Free Order,USD,0,0,0,0,0,Attending,eTicket,,,,IL,,US,,,,,,,No,,,,,,,Recruiter,"Vivid Technologies, Inc.",,,,,,,312-955-0307,http://www.vividit.com,,
"BigDataCamp Chicago - Nov 19, 2011",2289156930,BigDataCamp,71849560,5639760271849560000,"Oct 26, 2011",Sitaula,Sunil ,sitaula@gmail.com,,Sitaula,Sunil ,,sitaula@gmail.com,1,BigDataCamp Attendee,"Nov 19, 2011 at 10:00 AM",,,"Chicago, IL, United States",,,,56397602,Free Order,USD,0,0,0,0,0,Attending,eTicket,,,,IL,,US,,,,,,,No,,,,,,,Solutions Architect,Cloudera,,,,,,,,http://www.cloudera.com,,
"BigDataCamp Chicago - Nov 19, 2011",2289156930,BigDataCamp,69916706,5485865869916700000,"Oct 17, 2011",Kondapalli,satya,skondapalli@cccis.com,,Kondapalli,satya,,skondapalli@cccis.com,1,BigDataCamp Attendee,"Nov 19, 2011 at 10:00 AM",,,"Chicago, IL, United States",,,,54858658,Free Order,USD,0,0,0,0,0,Attending,eTicket,"1847, snead st",,blongbrook,IL,60490,US,,,,,,,Yes,,,,,,,"Manager, Data Architecture",cccis,,,,,,,312-229-2054,,,
"BigDataCamp Chicago - Nov 19, 2011",2289156930,BigDataCamp,70149396,5504666470149400000,"Oct 18, 2011",Snihur,Rob,snihur@fnal.gov,,Snihur,Rob,,snihur@fnal.gov,1,BigDataCamp Attendee,"Nov 19, 2011 at 10:00 AM",,,"Batavia, IL, United States",,,plancast,55046664,Free Order,USD,0,0,0,0,0,Attending,eTicket,,,,IL,,US,,,,,,,Yes,,,,,,,Tier 3 Computing Coordinator,University of Nebraska/Fermilab,,,,,,,,http://www.bigdatapro.com/,,
"BigDataCamp Chicago - Nov 19, 2011",2289156930,BigDataCamp,75582290,5937061875582290000,"Nov 17, 2011",Palaniappan,Senthil,spalaniappan@sennovate.com,,Palaniappan,Senthil,,spalaniappan@sennovate.com,1,BigDataCamp Attendee,"Nov 19, 2011 at 10:00 AM",,,"Des Plaines, IL, United States",,,,59370618,Free Order,USD,0,0,0,0,0,Attending,eTicket,"10 N. Martingale Rd, Suite 400",,Schaumburg,IL,60173,US,,,,,,,Yes,,,,,,,CEO,Sennovate Inc.,,,,,,,(630) 497 0790,http://www.sennovate.com,,
"BigDataCamp Chicago - Nov 19, 2011",2289156930,BigDataCamp,70119316,5502247270119320000,"Oct 18, 2011",Parker,Scott,sparker@groupon.com,,Parker,Scott,,sparker@groupon.com,1,BigDataCamp Attendee,"Nov 19, 2011 at 10:00 AM",,,"Chicago, IL, United States",,,,55022472,Free Order,USD,0,0,0,0,0,Not Attending,eTicket,,,,IL,,US,,,,,,Storm Hack Session,No,,,,,,,Engineering Manager,Groupon,,,,,,,,http://www.groupon.com,,
"BigDataCamp Chicago - Nov 19, 2011",2289156930,BigDataCamp,69946858,5488288269946860000,"Oct 17, 2011",sanga,srikanth,srikanthsanga@gmail.com,,sanga,srikanth,,srikanthsanga@gmail.com,1,BigDataCamp Attendee,"Nov 19, 2011 at 10:00 AM",,,"Milwaukee, WI, United States",,,,54882882,Free Order,USD,0,0,0,0,0,Attending,eTicket,,,,WI,,US,,,,,,,No,,,,,,,software engineer,GE,,,,,,,,,,
"BigDataCamp Chicago - Nov 19, 2011",2289156930,BigDataCamp,75878042,5960311675878040000,"Nov 18, 2011",Pant,Subhash,Subhash.pant@gmail.com,,Pant,Subhash,,Subhash.pant@gmail.com,1,BigDataCamp Attendee,"Nov 19, 2011 at 10:00 AM",,,"Chicago, IL, United States",,,,59603116,Free Order,USD,0,0,0,0,0,Attending,eTicket,1330 n Dearborn st,903,Chicago,IL,60610,US,,,,,,,No,,,,,,,Student,Student,,,,,,,,,,
"BigDataCamp Chicago - Nov 19, 2011",2289156930,BigDataCamp,69930054,5486957269930050000,"Oct 17, 2011",Knight,Tim,t_knight@comcast.net,,Knight,Tim,,t_knight@comcast.net,1,BigDataCamp Attendee,"Nov 19, 2011 at 10:00 AM",,,"Snoqualmie, WA, United States",,,,54869572,Free Order,USD,0,0,0,0,0,Attending,eTicket,,,,IL,,US,,,,,,,No,,,,,,,Sr BI Developer,Redbox,,,,,,,,,,
"BigDataCamp Chicago - Nov 19, 2011",2289156930,BigDataCamp,70274598,5514713270274600000,"Oct 18, 2011",Schlusser,Tanya,tanya@tickel.net,,Schlusser,Tanya,,tanya@tickel.net,1,BigDataCamp Attendee,"Nov 19, 2011 at 10:00 AM",,,"Rolling Meadows, IL, United States",,,,55147132,Free Order,USD,0,0,0,0,0,Attending,eTicket,,,,IL,,US,,,,,,Examples that move the performance bottleneck to different points in the system.  Part of the intent is to facilitate a deeper discussion about what hardware to buy and why.,Yes,,,,,,,Member of the Technical Staff,Open Data Group,,,,,,,,,,
"BigDataCamp Chicago - Nov 19, 2011",2289156930,BigDataCamp,75651224,5942597275651220000,"Nov 17, 2011",Dunning,Ted,ted.dunning@gmail.com,,Dunning,Ted,,ted.dunning@gmail.com,1,BigDataCamp Attendee,"Nov 19, 2011 at 10:00 AM",,,"Oakland, CA, United States",,,,59425972,Free Order,USD,0,0,0,0,0,Attending,eTicket,,,,IL,,US,,,,,,,No,,,,,,,Chief Application Architect,MapR Technologies,,,,,,,,,,
"BigDataCamp Chicago - Nov 19, 2011",2289156930,BigDataCamp,70128576,5502993070128580000,"Oct 18, 2011",Stein,Ted,ted@northwestern.edu,,Stein,Ted,,ted@northwestern.edu,1,BigDataCamp Attendee,"Nov 19, 2011 at 10:00 AM",,,"Evanston, IL, United States",,,,55029930,Free Order,USD,0,0,0,0,0,Attending,eTicket,,,,IL,,US,,,,,,,No,,,,,,,Bit Flipper,Aqualab @ Northwestern,,,,,,,,,,
"BigDataCamp Chicago - Nov 19, 2011",2289156930,BigDataCamp,70022814,5494387270022810000,"Oct 17, 2011",McKinley,Tim,Timothy.McKinley@gmail.com,,McKinley,Tim,,Timothy.McKinley@gmail.com,1,BigDataCamp Attendee,"Nov 19, 2011 at 10:00 AM",,,"Evanston, IL, United States",,,,54943872,Free Order,USD,0,0,0,0,0,Attending,eTicket,710 Oakton Street,Unit 405,Evanston,IL,60202,US,,,,,,,Yes,,,,,,,Java Programmer / Analyst,Friedman Corporation,,,,,,,,,,
"BigDataCamp Chicago - Nov 19, 2011",2289156930,BigDataCamp,70573824,5538968470573820000,"Oct 20, 2011",Kolev,TJ,tkolev@springcm.com,,Kolev,TJ,,tkolev@springcm.com,1,BigDataCamp Attendee,"Nov 19, 2011 at 10:00 AM",,,"Chicago, IL, United States",,,,55389684,Free Order,USD,0,0,0,0,0,Attending,eTicket,,,,IL,,US,,,,,,,Yes,,,,,,,Senior Software Engineer,SpringCM,,,,,,,,http://www.springcm.com,,
"BigDataCamp Chicago - Nov 19, 2011",2289156930,BigDataCamp,70152904,5504940870152900000,"Oct 18, 2011",Tagny Diesse,Patrick,tpatrick15@gmail.com,,Tagny Diesse,Patrick,,tpatrick15@gmail.com,1,BigDataCamp Attendee,"Nov 19, 2011 at 10:00 AM",,,"Chicago, IL, United States",,,,55049408,Free Order,USD,0,0,0,0,0,Attending,eTicket,,,,IL,,US,,,,,,"Analytics, Analytics, and Analytics :)",No,,,,,,,Software Engineer,NAVTEQ,,,,,,,13123486561,,,
"BigDataCamp Chicago - Nov 19, 2011",2289156930,BigDataCamp,75858774,5958759075858780000,"Nov 18, 2011",Fergen,Troy,troyfergen@yahoo.com,,Fergen,Troy,,troyfergen@yahoo.com,1,BigDataCamp Attendee,"Nov 19, 2011 at 10:00 AM",,,"Ft Mitchell, KY, United States",,,,59587590,Free Order,USD,0,0,0,0,0,Attending,eTicket,1232 N. LaSalle Dr. #241,,Chicago,IL,60610,US,,,,,,,Yes,,,,,,,Consultant,Fergen Consulting Group,,,,,,,312.316.1678,,,
"BigDataCamp Chicago - Nov 19, 2011",2289156930,BigDataCamp,74372462,5839733074372460000,"Nov 9, 2011",Usenkanov,Norman,usenkanov@gmail.com,,Usenkanov,Norman,,usenkanov@gmail.com,1,BigDataCamp Attendee,"Nov 19, 2011 at 10:00 AM",,,"Chicago, IL, United States",,,,58397330,Free Order,USD,0,0,0,0,0,Attending,eTicket,,,,IL,,US,,,,,,,Yes,,,,,,,Software Engineer,Encyclopaedia Britannica,,,,,,,,,http://usenkanov.wordpress.com,
"BigDataCamp Chicago - Nov 19, 2011",2289156930,BigDataCamp,75244364,5909849075244360000,"Nov 15, 2011",Singh,Varun,varun.singh@morningstar.com,,Singh,Varun,,varun.singh@morningstar.com,1,BigDataCamp Attendee,"Nov 19, 2011 at 10:00 AM",,,"Chicago, IL, United States",,,,59098490,Free Order,USD,0,0,0,0,0,Attending,eTicket,,,,IL,,US,,,,,,,Yes,,,,,,,Developer,Morningstar,,,,,,,,,,
"BigDataCamp Chicago - Nov 19, 2011",2289156930,BigDataCamp,70115870,5501964270115870000,"Oct 18, 2011",Parikh,Viral,viral.j.parikh@gmail.com,,Parikh,Viral,,viral.j.parikh@gmail.com,1,BigDataCamp Attendee,"Nov 19, 2011 at 10:00 AM",,,"Lake Zurich, IL, United States",,,,55019642,Free Order,USD,0,0,0,0,0,Attending,eTicket,,,,IL,,US,,,,,,,Yes,,,,,,,Sr. Statistical Analyst,Motorola Mobility,,,,,,,,,,
"BigDataCamp Chicago - Nov 19, 2011",2289156930,BigDataCamp,69995922,5492250869995920000,"Oct 17, 2011",Scheurer,Bill,wcscheurer@comcast.net,,Scheurer,Bill,,wcscheurer@comcast.net,1,BigDataCamp Attendee,"Nov 19, 2011 at 10:00 AM",,,"Round Lake, IL, United States",,,,54922508,Free Order,USD,0,0,0,0,0,Attending,eTicket,387 Northgate Rd,,Lindenhurst,IL,60046,US,,,,,,,No,,,,,,,Chief Doozer,doozeez ... get zeez for what you dooz,,,,,,,8473703411,http://www.doozeez.com,,
"BigDataCamp Chicago - Nov 19, 2011",2289156930,BigDataCamp,75875248,5960087875875250000,"Nov 18, 2011",qiu,wei,wei.qiu@morningstar.com,,qiu,wei,,wei.qiu@morningstar.com,1,BigDataCamp Attendee,"Nov 19, 2011 at 10:00 AM",,,"Chicago, IL, United States",,,,59600878,Free Order,USD,0,0,0,0,0,Attending,eTicket,,,,IL,,US,,,,,,,Yes,,,,,,,Sr. Application Developer,Morningstar.com,,,,,,,,,,
"BigDataCamp Chicago - Nov 19, 2011",2289156930,BigDataCamp,74899950,5881722874899950000,"Nov 13, 2011",Lattner,Bill,wlattner@gmail.com,,Lattner,Bill,,wlattner@gmail.com,1,BigDataCamp Attendee,"Nov 19, 2011 at 10:00 AM",,,"Mount Prospect, IL, United States",,,,58817228,Free Order,USD,0,0,0,0,0,Attending,eTicket,,,,IL,,US,,,,,,,Yes,,,,,,,TBD,TBD,,,,,,,,,,
"BigDataCamp Chicago - Nov 19, 2011",2289156930,BigDataCamp,69997528,5492375069997530000,"Oct 17, 2011",Schobeiri,Wilfried,ws@develtheory.com,,Schobeiri,Wilfried,,ws@develtheory.com,1,BigDataCamp Attendee,"Nov 19, 2011 at 10:00 AM",,,"Chicago, IL, United States",,,,54923750,Free Order,USD,0,0,0,0,0,Attending,eTicket,,,,IL,,US,,,,,,,Yes,,,,,,,CTO,Tap.Me,,,,,,,,http://tap.me,,
"BigDataCamp Chicago - Nov 19, 2011",2289156930,BigDataCamp,70185118,5507501670185120000,"Oct 18, 2011",yuan,xinfang,Xinfang.yuan@gmail.com,,yuan,xinfang,,Xinfang.yuan@gmail.com,1,BigDataCamp Attendee,"Nov 19, 2011 at 10:00 AM",,,"Chicago, IL, United States",,,,55075016,Free Order,USD,0,0,0,0,0,Attending,eTicket,,,,IL,,US,,,,,,,Yes,,,,,,,Developer,Morningstar,,,,,,,,,,
"BigDataCamp Chicago - Nov 19, 2011",2289156930,BigDataCamp,75882618,5960694275882620000,"Nov 18, 2011",Jiang,Yu,yujiang99@gmail.com,,Jiang,Yu,,yujiang99@gmail.com,1,BigDataCamp Attendee,"Nov 19, 2011 at 10:00 AM",,,"Chicago, IL, United States",,,erec,59606942,Free Order,USD,0,0,0,0,0,Attending,eTicket,,,,IL,,US,,,,,,,No,,,,,,,Software Engineer,NORC,,,,,,,,,,
"BigDataCamp Chicago - Nov 19, 2011",2289156930,BigDataCamp,73058350,5736294073058350000,"Nov 2, 2011",zhang,zhaoxia,zhaoxia@gmail.com,,zhang,zhaoxia,,zhaoxia@gmail.com,1,BigDataCamp Attendee,"Nov 19, 2011 at 10:00 AM",,,"Chicago, IL, United States",,,esli,57362940,Free Order,USD,0,0,0,0,0,Attending,eTicket,,,,IL,,US,,,,,,,No,,,,,,,Sr Software Engineer,NORC,,,,,,,,,,
