Order #,Event Name,Event ID,Organizer Name,Attendee #,Barcode #,Order Date,Buyer Last Name,Buyer First Name,Buyer Email,Prefix,Last Name,First Name,Suffix,Email,Quantity,Ticket Type,Date Attending,Device #,Check-In Date,IP Location,Discount,Group,Affiliate,Order Type,Currency,Total Paid,Fees Paid,Eventbrite Fees,Eventbrite Payment Processing,Tax Paid,Attendee Status,Ticket Delivery Method,Home Address 1,Home Address 2,Home City,Home State,Home Zip,Home Country,Home Phone,Cell Phone,Gender,Age,Birth Date,What topics would you like to discuss at ScaleOutCamp?,Would you like to receive Scale-Out related information from our sponsors?,Shipping Address 1,Shipping Address 2,Shipping City,Shipping State,Shipping Zip,Shipping Country,Job Title,Company,Work Address 1,Work Address 2,Work City,Work State,Work Zip,Work Country,Work Phone,Website,Blog,Notes
47271739,"ScaleOutCamp San Jose Aug 24, 2011",739472783,ScaleOutCamp,60353519,4727173960353520000,"Aug 23, 2011",Ullal,Adwait,adwait.ullal@gmail.com,,Ullal,Adwait,,adwait.ullal@gmail.com,1,Attendee,"Aug 24, 2011 at 6:00 PM",,,"Milpitas, CA, United States",,,,Free Order,USD,0,0,0,0,0,Attending,eTicket,,,,,,,,,,,,Not sure,Yes,,,,,,,CTO,AumSoft Consultants,,,,,,,,,,
43803433,"ScaleOutCamp San Jose Aug 24, 2011",739472783,ScaleOutCamp,56020869,4380343356020870000,"Jul 20, 2011",Hu,Andrew ,andrewhuzz@yahoo.com,,Hu,Andrew ,,andrewhuzz@yahoo.com,1,Attendee,"Aug 24, 2011 at 6:00 PM",,,"Saratoga, CA, United States",,,,Free Order,USD,0,0,0,0,0,Attending,eTicket,,,,,,,,,,,,nosql schema design and query,,,,,,,,,,,,,,,,,,,
47282457,"ScaleOutCamp San Jose Aug 24, 2011",739472783,ScaleOutCamp,60366833,4728245760366830000,"Aug 23, 2011",Gurijala,Anil,anilgurijala@hotmail.com,,Gurijala,Anil,,anilgurijala@hotmail.com,1,Attendee,"Aug 24, 2011 at 6:00 PM",,,"San Jose, CA, United States",,,,Free Order,USD,0,0,0,0,0,Attending,eTicket,,,,,,,,,,,,Performance,No,,,,,,,,,,,,,,,,,,
44021061,"ScaleOutCamp San Jose Aug 24, 2011",739472783,ScaleOutCamp,56298907,4402106156298910000,"Jul 21, 2011",Neal,James,apihackdaypdx@denizen.org,,Neal,James,,apihackdaypdx@denizen.org,1,Attendee,"Aug 24, 2011 at 6:00 PM",,,"Portland, OR, United States",,,,Free Order,USD,0,0,0,0,0,Attending,eTicket,,,,,,,,,,,,Message queues and key-value stores.,No,,,,,,,Ops Monkey,,,,,,,,,,,
47411923,"ScaleOutCamp San Jose Aug 24, 2011",739472783,ScaleOutCamp,60530019,4741192360530020000,"Aug 24, 2011",ASAKUR,SHIN,asakura.shin@mind.co.jp,,ASAKUR,SHIN,,asakura.shin@mind.co.jp,1,Attendee,"Aug 24, 2011 at 6:00 PM",,,"Compton, CA, United States",,,,Free Order,USD,0,0,0,0,0,Attending,eTicket,,,,,,,,,,,,"UnQL, the NoSQL Standard Query Language",No,,,,,,,,,,,,,,,,,,
44707907,"ScaleOutCamp San Jose Aug 24, 2011",739472783,ScaleOutCamp,57181567,4470790757181570000,"Jul 29, 2011",Feldmeier,Autumn,autumnfeld@gmail.com,,Feldmeier,Autumn,,autumnfeld@gmail.com,1,Attendee,"Aug 24, 2011 at 6:00 PM",,,"San Francisco, CA, United States",,,,Free Order,USD,0,0,0,0,0,Attending,eTicket,,,,,,,,,,,,The rise of the Public and Private cloud,Yes,,,,,,,Outside Sales-Cloud Computing,UnitedLayer,,,,,,,,,,
47407841,"ScaleOutCamp San Jose Aug 24, 2011",739472783,ScaleOutCamp,60524987,4740784160524990000,"Aug 24, 2011",Hathaway,Bill,bill.hathaway@gmail.com,,Hathaway,Bill,,bill.hathaway@gmail.com,1,Attendee,"Aug 24, 2011 at 6:00 PM",,,"Sunnyvale, CA, United States",,,,Free Order,USD,0,0,0,0,0,Attending,eTicket,,,,,,,,,,,,Analytics and performance measurement,No,,,,,,,Architect,Versatile Systems,,,,,,,,,,
44959457,"ScaleOutCamp San Jose Aug 24, 2011",739472783,ScaleOutCamp,57505391,4495945757505390000,"Aug 2, 2011",md,r,bob@kizva.com,,md,r,,bob@kizva.com,1,Attendee,"Aug 24, 2011 at 6:00 PM",,,"San Mateo, CA, United States",,,,Free Order,USD,0,0,0,0,0,Attending,eTicket,,,,,,,,,,,,cloud,No,,,,,,,,,,,,,,,,,,
47394023,"ScaleOutCamp San Jose Aug 24, 2011",739472783,ScaleOutCamp,60507873,4739402360507870000,"Aug 24, 2011",Liu,Bob,bobliupm@gmail.com,,Liu,Bob,,bobliupm@gmail.com,1,Attendee,"Aug 24, 2011 at 6:00 PM",,,"Sunnyvale, CA, United States",,,,Free Order,USD,0,0,0,0,0,Attending,eTicket,,,,,,,,,,,,real world applications of noSQL,No,,,,,,,,,,,,,,,,,,
43136531,"ScaleOutCamp San Jose Aug 24, 2011",739472783,ScaleOutCamp,55193103,4313653155193100000,"Jul 13, 2011",Cantoni,Brian,brian@cantoni.org,,Cantoni,Brian,,brian@cantoni.org,1,Attendee,"Aug 24, 2011 at 6:00 PM",,,"San Mateo, CA, United States",,,,Free Order,USD,0,0,0,0,0,Attending,eTicket,,,,,,,,,,,,Everything :),No,,,,,,,Software Manager,Citrix Online,,,,,,,,http://citrixonline.com,http://www.cantoni.org,
43922953,"ScaleOutCamp San Jose Aug 24, 2011",739472783,ScaleOutCamp,56172093,4392295356172090000,"Jul 21, 2011",an,qu,cacaoaffair@yahoo.com,,an,qu,,cacaoaffair@yahoo.com,1,Attendee,"Aug 24, 2011 at 6:00 PM",,,"San Jose, CA, United States",,,,Free Order,USD,0,0,0,0,0,Attending,eTicket,,,,,,,,,,,,(research),,,,,,,,,,,,,,,,,,,
45069571,"ScaleOutCamp San Jose Aug 24, 2011",739472783,ScaleOutCamp,57644383,4506957157644380000,"Aug 3, 2011",Manubothu,Chandra,chandrareddy.m@gmail.com,,Manubothu,Chandra,,chandrareddy.m@gmail.com,1,Attendee,"Aug 24, 2011 at 6:00 PM",,,"San Jose, CA, United States",,,,Free Order,USD,0,0,0,0,0,Attending,eTicket,,,,,,,,,,,,Network Virtulization,No,,,,,,,,,,,,,,,,,,
47420027,"ScaleOutCamp San Jose Aug 24, 2011",739472783,ScaleOutCamp,60540115,4742002760540120000,"Aug 24, 2011",Johnson,Charles,CharlesOne@Yahoo.Com,,Johnson,Charles,,CharlesOne@Yahoo.Com,1,Attendee,"Aug 24, 2011 at 6:00 PM",,,"Mountain View, CA, United States",,,,Free Order,USD,0,0,0,0,0,Attending,eTicket,,,,,,,,,,,,"unql, lazy evaluation, scalability",Yes,,,,,,,,,,,,,,,,,,
47271959,"ScaleOutCamp San Jose Aug 24, 2011",739472783,ScaleOutCamp,60353787,4727195960353790000,"Aug 23, 2011",Liang,Jo,cheng-hsuan_liang@symantec.com,,Liang,Jo,,cheng-hsuan_liang@symantec.com,1,Attendee,"Aug 24, 2011 at 6:00 PM",,,"Sunnyvale, CA, United States",,,,Free Order,USD,0,0,0,0,0,Attending,eTicket,,,,,,,,,,,,hadoop cassandra,Yes,,,,,,,Senior Software Engineer,Symantec,,,,,,,,http://www.symantec.com,,
43922797,"ScaleOutCamp San Jose Aug 24, 2011",739472783,ScaleOutCamp,56171905,4392279756171910000,"Jul 21, 2011",chien,vivian,chiencpa@gmail.com,,chien,vivian,,chiencpa@gmail.com,1,Attendee,"Aug 24, 2011 at 6:00 PM",,,"San Jose, CA, United States",,,,Free Order,USD,0,0,0,0,0,Attending,eTicket,,,,,,,,,,,,(silent observer),,,,,,,,,,,,,,,,,,,
45475627,"ScaleOutCamp San Jose Aug 24, 2011",739472783,ScaleOutCamp,58136561,4547562758136560000,"Aug 5, 2011",conikee,chetan,conikeec@yahoo.com,,conikee,chetan,,conikeec@yahoo.com,1,Attendee,"Aug 24, 2011 at 6:00 PM",,,"Santa Clara, CA, United States",,,,Free Order,USD,0,0,0,0,0,Attending,eTicket,,,,,,,,,,,,scalingout,,,,,,,,"founder, CEO",Gyanaa,,,,,,,,http://www.gyanaa.com,http://www.gyanaa.com,
45285917,"ScaleOutCamp San Jose Aug 24, 2011",739472783,ScaleOutCamp,57915931,4528591757915930000,"Aug 4, 2011",Blado,David,dblado@redhat.com,,Blado,David,,dblado@redhat.com,1,Attendee,"Aug 24, 2011 at 6:00 PM",,,"Gilroy, CA, United States",,,,Free Order,USD,0,0,0,0,0,Attending,eTicket,,,,,,,,,,,,"PaaS, private vs public cloud",No,,,,,,,PaaS Evangelist,Red Hat,,,,,,,,http://www.openshift.com,,
47415751,"ScaleOutCamp San Jose Aug 24, 2011",739472783,ScaleOutCamp,60534787,4741575160534790000,"Aug 24, 2011",Dhar,Ajay,dhar@hp.com,,Dhar,Ajay,,dhar@hp.com,1,Attendee,"Aug 24, 2011 at 6:00 PM",,,"San Jose, CA, United States",,,,Free Order,USD,0,0,0,0,0,Attending,eTicket,,,,,,,,,,,,BigData apps,No,,,,,,,,,,,,,,,,,,
47280495,"ScaleOutCamp San Jose Aug 24, 2011",739472783,ScaleOutCamp,60364359,4728049560364360000,"Aug 23, 2011",Cast,Diane,diane@platformd.com,,Cast,Diane,,diane@platformd.com,1,Attendee,"Aug 24, 2011 at 6:00 PM",,,"Castro Valley, CA, United States",,,,Free Order,USD,0,0,0,0,0,Attending,eTicket,,,,,,,,,,,,Government use of cloud computing,No,,,,,,,Director Business Development,Platform D,,,,,,,,http://platformd.com,,
44208055,"ScaleOutCamp San Jose Aug 24, 2011",739472783,ScaleOutCamp,56538101,4420805556538100000,"Jul 24, 2011",Downey,James,downeyj@gmail.com,,Downey,James,,downeyj@gmail.com,1,Attendee,"Aug 24, 2011 at 6:00 PM",,,"Redwood City, CA, United States",,,,Free Order,USD,0,0,0,0,0,Attending,eTicket,,,,,,,,,,,,Need to give this more thought.,No,,,,,,,Solution Architect,Dell,,,,,,,,http://dell.com,http://CloudOfInnovation.com,
47411917,"ScaleOutCamp San Jose Aug 24, 2011",739472783,ScaleOutCamp,60530013,4741191760530010000,"Aug 24, 2011",Deep,Durga,durgadeep@gmail.com,,Deep,Durga,,durgadeep@gmail.com,1,Attendee,"Aug 24, 2011 at 6:00 PM",,,"Palo Alto, CA, United States",,,,Free Order,USD,0,0,0,0,0,Attending,eTicket,,,,,,,,,,,,CLOUD,No,,,,,,,ENGINEER,VMWARE,,,,,,,, ,,
47409985,"ScaleOutCamp San Jose Aug 24, 2011",739472783,ScaleOutCamp,60527703,4740998560527700000,"Aug 24, 2011",Yuan,Erhhung,erhhung@gmail.com,,Yuan,Erhhung,,erhhung@gmail.com,1,Attendee,"Aug 24, 2011 at 6:00 PM",,,"Sunnyvale, CA, United States",,,,Free Order,USD,0,0,0,0,0,Attending,eTicket,,,,,,,,,,,,"ZooKeeper recipes, AMQP (message queuing) implementations, NoSQL ""schema"" design and queries",Yes,,,,,,,Principal Architect,"VFinity, Inc.",,,,,,,,,,
46822509,"ScaleOutCamp San Jose Aug 24, 2011",739472783,ScaleOutCamp,59796315,4682250959796320000,"Aug 18, 2011",Herberholz,Eric,erich13@gmail.com,,Herberholz,Eric,,erich13@gmail.com,1,Attendee,"Aug 24, 2011 at 6:00 PM",,,"San Francisco, CA, United States",,,,Free Order,USD,0,0,0,0,0,Attending,eTicket,,,,,,,,,,,,Enterprise and personal private cloud ,Yes,,,,,,,coach,Coach4SM.com,,,,,,,,Coach4SM.com,None,
47233535,"ScaleOutCamp San Jose Aug 24, 2011",739472783,ScaleOutCamp,60309239,4723353560309240000,"Aug 23, 2011",Goldin,Anatoly,goldinx@gmail.com,,Goldin,Anatoly,,goldinx@gmail.com,1,Attendee,"Aug 24, 2011 at 6:00 PM",,,"San Jose, CA, United States",,,,Free Order,USD,0,0,0,0,0,Attending,eTicket,,,,,,,,,,,,n,Yes,,,,,,,,,,,,,,,,,,
47128807,"ScaleOutCamp San Jose Aug 24, 2011",739472783,ScaleOutCamp,60178177,4712880760178180000,"Aug 22, 2011",Rayzman,Gregory,grayzman@yahoo.com,,Rayzman,Gregory,,grayzman@yahoo.com,1,Attendee,"Aug 24, 2011 at 6:00 PM",,,"Mountain View, CA, United States",,,,Free Order,USD,0,0,0,0,0,Attending,eTicket,,,,,,,,,,,,Listen,Yes,,,,,,,,,,,,,,,,,,
47409655,"ScaleOutCamp San Jose Aug 24, 2011",739472783,ScaleOutCamp,60527277,4740965560527280000,"Aug 24, 2011",Elterman,Ilya,ielterman@mirantis.com,,Elterman,Ilya,,ielterman@mirantis.com,1,Attendee,"Aug 24, 2011 at 6:00 PM",,,"Mountain View, CA, United States",,,,Free Order,USD,0,0,0,0,0,Attending,eTicket,,,,,,,,,,,,"NoSQL, Columnar Databases, PaaS",No,,,,,,,,,,,,,,,,,,
47425033,"ScaleOutCamp San Jose Aug 24, 2011",739472783,ScaleOutCamp,60546297,4742503360546300000,"Aug 24, 2011",McKinsey,Jay,jaymckinsey@gmail.com,,McKinsey,Jay,,jaymckinsey@gmail.com,1,Attendee,"Aug 24, 2011 at 6:00 PM",,,"Burlingame, CA, United States",,,,Free Order,USD,0,0,0,0,0,Attending,eTicket,,,,,,,,,,,,best practices and architecture. ,,,,,,,,,SuperSKU,,,,,,,,,,
47293407,"ScaleOutCamp San Jose Aug 24, 2011",739472783,ScaleOutCamp,60380619,4729340760380620000,"Aug 23, 2011",Baguley,Joe,jbaguley@vmware.com,,Baguley,Joe,,jbaguley@vmware.com,1,Attendee,"Aug 24, 2011 at 6:00 PM",,,"Palo Alto, CA, United States",,,,Free Order,USD,0,0,0,0,0,Attending,eTicket,,,,,,,,,,,,data services for PaaS,No,,,,,,,"Chief Cloud Technologist, EMEA",VMWare,,,,,,,,,,
45765419,"ScaleOutCamp San Jose Aug 24, 2011",739472783,ScaleOutCamp,58475251,4576541958475250000,"Aug 8, 2011",Lopatin,Jerry,jerry@theLopatins.com,,Lopatin,Jerry,,jerry@theLopatins.com,1,Attendee,"Aug 24, 2011 at 6:00 PM",,,"Oakland, CA, United States",,,,Free Order,USD,0,0,0,0,0,Attending,eTicket,,,,,,,,,,,,Storage,No,,,,,,,,,,,,,,,,,,
46608493,"ScaleOutCamp San Jose Aug 24, 2011",739472783,ScaleOutCamp,59531329,4660849359531330000,"Aug 17, 2011",Tommaney,Jim,jtommaney@calpont.com,,Tommaney,Jim,,jtommaney@calpont.com,1,Attendee,"Aug 24, 2011 at 6:00 PM",,,"Plano, TX, United States",,,,Free Order,USD,0,0,0,0,0,Attending,eTicket,,,,,,,,,,,,Analytics,No,,,,,,,CTO,Calpont Corporation,,,,,,,,http://www.calpont.com,,
44469457,"ScaleOutCamp San Jose Aug 24, 2011",739472783,ScaleOutCamp,56876745,4446945756876750000,"Jul 27, 2011",Rutsky,Ken,ken@KJRASSOCIATES.COM,,Rutsky,Ken,,ken@KJRASSOCIATES.COM,1,Attendee,"Aug 24, 2011 at 6:00 PM",,,"Mountain View, CA, United States",,,,Free Order,USD,0,0,0,0,0,Attending,eTicket,,,,,,,,,,,,Cloud Go To Market strategy,No,,,,,,,President,KJR Associates,,,,,,,,http://www.kjrassociates.com,http://first-productmarketing.blogspot.com/,
46172703,"ScaleOutCamp San Jose Aug 24, 2011",739472783,ScaleOutCamp,58978117,4617270358978120000,"Aug 12, 2011",Jiang,Kenneth,kenneth.jiang@gmail.com,,Jiang,Kenneth,,kenneth.jiang@gmail.com,1,Attendee,"Aug 24, 2011 at 6:00 PM",,,"San Jose, CA, United States",,,,Free Order,USD,0,0,0,0,0,Attending,eTicket,,,,,,,,,,,,CloudFoundry,,,,,,,,Principal Software Engineer,Paypal,,,,,,,,,,
47418847,"ScaleOutCamp San Jose Aug 24, 2011",739472783,ScaleOutCamp,60538691,4741884760538690000,"Aug 24, 2011",Katsumata,Kun,kkatsumata@us.fujitsu.com,,Katsumata,Kun,,kkatsumata@us.fujitsu.com,1,Attendee,"Aug 24, 2011 at 6:00 PM",,,"Sunnyvale, CA, United States",,,,Free Order,USD,0,0,0,0,0,Attending,eTicket,,,,,,,,,,,,"Nothing specific , just want to learn.",Yes,,,,,,,Sr. Staff Engineer,Fujitsu America,,,,,,,,http://www.fujitsu.com,,
45177787,"ScaleOutCamp San Jose Aug 24, 2011",739472783,ScaleOutCamp,57781579,4517778757781580000,"Aug 3, 2011",Mittal,Rajat,lifeinafolder+hack@gmail.com,,Mittal,Rajat,,lifeinafolder+hack@gmail.com,1,Attendee,"Aug 24, 2011 at 6:00 PM",,,"Mountain View, CA, United States",,,,Free Order,USD,0,0,0,0,0,Attending,eTicket,,,,,,,,,,,,scalability,No,,,,,,,,,,,,,,,,,,
45220407,"ScaleOutCamp San Jose Aug 24, 2011",739472783,ScaleOutCamp,57835933,4522040757835930000,"Aug 4, 2011",Lee,Liz,llee@bstonetech.com,,Lee,Liz,,llee@bstonetech.com,1,Attendee,"Aug 24, 2011 at 6:00 PM",,,"Lafayette, CA, United States",,,,Free Order,USD,0,0,0,0,0,Attending,eTicket,,,,,,,,,,,,Cloud computing,No,,,,,,,Account Manager,Blackstone Technology Group,,,,,,,,www.bstonetech.com,,
44954443,"ScaleOutCamp San Jose Aug 24, 2011",739472783,ScaleOutCamp,57499083,4495444357499080000,"Aug 1, 2011",Jivan,Malathi,malathi@nishthacorp.com,,Jivan,Malathi,,malathi@nishthacorp.com,1,Attendee,"Aug 24, 2011 at 6:00 PM",,,"San Jose, CA, United States",,,eanrecb,Free Order,USD,0,0,0,0,0,Attending,eTicket,,,,,,,,,,,,Pretty open on the topics,,,,,,,,,,,,,,,,,,,
45018631,"ScaleOutCamp San Jose Aug 24, 2011",739472783,ScaleOutCamp,57579441,4501863157579440000,"Aug 2, 2011",Alcorn,Michael ,malcorn4you@yahoo.com,,Alcorn,Michael ,,malcorn4you@yahoo.com,1,Attendee,"Aug 24, 2011 at 6:00 PM",,,United States,,,eanrecb,Free Order,USD,0,0,0,0,0,Attending,eTicket,,,,,,,,,,,,"Big Data Analytics, Cloud Computing",Yes,,,,,,,Software Eng. / PMP,CloudApps,,,,,,,,,,
45997145,"ScaleOutCamp San Jose Aug 24, 2011",739472783,ScaleOutCamp,58765223,4599714558765220000,"Aug 10, 2011",Kubo,MaryAnn,maryann@pacificwest.com,,Kubo,MaryAnn,,maryann@pacificwest.com,1,Attendee,"Aug 24, 2011 at 6:00 PM",,,"Albany, CA, United States",,,,Free Order,USD,0,0,0,0,0,Attending,eTicket,,,,,,,,,,,,UI Design,No,,,,,,,Student,De Anza College,,,,,,,,,,
47163765,"ScaleOutCamp San Jose Aug 24, 2011",739472783,ScaleOutCamp,60221985,4716376560221990000,"Aug 22, 2011",Godley,Mary,marygodley@comcast.net,,Godley,Mary,,marygodley@comcast.net,1,Attendee,"Aug 24, 2011 at 6:00 PM",,,"Cupertino, CA, United States",,,,Free Order,USD,0,0,0,0,0,Attending,eTicket,,,,,,,,,,,,Cloud Computing,Yes,,,,,,,,,,,,,,,,,,
46958003,"ScaleOutCamp San Jose Aug 24, 2011",739472783,ScaleOutCamp,59966929,4695800359966930000,"Aug 19, 2011",pittaro,michael,mikeyp@lahondaresearch.org,,pittaro,michael,,mikeyp@lahondaresearch.org,1,Attendee,"Aug 24, 2011 at 6:00 PM",,,"West Sacramento, CA, United States",,,,Free Order,USD,0,0,0,0,0,Attending,eTicket,,,,,,,,,,,,Performance measurement,Yes,,,,,,,principal engineer,La Honda Research Center,,,,,,,,,,
44796237,"ScaleOutCamp San Jose Aug 24, 2011",739472783,ScaleOutCamp,57296255,4479623757296260000,"Jul 31, 2011",Ke,Min ,mke@great-way.com,,Ke,Min ,,mke@great-way.com,1,Attendee,"Aug 24, 2011 at 6:00 PM",,,"Palo Alto, CA, United States",,,,Free Order,USD,0,0,0,0,0,Attending,eTicket,,,,,,,,,,,,open,No,,,,,,,,,,,,,,,,,,
46919783,"ScaleOutCamp San Jose Aug 24, 2011",739472783,ScaleOutCamp,59917295,4691978359917300000,"Aug 19, 2011",Maximilien,Michael,mmaximilien@gmail.com,,Maximilien,Michael,,mmaximilien@gmail.com,1,Attendee,"Aug 24, 2011 at 6:00 PM",,,"San Jose, CA, United States",,,,Free Order,USD,0,0,0,0,0,Attending,eTicket,,,,,,,,,,,,UnCL and use cases,No,,,,,,,Research Staff Member,IBM Almaden Research Center,,,,,,,,maximilien.org,,
47099429,"ScaleOutCamp San Jose Aug 24, 2011",739472783,ScaleOutCamp,60141713,4709942960141710000,"Aug 22, 2011",wallman,david,mpkmtv@hotmail.com,,wallman,david,,mpkmtv@hotmail.com,1,Attendee,"Aug 24, 2011 at 6:00 PM",,,"Redwood City, CA, United States",,,,Free Order,USD,0,0,0,0,0,Attending,eTicket,,,,,,,,,,,,j2ee apps on the cloud scaling ,,,,,,,,engineering director,saba,,,,,,,,www.saba.com,,
46941273,"ScaleOutCamp San Jose Aug 24, 2011",739472783,ScaleOutCamp,59944471,4694127359944470000,"Aug 19, 2011",leyson,tom,nacarst@aol.com,,leyson,tom,,nacarst@aol.com,1,Attendee,"Aug 24, 2011 at 6:00 PM",,,"San Francisco, CA, United States",,,,Free Order,USD,0,0,0,0,0,Attending,eTicket,,,,,,,,,,,,0,Yes,,,,,,,,,,,,,,,,,,
47285509,"ScaleOutCamp San Jose Aug 24, 2011",739472783,ScaleOutCamp,60370647,4728550960370650000,"Aug 23, 2011",Kodkani,Navitha,navitha.kodkani@l2rsoft.com,,Kodkani,Navitha,,navitha.kodkani@l2rsoft.com,1,Attendee,"Aug 24, 2011 at 6:00 PM",,,"Milpitas, CA, United States",,,,Free Order,USD,0,0,0,0,0,Attending,eTicket,,,,,,,,,,,,Hadoop,Yes,,,,,,,Consultant,L2RSoft,,,,,,,,http://www.l2rsoft.com,,
43922983,"ScaleOutCamp San Jose Aug 24, 2011",739472783,ScaleOutCamp,56172127,4392298356172130000,"Jul 21, 2011",paek,jonathon,pakejt@gmail.com,,paek,jonathon,,pakejt@gmail.com,1,Attendee,"Aug 24, 2011 at 6:00 PM",,,"San Jose, CA, United States",,,,Free Order,USD,0,0,0,0,0,Attending,eTicket,,,,,,,,,,,,traction,,,,,,,,,,,,,,,,,,,
47272667,"ScaleOutCamp San Jose Aug 24, 2011",739472783,ScaleOutCamp,60354631,4727266760354630000,"Aug 23, 2011",Rudraraju,Pandu,pandur@gmail.com,,Rudraraju,Pandu,,pandur@gmail.com,1,Attendee,"Aug 24, 2011 at 6:00 PM",,,"Sunnyvale, CA, United States",,,,Free Order,USD,0,0,0,0,0,Attending,eTicket,,,,,,,,,,,,NoSQL,No,,,,,,,Principal Engineer,HP,,,,,,,,,,
47283429,"ScaleOutCamp San Jose Aug 24, 2011",739472783,ScaleOutCamp,60368051,4728342960368050000,"Aug 23, 2011",Agronin,Paul,paul@securusenterprises.com,,Agronin,Paul,,paul@securusenterprises.com,1,Attendee,"Aug 24, 2011 at 6:00 PM",,,"San Jose, CA, United States",,,,Free Order,USD,0,0,0,0,0,Attending,eTicket,,,,,,,,,,,,scalability,Yes,,,,,,,CEO,Securus Enterprises,,,,,,,, ,,
47271913,"ScaleOutCamp San Jose Aug 24, 2011",739472783,ScaleOutCamp,60353729,4727191360353730000,"Aug 23, 2011",Pragin,Pavel,pavel@rightscale.com,,Pragin,Pavel,,pavel@rightscale.com,1,Attendee,"Aug 24, 2011 at 6:00 PM",,,"San Jose, CA, United States",,,,Free Order,USD,0,0,0,0,0,Attending,eTicket,,,,,,,,,,,,RightScale,No,,,,,,,Cloud Architect,RightScale,,,,,,,,,,
45842185,"ScaleOutCamp San Jose Aug 24, 2011",739472783,ScaleOutCamp,58572773,4584218558572770000,"Aug 9, 2011",Kirk,Philip,phkirk@cisco.com,,Kirk,Philip,,phkirk@cisco.com,1,Attendee,"Aug 24, 2011 at 6:00 PM",,,"San Jose, CA, United States",,,,Free Order,USD,0,0,0,0,0,Attending,eTicket,,,,,,,,,,,,Cloud OS,No,,,,,,,Business Development,Cisco,,,,,,,,,,
47314673,"ScaleOutCamp San Jose Aug 24, 2011",739472783,ScaleOutCamp,60407823,4731467360407820000,"Aug 23, 2011",Joubert,Pierre,pierre@brutesoft.com,,Joubert,Pierre,,pierre@brutesoft.com,1,Attendee,"Aug 24, 2011 at 6:00 PM",,,"Cupertino, CA, United States",,,,Free Order,USD,0,0,0,0,0,Attending,eTicket,,,,,,,,,,,,cloud virtualization software,Yes,,,,,,,CEO,BruteSoft,,,,,,,,http://www.brutesoft.com,,
47288479,"ScaleOutCamp San Jose Aug 24, 2011",739472783,ScaleOutCamp,60374401,4728847960374400000,"Aug 23, 2011",Gupta,PJ,pj.gupta@yahoo.com,,Gupta,PJ,,pj.gupta@yahoo.com,1,Attendee,"Aug 24, 2011 at 6:00 PM",,,"Menlo Park, CA, United States",,,,Free Order,USD,0,0,0,0,0,Attending,eTicket,,,,,,,,,,,,Security in the cloud,Yes,,,,,,,Founder,Noca,,,,,,,,http://www.noca.com,http://www.noca.com,
42962561,"ScaleOutCamp San Jose Aug 24, 2011",739472783,ScaleOutCamp,54986637,4296256154986640000,"Jul 11, 2011",Prasad,Puneeth,pune2th@gmail.com,,Prasad,Puneeth,,pune2th@gmail.com,1,Attendee,"Aug 24, 2011 at 6:00 PM",,,"Los Altos, CA, United States",,,,Free Order,USD,0,0,0,0,0,Attending,eTicket,,,,,,,,,,,,"IaaS, NaaS",No,,,,,,,,,,,,,,,,,,
47407847,"ScaleOutCamp San Jose Aug 24, 2011",739472783,ScaleOutCamp,60524995,4740784760525000000,"Aug 24, 2011",Elizalde,Rafael,raf@jumptwice.com,,Elizalde,Rafael,,raf@jumptwice.com,1,Attendee,"Aug 24, 2011 at 6:00 PM",,,"Custer, WI, United States",,,,Free Order,USD,0,0,0,0,0,Attending,eTicket,,,,,,,,,,,,"Setup, Security, and Sustainability",,,,,,,,,,,,,,,,,,,
46115769,"ScaleOutCamp San Jose Aug 24, 2011",739472783,ScaleOutCamp,58906683,4611576958906680000,"Aug 11, 2011",MANCHIRAJU,RAGHU SAGAR,raghusagar.m@gmail.com,,MANCHIRAJU,RAGHU SAGAR,,raghusagar.m@gmail.com,1,Attendee,"Aug 24, 2011 at 6:00 PM",,,"San Jose, CA, United States",,,,Free Order,USD,0,0,0,0,0,Attending,eTicket,,,,,,,,,,,,salesforce,Yes,,,,,,,Sr. Consultant CRM,Cognizant,,,,,,,,,,
47411941,"ScaleOutCamp San Jose Aug 24, 2011",739472783,ScaleOutCamp,60530037,4741194160530040000,"Aug 24, 2011",Alekseenkov,Roman,ralekseenkov@mirantis.com,,Alekseenkov,Roman,,ralekseenkov@mirantis.com,1,Attendee,"Aug 24, 2011 at 6:00 PM",,,"Mountain View, CA, United States",,,,Free Order,USD,0,0,0,0,0,Attending,eTicket,,,,,,,,,,,,n/a,No,,,,,,,Director of Engineering,Mirantis,,,,,,,,http://mirantis.com,,
44170861,"ScaleOutCamp San Jose Aug 24, 2011",739472783,ScaleOutCamp,56488373,4417086156488370000,"Jul 23, 2011",Vyakaranam,Ravikumar,ravi1521@yahoo.com,,Vyakaranam,Ravikumar,,ravi1521@yahoo.com,1,Attendee,"Aug 24, 2011 at 6:00 PM",,,"San Jose, CA, United States",,,erec,Free Order,USD,0,0,0,0,0,Attending,eTicket,,,,,,,,,,,,Scala,No,,,,,,,Senior Consultant,Self Employed,,,,,,,,,,
47174323,"ScaleOutCamp San Jose Aug 24, 2011",739472783,ScaleOutCamp,60235811,4717432360235810000,"Aug 22, 2011",Webster,Richard,rich@richoid.com,,Webster,Richard,,rich@richoid.com,1,Attendee,"Aug 24, 2011 at 6:00 PM",,,"Roseville, CA, United States",,,,Free Order,USD,0,0,0,0,0,Attending,eTicket,,,,,,,,,,,,"Nothing specific, at this time",No,,,,,,,owner,richoid.com,,,,,,,,http://richoid.com,http://blog.richoid.com,
46996531,"ScaleOutCamp San Jose Aug 24, 2011",739472783,ScaleOutCamp,60014433,4699653160014430000,"Aug 20, 2011",Kapoor,Varun,roopak.nurav@gmail.com,,Kapoor,Varun,,roopak.nurav@gmail.com,1,Attendee,"Aug 24, 2011 at 6:00 PM",,,"Santa Clara, CA, United States",,,efbnen,Free Order,USD,0,0,0,0,0,Attending,eTicket,,,,,,,,,,,,"NoSQL, Zookeeper, Message Queues",No,,,,,,,Tech Lead,Yahoo!,,,,,,,,,,
47420053,"ScaleOutCamp San Jose Aug 24, 2011",739472783,ScaleOutCamp,60540143,4742005360540140000,"Aug 24, 2011",Nishimiya,Ryohei,ryohei.nishimiya@us.fujitsu.com,,Nishimiya,Ryohei,,ryohei.nishimiya@us.fujitsu.com,1,Attendee,"Aug 24, 2011 at 6:00 PM",,,"Sunnyvale, CA, United States",,,,Free Order,USD,0,0,0,0,0,Attending,eTicket,,,,,,,,,,,,Storage architecture for Big Data.,Yes,,,,,,,Hardware engineer,Fujitsu,,,,,,,,http://www.fujitsu.com/global/,,
46750855,"ScaleOutCamp San Jose Aug 24, 2011",739472783,ScaleOutCamp,59708711,4675085559708710000,"Aug 18, 2011",Pogodzinski,Sabrina,sabrina.pogodzinski@googlemail.com,,Pogodzinski,Sabrina,,sabrina.pogodzinski@googlemail.com,1,Attendee,"Aug 24, 2011 at 6:00 PM",,,"D, Germany",,,,Free Order,USD,0,0,0,0,0,Attending,eTicket,,,,,,,,,,,,Compliance and risk aspects ,Yes,,,,,,,IT Specialist,WestLB,,,,,,,,,,
47282023,"ScaleOutCamp San Jose Aug 24, 2011",739472783,ScaleOutCamp,60366291,4728202360366290000,"Aug 23, 2011",Naik,Sachin,sachin.u.naik@gmail.com,,Naik,Sachin,,sachin.u.naik@gmail.com,1,Attendee,"Aug 24, 2011 at 6:00 PM",,,"Sunnyvale, CA, United States",,,,Free Order,USD,0,0,0,0,0,Attending,eTicket,,,,,,,,,,,,Hadoop,Yes,,,,,,,CTO/Co-Founder,L2RSoft,,,,,,,,http://www.l2rsoft.com,,
47413619,"ScaleOutCamp San Jose Aug 24, 2011",739472783,ScaleOutCamp,60532231,4741361960532230000,"Aug 24, 2011",Shah,Samir,samirsha@yahoo.com,,Shah,Samir,,samirsha@yahoo.com,1,Attendee,"Aug 24, 2011 at 6:00 PM",,,United States,,,,Free Order,USD,0,0,0,0,0,Attending,eTicket,,,,,,,,,,,,NoSQL,No,,,,,,,SW Architect,HP,,,,,,,,,,
47421335,"ScaleOutCamp San Jose Aug 24, 2011",739472783,ScaleOutCamp,60541717,4742133560541720000,"Aug 24, 2011",Dua,Sanjay,sdua@umich.edu,,Dua,Sanjay,,sdua@umich.edu,1,Attendee,"Aug 24, 2011 at 6:00 PM",,,"Milpitas, CA, United States",,,,Free Order,USD,0,0,0,0,0,Attending,eTicket,,,,,,,,,,,,Unstructured data,Yes,,,,,,,,,,,,,,,,,,
41868665,"ScaleOutCamp San Jose Aug 24, 2011",739472783,ScaleOutCamp,53627487,4186866553627490000,"Jun 28, 2011",Archak,Shrikar,shrikar84@gmail.com,,Archak,Shrikar,,shrikar84@gmail.com,1,Attendee,"Aug 24, 2011 at 6:00 PM",,,"San Jose, CA, United States",,,,Free Order,USD,0,0,0,0,0,Attending,eTicket,,,,,,,,,,,,Big data applications and scaling,Yes,,,,,,,Senior Software Engineer,Self,,,,,,,,http://www.shrikar.com,http://www.shrikar.com,
47376901,"ScaleOutCamp San Jose Aug 24, 2011",739472783,ScaleOutCamp,60486761,4737690160486760000,"Aug 24, 2011",Lin,Charles,sircharles@gmail.com,,Lin,Charles,,sircharles@gmail.com,1,Attendee,"Aug 24, 2011 at 6:00 PM",,,"Sunnyvale, CA, United States",,,,Free Order,USD,0,0,0,0,0,Attending,eTicket,,,,,,,,,,,,Paas,,,,,,,,,,,,,,,,,,,
46106971,"ScaleOutCamp San Jose Aug 24, 2011",739472783,ScaleOutCamp,58895569,4610697158895570000,"Aug 11, 2011",Masud,S,smasud@ziplabs.com,,Masud,S,,smasud@ziplabs.com,1,Attendee,"Aug 24, 2011 at 6:00 PM",,,"San Mateo, CA, United States",,,,Free Order,USD,0,0,0,0,0,Attending,eTicket,,,,,,,,,,,,data stores,No,,,,,,,,,,,,,,,,,,
43149363,"ScaleOutCamp San Jose Aug 24, 2011",739472783,ScaleOutCamp,55208569,4314936355208570000,"Jul 13, 2011",Mohan,Senthil,smurugaiyan@gmail.com,,Mohan,Senthil,,smurugaiyan@gmail.com,1,Attendee,"Aug 24, 2011 at 6:00 PM",,,"San Jose, CA, United States",,,zvents,Free Order,USD,0,0,0,0,0,Attending,eTicket,,,,,,,,,,,,Massive scale out/up,Yes,,,,,,,,,,,,,,,,,,
47163399,"ScaleOutCamp San Jose Aug 24, 2011",739472783,ScaleOutCamp,60221523,4716339960221520000,"Aug 22, 2011",Warrier,Sushil,spwarrier@yahoo.com,,Warrier,Sushil,,spwarrier@yahoo.com,1,Attendee,"Aug 24, 2011 at 6:00 PM",,,"Fremont, CA, United States",,,,Free Order,USD,0,0,0,0,0,Attending,eTicket,,,,,,,,,,,,Cloud computing,No,,,,,,,,,,,,,,,,,,
47426117,"ScaleOutCamp San Jose Aug 24, 2011",739472783,ScaleOutCamp,60547657,4742611760547660000,"Aug 24, 2011",Vasudeva,Anil,subscriptions@imexresearch.com,,Vasudeva,Anil,,subscriptions@imexresearch.com,1,Attendee,"Aug 24, 2011 at 6:00 PM",,,"Oakland, CA, United States",,,,Free Order,USD,0,0,0,0,0,Attending,eTicket,,,,,,,,,,,,NoSQL Stack/Ecosystem and major players in each layer of Stack,Yes,,,,,,,President,IMEX Research,,,,,,,,http://www.imexresearch.com,,
46050657,"ScaleOutCamp San Jose Aug 24, 2011",739472783,ScaleOutCamp,58829541,4605065758829540000,"Aug 11, 2011",Seelam,Sunaina,suseelam@cisco.com,,Seelam,Sunaina,,suseelam@cisco.com,1,Attendee,"Aug 24, 2011 at 6:00 PM",,,"San Jose, CA, United States",,,,Free Order,USD,0,0,0,0,0,Attending,eTicket,,,,,,,,,,,,Understanding the applications of NoSQL in cloud architectures.,No,,,,,,,Associate,Cisco Corp Dev,,,,,,,,,,
47279945,"ScaleOutCamp San Jose Aug 24, 2011",739472783,ScaleOutCamp,60363697,4727994560363700000,"Aug 23, 2011",vengan,tamil,tamilvengan@yahoo.com,,vengan,tamil,,tamilvengan@yahoo.com,1,Attendee,"Aug 24, 2011 at 6:00 PM",,,"Palo Alto, CA, United States",,,,Free Order,USD,0,0,0,0,0,Attending,eTicket,,,,,,,,,,,,general cloud,Yes,,,,,,,senior director,engineering,,,,,,,,http://www.vucast.com,,
47122959,"ScaleOutCamp San Jose Aug 24, 2011",739472783,ScaleOutCamp,60170575,4712295960170580000,"Aug 22, 2011",Artim,Tammy,tammy@citrusleaf.net,,Artim,Tammy,,tammy@citrusleaf.net,1,Attendee,"Aug 24, 2011 at 6:00 PM",,,"Santa Rosa, CA, United States",,,,Free Order,USD,0,0,0,0,0,Attending,eTicket,,,,,,,,,,,,"NoSQL - real-time requirements, velocity of big data",Yes,,,,,,,VP Marketing,"Citrusleaf, Inc.",,,,,,,,www.citrusleaf.com,http://citrusleaf.com/blog/,
47414725,"ScaleOutCamp San Jose Aug 24, 2011",739472783,ScaleOutCamp,60533539,4741472560533540000,"Aug 24, 2011",Mackey,Thoms,tdmackey@booleanhaiku.com,,Mackey,Thoms,,tdmackey@booleanhaiku.com,1,Attendee,"Aug 24, 2011 at 6:00 PM",,,"San Jose, CA, United States",,,erec,Free Order,USD,0,0,0,0,0,Attending,eTicket,,,,,,,,,,,,anything,No,,,,,,,,,,,,,,,,,,
41884779,"ScaleOutCamp San Jose Aug 24, 2011",739472783,ScaleOutCamp,53648283,4188477953648280000,"Jun 28, 2011",Lee,Isa ,the.sf.isa@gmail.com,,Lee,Isa ,,the.sf.isa@gmail.com,1,Attendee,"Aug 24, 2011 at 6:00 PM",,,"Sausalito, CA, United States",,,,Free Order,USD,0,0,0,0,0,Attending,eTicket,,,,,,,,,,,,"depends, I go with the flow",Yes,,,,,,,,,,,,,,,,,,
47430403,"ScaleOutCamp San Jose Aug 24, 2011",739472783,ScaleOutCamp,60553091,4743040360553090000,"Aug 24, 2011",Sears,Tim,tim.sears@pingwell.com,,Sears,Tim,,tim.sears@pingwell.com,1,Attendee,"Aug 24, 2011 at 6:00 PM",,,"Mountain View, CA, United States",,,,Free Order,USD,0,0,0,0,0,Attending,eTicket,,,,,,,,,,,,UnSQL,No,,,,,,,Founder,Pingwell,,,,,,,,http://pingwell.com,,
46989843,"ScaleOutCamp San Jose Aug 24, 2011",739472783,ScaleOutCamp,60006231,4698984360006230000,"Aug 20, 2011",Negrin,Toby,tnegrin@pobox.com,,Negrin,Toby,,tnegrin@pobox.com,1,Attendee,"Aug 24, 2011 at 6:00 PM",,,"San Francisco, CA, United States",,,,Free Order,USD,0,0,0,0,0,Attending,eTicket,,,,,,,,,,,,Cloud reliability and deployment,No,,,,,,,Product Manager,Yahoo,,,,,,,,,,
47435757,"ScaleOutCamp San Jose Aug 24, 2011",739472783,ScaleOutCamp,60560145,4743575760560140000,"Aug 24, 2011",Kim,To,To.Kim@firstretail.com,,Kim,To,,To.Kim@firstretail.com,1,Attendee,"Aug 24, 2011 at 6:00 PM",,,United States,,,,Free Order,USD,0,0,0,0,0,Attending,eTicket,,,,,,,,,,,,NA,,,,,,,,,,,,,,,,,,,
41868861,"ScaleOutCamp San Jose Aug 24, 2011",739472783,ScaleOutCamp,53627745,4186886153627740000,"Jun 28, 2011",Ostrovsky,Alex,unixguru7@gmail.com,,Ostrovsky,Alex,,unixguru7@gmail.com,1,Attendee,"Aug 24, 2011 at 6:00 PM",,,"Fremont, CA, United States",,,,Free Order,USD,0,0,0,0,0,Attending,eTicket,,,,,,,,,,,,Scalability of Telecom/Banking applications.,No,,,,,,,Sr. Data Management Analyst,Motorola Mobility,,,,,,,,http://www.motorola.com,,
46992321,"ScaleOutCamp San Jose Aug 24, 2011",739472783,ScaleOutCamp,60009325,4699232160009320000,"Aug 20, 2011",P.P.S.,Narayan,vickyb6@yahoo.com,,P.P.S.,Narayan,,vickyb6@yahoo.com,1,Attendee,"Aug 24, 2011 at 6:00 PM",,,"Palo Alto, CA, United States",,,efbnen,Free Order,USD,0,0,0,0,0,Attending,eTicket,,,,,,,,,,,,NoSQL,Yes,,,,,,,,,,,,,,,,,,
47236409,"ScaleOutCamp San Jose Aug 24, 2011",739472783,ScaleOutCamp,60312849,4723640960312850000,"Aug 23, 2011",goldin,viktor,vikgoldin@gmail.com,,goldin,viktor,,vikgoldin@gmail.com,1,Attendee,"Aug 24, 2011 at 6:00 PM",,,"San Jose, CA, United States",,,,Free Order,USD,0,0,0,0,0,Attending,eTicket,,,,,,,,,,,,all,No,,,,,,,,,,,,,,,,,,
47305897,"ScaleOutCamp San Jose Aug 24, 2011",739472783,ScaleOutCamp,60396309,4730589760396310000,"Aug 23, 2011",Grado,Victor,vitekny@gmail.com,,Grado,Victor,,vitekny@gmail.com,1,Attendee,"Aug 24, 2011 at 6:00 PM",,,"San Mateo, CA, United States",,,zvents,Free Order,USD,0,0,0,0,0,Attending,eTicket,,,,,,,,,,,,Data center scaling,Yes,,,,,,,Principal Engineer,Futurewei,,,,,,,,http://www.futurewei.com,,
47308333,"ScaleOutCamp San Jose Aug 24, 2011",739472783,ScaleOutCamp,60399331,4730833360399330000,"Aug 23, 2011",Bacvanski,Vladimir,vladimir.bacvanski@scispike.com,,Bacvanski,Vladimir,,vladimir.bacvanski@scispike.com,1,Attendee,"Aug 24, 2011 at 6:00 PM",,,"Los Altos, CA, United States",,,,Free Order,USD,0,0,0,0,0,Attending,eTicket,,,,,,,,,,,,Creating quick wins with scalability and NoSQL,Yes,,,,,,,Founder,SciSpike,,,,,,,,http://www.scispike.com,http://OnBuildingSoftware.com,
47420857,"ScaleOutCamp San Jose Aug 24, 2011",739472783,ScaleOutCamp,60541125,4742085760541120000,"Aug 24, 2011",Golab,Wojciech,wojciech.golab@hp.com,,Golab,Wojciech,,wojciech.golab@hp.com,1,Attendee,"Aug 24, 2011 at 6:00 PM",,,"Mountain View, CA, United States",,,,Free Order,USD,0,0,0,0,0,Attending,eTicket,,,,,,,,,,,,"scalability, fault-tolerance at scale, concurrency",No,,,,,,,Researcher,,,,,,,,,,,
45311443,"ScaleOutCamp San Jose Aug 24, 2011",739472783,ScaleOutCamp,57948451,4531144357948450000,"Aug 5, 2011",Cheung,William,wwmcheung@hotmail.com,,Cheung,William,,wwmcheung@hotmail.com,1,Attendee,"Aug 24, 2011 at 6:00 PM",,,"Toronto, ON, Canada",,,eanrecfeatb,Free Order,USD,0,0,0,0,0,Attending,eTicket,,,,,,,,,,,,Graph databases,Yes,,,,,,,Consultant,Objectwise,,,,,,,,http://ca.linkedin.com/in/williamcheungtoronto,,
47272065,"ScaleOutCamp San Jose Aug 24, 2011",739472783,ScaleOutCamp,60353919,4727206560353920000,"Aug 23, 2011",Philleo,Paul,xenocipher@gmail.com,,Philleo,Paul,,xenocipher@gmail.com,1,Attendee,"Aug 24, 2011 at 6:00 PM",,,"San Jose, CA, United States",,,,Free Order,USD,0,0,0,0,0,Attending,eTicket,,,,,,,,,,,,Security-related topics is my primary interest.,,,,,,,,Independent Consultant,Independent Consultant,,,,,,,,,,
47419867,"ScaleOutCamp San Jose Aug 24, 2011",739472783,ScaleOutCamp,60539907,4741986760539910000,"Aug 24, 2011",Morita,Yuji,Yuji.Morita@us.fujitsu.com,,Morita,Yuji,,Yuji.Morita@us.fujitsu.com,1,Attendee,"Aug 24, 2011 at 6:00 PM",,,"Sunnyvale, CA, United States",,,,Free Order,USD,0,0,0,0,0,Attending,eTicket,,,,,,,,,,,,Scaleout storage.,No,,,,,,,,Fujitsu America Inc.,,,,,,,,,,
