Order #,Event Name,Event ID,Organizer Name,Attendee #,Barcode #,Order Date,Buyer Last Name,Buyer First Name,Buyer Email,Prefix,Last Name,First Name,Suffix,Email,Quantity,Ticket Type,Date Attending,Device #,Check-In Date,IP Location,Discount,Group,Affiliate,Order Type,Currency,Total Paid,Fees Paid,Eventbrite Fees,Eventbrite Payment Processing,Tax Paid,Attendee Status,Ticket Delivery Method,Home Address 1,Home Address 2,Home City,Home State,Home Zip,Home Country,Home Phone,Cell Phone,Gender,Age,Birth Date,What topics are you interested in?,Would you like to receive Ops-related information from our sponsors?,Shipping Address 1,Shipping Address 2,Shipping City,Shipping State,Shipping Zip,Shipping Country,Job Title,Company,Work Address 1,Work Address 2,Work City,Work State,Work Zip,Work Country,Work Phone,Website,Blog,Notes
13878939,svDevOps Meet-up: Ruby projects of interest for DevOps,759952037,SVDevOps,18353832,,"Jul 31, 2010",Burnett,Allan,aburnett@vmware.com,,Burnett,Allan,,aburnett@vmware.com,1,Attendee,"Aug 3, 2010 at 6:30 PM",,,"San Jose, CA, United States",,,,Free Order,USD,0,0,0,0,0,Attending,eTicket,,,,,,,,,,,,devops toolchain,Yes,,,,,,,Ops Architect,VMware,,,,,,,,,,
13719334,svDevOps Meet-up: Ruby projects of interest for DevOps,759952037,SVDevOps,18156410,,"Jul 24, 2010",,,adam@lazur.org,,lazur,adam,,adam@lazur.org,1,Attendee,"Aug 3, 2010 at 6:30 PM",,,"Milpitas, CA, United States",,,,Free Order,USD,0,0,0,0,0,Attending,eTicket,,,,,,,,,,,,is devops more than applied vocabulary?,No,,,,,,,,,,,,,,,,,,
13878291,svDevOps Meet-up: Ruby projects of interest for DevOps,759952037,SVDevOps,18353039,,"Jul 31, 2010",,,bernard.golden@hyperstratus.com,,Golden,Bernard,,bernard.golden@hyperstratus.com,1,Attendee,"Aug 3, 2010 at 6:30 PM",,,"San Carlos, CA, United States",,,,Free Order,USD,0,0,0,0,0,Attending,eTicket,,,,,,,,,,,,devops,Yes,,,,,,,,,,,,,,,,,,
13729973,svDevOps Meet-up: Ruby projects of interest for DevOps,759952037,SVDevOps,18169118,,"Jul 25, 2010",Hathaway,Bill,bill.hathaway@gmail.com,,Hathaway,Bill,,bill.hathaway@gmail.com,1,Attendee,"Aug 3, 2010 at 6:30 PM",,,"Santa Clara, CA, United States",,,,Free Order,USD,0,0,0,0,0,Attending,eTicket,,,,,,,,,,,,"configuration management, provisioning, monitoring, deployment",Yes,,,,,,,Solutions Architect,Versatile,,,,,,,,,http://williamhathaway.com,
13958585,svDevOps Meet-up: Ruby projects of interest for DevOps,759952037,SVDevOps,18453315,,"Aug 3, 2010",Luu,Cathy,cathyluu@yahoo.com,,Luu,Cathy,,cathyluu@yahoo.com,1,Attendee,"Aug 3, 2010 at 6:30 PM",,,"Reston, VA, United States",,,,Free Order,USD,0,0,0,0,0,Attending,eTicket,,,,,,,,,,,,web dev,Yes,,,,,,,,,,,,,,,,,,
13931927,svDevOps Meet-up: Ruby projects of interest for DevOps,759952037,SVDevOps,18419885,,"Aug 3, 2010",Wright,Christian,devops@christianwright.com,,Wright,Christian,,devops@christianwright.com,1,Attendee,"Aug 3, 2010 at 6:30 PM",,,"Santa Clara, CA, United States",,,,Free Order,USD,0,0,0,0,0,Attending,eTicket,,,,,,,,,,,,"DevOps, Ruby, Virtualization",No,,,,,,,,,,,,,,,,,,
13781033,svDevOps Meet-up: Ruby projects of interest for DevOps,759952037,SVDevOps,18231556,,"Jul 27, 2010",Nielsen,Dave,dnielsen@gmail.com,,Nielsen,Dave,,dnielsen@gmail.com,1,Attendee,"Aug 3, 2010 at 6:30 PM",,,"Mountain View, CA, United States",,,,Free Order,USD,0,0,0,0,0,Attending,eTicket,,,,,,,,,,,,tbd,No,,,,,,,Co-founder,CloudCamp,,,,,,,,http://www.cloudcamp.org,http://twitter.com/davenielsen,
13895194,svDevOps Meet-up: Ruby projects of interest for DevOps,759952037,SVDevOps,18373889,,"Aug 1, 2010",Taylor,Lloyd,Eventbrite@netelder.com,,Taylor,Lloyd,,Eventbrite@netelder.com,1,Attendee,"Aug 3, 2010 at 6:30 PM",,,"San Jose, CA, United States",,,,Free Order,USD,0,0,0,0,0,Attending,eTicket,,,,,,,,,,,,x,No,,,,,,,,,,,,,,,,,,
13948516,svDevOps Meet-up: Ruby projects of interest for DevOps,759952037,SVDevOps,18440722,,"Aug 3, 2010",Guo,Grant ,grantkuo@gmail.com,,Guo,Grant ,,grantkuo@gmail.com,1,Attendee,"Aug 3, 2010 at 6:30 PM",,,"San Francisco, CA, United States",,,,Free Order,USD,0,0,0,0,0,Attending,eTicket,,,,,,,,,,,,"I am hiring experience web developer/development shop to build a niche social site from ground up, contact me if you know anyone",No,,,,,,,Founder,"2above.com, my blog about entrepreneurship",,,,,,,,,http://2above.com,
13945604,svDevOps Meet-up: Ruby projects of interest for DevOps,759952037,SVDevOps,18437171,,"Aug 3, 2010",Harker,Robert,harker-eventbright@harker.com,,Harker,Robert,,harker-eventbright@harker.com,1,Attendee,"Aug 3, 2010 at 6:30 PM",,,"Mountain View, CA, United States",,,,Free Order,USD,0,0,0,0,0,Attending,eTicket,,,,,,,,,,,,Modern tools for systems administration.,Yes,,,,,,,Sr. Linux Administrator,Yahoo,,,,,,,,http://www.harker.com,,
13862132,svDevOps Meet-up: Ruby projects of interest for DevOps,759952037,SVDevOps,18332487,,"Jul 30, 2010",Nguyen,James,james.nguyen@wirelessmatrix.com,,Nguyen,James,,james.nguyen@wirelessmatrix.com,1,Attendee,"Aug 3, 2010 at 6:30 PM",,,United States,,,esli,Free Order,USD,0,0,0,0,0,Attending,eTicket,,,,,,,,,,,,Ruby,No,,,,,,,IT Admin,,,,,,,,,,,
13957026,svDevOps Meet-up: Ruby projects of interest for DevOps,759952037,SVDevOps,18451398,,"Aug 3, 2010",Cook,Jason,jasonc@wikia-inc.com,,Cook,Jason,,jasonc@wikia-inc.com,1,Attendee,"Aug 3, 2010 at 6:30 PM",,,"San Francisco, CA, United States",,,,Free Order,USD,0,0,0,0,0,Attending,eTicket,,,,,,,,,,,,dev ops,No,,,,,,,,,,,,,,,,,,
13956587,svDevOps Meet-up: Ruby projects of interest for DevOps,759952037,SVDevOps,18450841,,"Aug 3, 2010",,,kpmahendra@yahoo.com,,K,Mahendran,,kpmahendra@yahoo.com,1,Attendee,"Aug 3, 2010 at 6:30 PM",,,"Santa Clara, CA, United States",,,,Free Order,USD,0,0,0,0,0,Attending,eTicket,,,,,,,,,,,,"Cloud computing, PaaS, DBaas, services. Object store.",Yes,,,,,,,,,,,,,,,,,,
13878404,svDevOps Meet-up: Ruby projects of interest for DevOps,759952037,SVDevOps,18353171,,"Jul 31, 2010",DeQuattro,Lisa,ldequattro@gmail.com,,DeQuattro,Lisa,,ldequattro@gmail.com,1,Attendee,"Aug 3, 2010 at 6:30 PM",,,"Santa Cruz, CA, United States",,,,Free Order,USD,0,0,0,0,0,Attending,eTicket,,,,,,,,,,,,"cloud, python, dbms",No,,,,,,,Network/System Admin,New Teacher Center,,,,,,,,http://www.newteachercenter.org,,
13791260,svDevOps Meet-up: Ruby projects of interest for DevOps,759952037,SVDevOps,18244205,,"Jul 27, 2010",Ducea,Marius,marius.ducea@gmail.com,,Ducea,Marius,,marius.ducea@gmail.com,1,Attendee,"Aug 3, 2010 at 6:30 PM",,,"Santa Clara, CA, United States",,,,Free Order,USD,0,0,0,0,0,Attending,eTicket,,,,,,,,,,,,"Devops, large scale webops, etc.",No,,,,,,,,Promet Solutions,,,,,,,,,,
13861724,svDevOps Meet-up: Ruby projects of interest for DevOps,759952037,SVDevOps,18331941,,"Jul 30, 2010",Sylvester,Scott,obpits@hotmail.com,,Sylvester,Scott,,obpits@hotmail.com,1,Attendee,"Aug 3, 2010 at 6:30 PM",,,"San Francisco, CA, United States",,,esli,Free Order,USD,0,0,0,0,0,Attending,eTicket,,,,,,,,,,,,"ruby, nosql, virtualization, automation, storage. ",Yes,,,,,,,Systems Architect,,,,,,,,,,,
13790038,svDevOps Meet-up: Ruby projects of interest for DevOps,759952037,SVDevOps,18242729,,"Jul 27, 2010",Ramanathan,Rag,ragr@yahoo.com,,Ramanathan,Rag,,ragr@yahoo.com,1,Attendee,"Aug 3, 2010 at 6:30 PM",,,"San Jose, CA, United States",,,,Free Order,USD,0,0,0,0,0,Attending,eTicket,,,,,,,,,,,,"Needs of DevOps, tools involved, what is new.",Yes,,,,,,,,,,,,,,,,,,
13887447,svDevOps Meet-up: Ruby projects of interest for DevOps,759952037,SVDevOps,18364292,,"Jul 31, 2010",Berger,Robert,rberger@runa.com,,Berger,Robert,,rberger@runa.com,1,Attendee,"Aug 3, 2010 at 6:30 PM",,,"Cupertino, CA, United States",,,,Free Order,USD,0,0,0,0,0,Attending,eTicket,,,,,,,,,,,,"Hiring DevOps, Chef, EC2",No,,,,,,,CTO,Runa Inc.,,,,,,,,http://www.runa.com,http://www.ibd.com,
13362755,svDevOps Meet-up: Ruby projects of interest for DevOps,759952037,SVDevOps,17715788,,"Jul 11, 2010",Nugent,Ray,rnugent@yahoo.com,,Nugent,Ray,,rnugent@yahoo.com,1,Attendee,"Aug 3, 2010 at 6:30 PM",,,"Campbell, CA, United States",,,,Free Order,USD,0,0,0,0,0,Attending,eTicket,,,,,,,,,,,,How to make DevOps work,No,,,,,,,CEO,Smartscale Systems,,,,,,,,http://www.smartscalesystems.com,,
13788192,svDevOps Meet-up: Ruby projects of interest for DevOps,759952037,SVDevOps,18240488,,"Jul 27, 2010",Sanchez,Ricardo,rsanchez.jayhawk@gmail.com,,Sanchez,Ricardo,,rsanchez.jayhawk@gmail.com,1,Attendee,"Aug 3, 2010 at 6:30 PM",,,"Burlingame, CA, United States",,,,Free Order,USD,0,0,0,0,0,Attending,eTicket,,,,,,,,,,,,Web development and operations.,Yes,,,,,,,Operations Architect,PlayHaven,,,,,,,,http://playhaven.com,,
13956996,svDevOps Meet-up: Ruby projects of interest for DevOps,759952037,SVDevOps,18451365,,"Aug 3, 2010",Walsh,Rich,rwalsh@att.net,,Walsh,Rich,,rwalsh@att.net,1,Attendee,"Aug 3, 2010 at 6:30 PM",,,"Sunnyvale, CA, United States",,,,Free Order,USD,0,0,0,0,0,Attending,eTicket,,,,,,,,,,,,Really anything in this subject area.,Yes,,,,,,,,,,,,,,,,,,
13930921,svDevOps Meet-up: Ruby projects of interest for DevOps,759952037,SVDevOps,18418646,,"Aug 2, 2010",Mallya,Subraya,smallya@prudentcloud.com,,Mallya,Subraya,,smallya@prudentcloud.com,1,Attendee,"Aug 3, 2010 at 6:30 PM",,,"Newark, CA, United States",,,,Free Order,USD,0,0,0,0,0,Attending,eTicket,,,,,,,,,,,,"Systems Management, Ruby",No,,,,,,,,,,,,,,,,http://www.prudentcloud.com,http://www.prudentcloud.com,
13957169,svDevOps Meet-up: Ruby projects of interest for DevOps,759952037,SVDevOps,18451554,,"Aug 3, 2010",Nachbar,Erich,spam@nachbar.biz,,Nachbar,Erich,,spam@nachbar.biz,1,Attendee,"Aug 3, 2010 at 6:30 PM",,,"Oakland, CA, United States",,,,Free Order,USD,0,0,0,0,0,Attending,eTicket,,,,,,,,,,,,scripting,No,,,,,,,,Quantifind,,,,,,,,,,
13851046,svDevOps Meet-up: Ruby projects of interest for DevOps,759952037,SVDevOps,18318368,,"Jul 29, 2010",Joshi,Suyash,suyashcjoshi@gmail.com,,Joshi,Suyash,,suyashcjoshi@gmail.com,1,Attendee,"Aug 3, 2010 at 6:30 PM",,,"Milpitas, CA, United States",,,,Free Order,USD,0,0,0,0,0,Attending,eTicket,,,,,,,,,,,,Ruby on Rails,No,,,,,,,Developer,Self Employed,,,,,,,,,,
13788105,svDevOps Meet-up: Ruby projects of interest for DevOps,759952037,SVDevOps,18240381,,"Jul 27, 2010",Allard,Barry,svdevops@barryallard.name,,Allard,Barry,,svdevops@barryallard.name,1,Attendee,"Aug 3, 2010 at 6:30 PM",,,"Overland Park, KS, United States",,,,Free Order,USD,0,0,0,0,0,Attending,eTicket,,,,,,,,,,,,"larrge-scale cloud, devops, continuous integration, open enterprise standards, camping.",No,,,,,,,Enterprise DevOps Engineer,,,,,,,,,,,
13879563,svDevOps Meet-up: Ruby projects of interest for DevOps,759952037,SVDevOps,18354609,,"Jul 31, 2010",Grado,Victor,vitekny@gmail.com,,Grado,Victor,,vitekny@gmail.com,1,Attendee,"Aug 3, 2010 at 6:30 PM",,,"Foster City, CA, United States",,,,Free Order,USD,0,0,0,0,0,Attending,eTicket,,,,,,,,,,,,"Scripting, Virtualization",No,,,,,,,Sr Systems Architect,Huawei,,,,,,,,http://www.huawei.com,,
