Event Name,Event ID,Organizer Name,Attendee #,Barcode #,Order Date,Buyer Last Name,Buyer First Name,Buyer Email,Prefix,Last Name,First Name,Suffix,Email,Quantity,Ticket Type,Date Attending,Device #,Check-In Date,IP Location,Discount,Group,Affiliate,Order #,Order Type,Currency,Total Paid,Fees Paid,Eventbrite Fees,Eventbrite Payment Processing,Tax Paid,Attendee Status,Ticket Delivery Method,Home Address 1,Home Address 2,Home City,Home State,Home Zip,Home Country,Home Phone,Cell Phone,Gender,Age,Birth Date,Please suggest a topic for an unconference session,Would you like to receive BigData-related emails from our event sponsors.,Shipping Address 1,Shipping Address 2,Shipping City,Shipping State,Shipping Zip,Shipping Country,Job Title,Company,Work Address 1,Work Address 2,Work City,Work State,Work Zip,Work Country,Work Phone,Website,Blog,Notes
BigDataCamp LA 2014,10564656171,BigDataCamp,376599643,297819585376600000000,"May 21, 2014",Turkel,Aaron,aaron@syndctd.com,,Turkel,Aaron,,aaron@syndctd.com,1,ALL DAY Attendee,"Jun 14, 2014 at 8:00 AM",,,"Los Angeles, CA, United States",,,es2,297819585,Free Order,USD,0,0,0,0,0,Attending,eTicket,1506 N Gardner St,,Los Angeles,CA,900462808,US,,,,,,Big Data usages for Film Distirbution ,No,,,,,,,Director of Digital Strategy,Syndctd ,,,,,,,4248350020,,,
BigDataCamp LA 2014,10564656171,BigDataCamp,327714867,258902353327715000000,"Feb 23, 2014",Ravid,Adam,adam.ravid@gmail.com,,Ravid,Adam,,adam.ravid@gmail.com,1,ALL DAY Attendee,"Jun 14, 2014 at 8:00 AM",,,Unknown Location,,,,258902353,Free Order,USD,0,0,0,0,0,Attending,eTicket,,,,CA,,US,,,,,,,No,,,,,,,Other,UICBE,,,,,,,,,,
BigDataCamp LA 2014,10564656171,BigDataCamp,344050639,272137439344051000000,"Mar 22, 2014",Farid,Foad,ak0010@yahoo.com,,Farid,Foad,,ak0010@yahoo.com,1,ALL DAY Attendee,"Jun 14, 2014 at 8:00 AM",,,"Los Angeles, CA, United States",,,,272137439,Free Order,USD,0,0,0,0,0,Attending,eTicket,,,,,,US,,,,,,,No,,,,,,,Mobile App/Animation/Web Designer/Developer/Instru,Freelancer,,,,,,,,,,
BigDataCamp LA 2014,10564656171,BigDataCamp,347211149,274655767347211000000,"Mar 28, 2014",Kallury,Anu,akallury@rubiconproject.com,,Kallury,Anu,,akallury@rubiconproject.com,1,ALL DAY Attendee,"Jun 14, 2014 at 8:00 AM",,,"Torrance, CA, United States",,,,274655767,Free Order,USD,0,0,0,0,0,Attending,eTicket,,,,,,US,,,,,,,Yes,,,,,,,Software Engineer,Rubicon Project,,,,,,,,,,
BigDataCamp LA 2014,10564656171,BigDataCamp,342064457,270526085342064000000,"Mar 18, 2014",Ivanovic,Aleksandar,alexmi@gmail.com,,Ivanovic,Aleksandar,,alexmi@gmail.com,1,ALL DAY Attendee,"Jun 14, 2014 at 8:00 AM",,,"Santa Monica, CA, United States",,,,270526085,Free Order,USD,0,0,0,0,0,Attending,eTicket,,,,,,US,,,,,,,Yes,,,,,,,Data Scientist,Demand Media,,,,,,,,,,
BigDataCamp LA 2014,10564656171,BigDataCamp,335901305,265562569335901000000,"Mar 7, 2014",Singh,Amarpal,amarpal@hotmail.com,,Singh,Amarpal,,amarpal@hotmail.com,1,ALL DAY Attendee,"Jun 14, 2014 at 8:00 AM",,,Unknown Location,,,,265562569,Free Order,USD,0,0,0,0,0,Attending,eTicket,575 Hampshire Road #115A,,Westlake Village,,91361,US,,,,,,,Yes,,,,,,,Data Architect,Scopely,,,,,,,5622909023,,,
BigDataCamp LA 2014,10564656171,BigDataCamp,371802125,294036525371802000000,"May 12, 2014",Gadre,Amod,amodttu@yahoo.com,,Gadre,Amod,,amodttu@yahoo.com,1,ALL DAY Attendee,"Jun 14, 2014 at 8:00 AM",,,"Los Angeles, CA, United States",,,es2,294036525,Free Order,USD,0,0,0,0,0,Attending,eTicket,wilshire,,Los Angeles,CA,90036,US,,,,,,,No,,,,,,,Data Steward,Chrome River,,,,,,,,,,
BigDataCamp LA 2014,10564656171,BigDataCamp,374798487,296393551374798000000,"May 17, 2014",DeLancey,Apryl,apryl@socialagemedia.com,,DeLancey,Apryl,,apryl@socialagemedia.com,1,ALL DAY Attendee,"Jun 14, 2014 at 8:00 AM",,,"Los Angeles, CA, United States",,,es2,296393551,Free Order,USD,0,0,0,0,0,Attending,eTicket,5906 S. Chariton Ave.,,Los Angeles,CA,90056,US,,,,,,,,,,,,,,CEO,Social Age Media,,,,,,,,,,
BigDataCamp LA 2014,10564656171,BigDataCamp,343874517,271992761343874000000,"Mar 21, 2014",Kennedy,Autumn,autumn_kennedy@symantec.com,,Kennedy,Autumn,,autumn_kennedy@symantec.com,1,Donation,"Jun 14, 2014 at 8:00 AM",,,Unknown Location,,,,271992761,PayPal Completed,USD,52.24,2.24,2.24,0,0,Attending,eTicket,900 Corporate Pointe,,Culver City,CA,90230,US,,,,,,,No,,,,,,,Manager,Symantec,,,,,,,,,,
BigDataCamp LA 2014,10564656171,BigDataCamp,379972347,300526603379972000000,"May 28, 2014",Lim,EeTheng,bahasaqc@gmail.com,,Lim,EeTheng,,bahasaqc@gmail.com,1,ALL DAY Attendee,"Jun 14, 2014 at 8:00 AM",,,"Los Angeles, CA, United States",,,es2,300526603,Free Order,USD,0,0,0,0,0,Attending,eTicket,,,,CA,,US,,,,,,,,,,,,,,Movie subtitle editor,Sony DADC,,,,,,,310-760-8381,http://newmedia.sonydadc.com/,,
BigDataCamp LA 2014,10564656171,BigDataCamp,363280359,287351315363280000000,"Apr 27, 2014",Harmon,Gabrial,blahzndef@hotmail.com,,Harmon,Gabrial,,blahzndef@hotmail.com,1,ALL DAY Attendee,"Jun 14, 2014 at 8:00 AM",,,"Los Angeles, CA, United States",,,es2,287351315,Free Order,USD,0,0,0,0,0,Attending,eTicket,-,348 Golden Gate Avenue #306,San Francisco,CA,94132,US,,,,,,How do I compare mapreduceon GPUs to other solutions?,Yes,,,,,,,Future Gangster/Assassin,Shopzilla,,,,,,,4158520455,http://www.google.com,,
BigDataCamp LA 2014,10564656171,BigDataCamp,323418435,255379297323418000000,"Feb 14, 2014",klu cen,ra y,blitz@aemail4u.com,,klu cen,ra y,,blitz@aemail4u.com,1,ALL DAY Attendee,"Jun 14, 2014 at 8:00 AM",,,"Lansing, MI, United States",,,ch,255379297,Free Order,USD,0,0,0,0,0,Attending,eTicket,po box 1433,,warren,MI,48090,US,,,,,,,Yes,,,,,,,util coordinator,mi transp,,,,,,,5867568332,,,
BigDataCamp LA 2014,10564656171,BigDataCamp,371313411,293659103371313000000,"May 12, 2014",Milbrand,Blake,bmilbrand@gmail.com,,Milbrand,Blake,,bmilbrand@gmail.com,1,ALL DAY Attendee,"Jun 14, 2014 at 8:00 AM",,,"Los Angeles, CA, United States",,,erec,293659103,Free Order,USD,0,0,0,0,0,Attending,eTicket,1242 Wellesley Ave. Apt. 3,,Los Angeles,CA,90025,US,,,,,,Unconventional Business Skills,Yes,,,,,,,Marketing Director,AH Promotions,,,,,,,7169012824,,,
BigDataCamp LA 2014,10564656171,BigDataCamp,366516383,289914137366516000000,"May 2, 2014",Parada,Brando,brandoparada@gmail.com,,Parada,Brando,,brandoparada@gmail.com,1,ALL DAY Attendee,"Jun 14, 2014 at 8:00 AM",,,"Los Angeles, CA, United States",,,es2,289914137,Free Order,USD,0,0,0,0,0,Attending,eTicket,,,,CA,,US,,,,,,,No,,,,,,,Business Development,Monarch Information Systems,,,,,,,,,,
BigDataCamp LA 2014,10564656171,BigDataCamp,335628175,265344857335628000000,"Mar 7, 2014",Branning,Philp,branning@gmail.com,,Branning,Philp,,branning@gmail.com,1,ALL DAY Attendee,"Jun 14, 2014 at 8:00 AM",,,"Los Angeles, CA, United States",,,,265344857,Free Order,USD,0,0,0,0,0,Attending,eTicket,13219 Majestic Ct,,Moorpark,CA,93021,US,,,,,,,No,,,,,,,Senior Engineer,Ricoh Printing Systems America,,,,,,,,,,
BigDataCamp LA 2014,10564656171,BigDataCamp,352689895,278998871352690000000,"Apr 7, 2014",Greenwood,Cary,cary.greenwood@arup.com,,Greenwood,Cary,,cary.greenwood@arup.com,1,ALL DAY Attendee,"Jun 14, 2014 at 8:00 AM",,,"NY, United States",,,,278998871,Free Order,USD,0,0,0,0,0,Attending,eTicket,,,,,,US,,,,,,,No,,,,,,,GIS Analyst,Arup,,,,,,,,http://www.arup.com,,
BigDataCamp LA 2014,10564656171,BigDataCamp,363699139,287687807363699000000,"Apr 28, 2014",Devarajan,Chandramohan,cdevarajan@capario.com,,Devarajan,Chandramohan,,cdevarajan@capario.com,1,ALL DAY Attendee,"Jun 14, 2014 at 8:00 AM",,,"Anaheim, CA, United States",,,,287687807,Free Order,USD,0,0,0,0,0,Attending,eTicket,,,,CA,,US,,,,,,,No,,,,,,,Senior Software Engineer,Capario,,,,,,,,,,
BigDataCamp LA 2014,10564656171,BigDataCamp,347253585,274689515347254000000,"Mar 28, 2014",Ganoo,Chaitanya,chaitanyaganoo9@gmail.com,,Ganoo,Chaitanya,,chaitanyaganoo9@gmail.com,1,ALL DAY Attendee,"Jun 14, 2014 at 8:00 AM",,,"Seattle, WA, United States",,,,274689515,Free Order,USD,0,0,0,0,0,Attending,eTicket,,,,,,US,,,,,,,,,,,,,,Software Developer,Amazon,,,,,,,,,,
BigDataCamp LA 2014,10564656171,BigDataCamp,340784821,269480851340785000000,"Mar 16, 2014",Li,Chang,clichang@gmail.com,,Li,Chang,,clichang@gmail.com,1,ALL DAY Attendee,"Jun 14, 2014 at 8:00 AM",,,"Pasadena, CA, United States",,,eorg,269480851,Free Order,USD,0,0,0,0,0,Attending,eTicket,,,,,,US,,,,,,,,,,,,,,N/A,N/A,,,,,,,,,,
BigDataCamp LA 2014,10564656171,BigDataCamp,379998567,300546871379999000000,"May 28, 2014",M,Connie,conniewmak@gmail.com,,-,Connie,,conniewmak@gmail.com,1,ALL DAY Attendee,"Jun 14, 2014 at 8:00 AM",,,"Los Angeles, CA, United States",,,es2,300546871,Free Order,USD,0,0,0,0,0,Attending,eTicket,,,,CA,,US,,,,,,Developing relevant KPIs and effective scorecards.,No,,,,,,,Business Data Analyst,-,,,,,,,,,,
BigDataCamp LA 2014,10564656171,BigDataCamp,347193055,274641149347193000000,"Mar 28, 2014",Comfort,David,david.comfort@mindspring.com,,Comfort,David,,david.comfort@mindspring.com,1,ALL DAY Attendee,"Jun 14, 2014 at 8:00 AM",,,United States,,,,274641149,Free Order,USD,0,0,0,0,0,Attending,eTicket,"5754 Colfax Avenue, #7",----,Los Angeles,CA,91601,US,,,,,,,Yes,,,,,,,CEO,"ReLife Technologies, Inc",,,,,,,3108807791,,,
BigDataCamp LA 2014,10564656171,BigDataCamp,379415695,300083003379416000000,"May 27, 2014",Kim,Christine,dearchristinekim@gmail.com,,Kim,Christine,,dearchristinekim@gmail.com,1,AFTERNOON ONLY Attendee (Must arrive after 1:30pm),"Jun 14, 2014 at 8:00 AM",,,"Los Angeles, CA, United States",,,erec,300083003,Free Order,USD,0,0,0,0,0,Attending,eTicket,,,,CA,,US,,,,,,,,,,,,,,student,ucla,,,,,,,,,,
BigDataCamp LA 2014,10564656171,BigDataCamp,336116513,265748977336116000000,"Mar 7, 2014",Proffer,Dave,dproffer@acm.org,,Proffer,Dave,,dproffer@acm.org,1,ALL DAY Attendee,"Jun 14, 2014 at 8:00 AM",,,"Santa Barbara, CA, United States",,,,265748977,Free Order,USD,0,0,0,0,0,Attending,eTicket,PO BOX 959,PO BOX 959,South Pasadena,CA,91031,US,,,,,,,Yes,,,,,,,Product Development,Tamada Technologies,,,,,,,,,,
BigDataCamp LA 2014,10564656171,BigDataCamp,347241109,274679911347241000000,"Mar 28, 2014",Arino de la Rubia,Eduardo,earino@gmail.com,,Arino de la Rubia,Eduardo,,earino@gmail.com,1,ALL DAY Attendee,"Jun 14, 2014 at 8:00 AM",,,"Santa Monica, CA, United States",,,,274679911,Free Order,USD,0,0,0,0,0,Attending,eTicket,1244 14th Street,,Santa Monica,CA,90404,US,,,,,,,,,,,,,,Principal Developer,Ingram,,,,,,,6155849387,,,
BigDataCamp LA 2014,10564656171,BigDataCamp,347217955,274661157347218000000,"Mar 28, 2014",Eash,Dawn,eash.dawn@gmail.com,,Eash,Dawn,,eash.dawn@gmail.com,1,AFTERNOON ONLY Attendee (Must arrive after 1:30pm),"Jun 14, 2014 at 8:00 AM",,,"Berkeley, CA, United States",,,,274661157,Free Order,USD,0,0,0,0,0,Attending,eTicket,1028 7th St,102,Santa Monica,CA,90403,US,,,,,,,No,,,,,,,Consultant,BRG,,,,,,,,,,
BigDataCamp LA 2014,10564656171,BigDataCamp,349606613,276546681349607000000,"Apr 2, 2014",Tucker,Eldon,eldonbtucker@gmail.com,,Tucker,Eldon,,eldonbtucker@gmail.com,1,ALL DAY Attendee,"Jun 14, 2014 at 8:00 AM",,,"Los Angeles, CA, United States",,,,276546681,Free Order,USD,0,0,0,0,0,Attending,eTicket,23036 Gilmore Street,,West Hills,CA,91307,US,,,,,,,Yes,,,,,,,Consultant,M-GO,,,,,,,,,,
BigDataCamp LA 2014,10564656171,BigDataCamp,347226027,274667601347226000000,"Mar 28, 2014",Haftevani,Arlen Haftevani,enochmazdah@gmail.com,,Haftevani,Arlen Haftevani,,enochmazdah@gmail.com,1,ALL DAY Attendee,"Jun 14, 2014 at 8:00 AM",,,"Los Angeles, CA, United States",,,,274667601,Free Order,USD,0,0,0,0,0,Attending,eTicket,,,,CA,,US,,,,,,,No,,,,,,,Senior Software Engineer,Sony DADC,,,,,,,,,,
BigDataCamp LA 2014,10564656171,BigDataCamp,378190141,299097341378190000000,"May 24, 2014",Siggard,Erin,erin.siggard@gmail.com,,Siggard,Erin,,erin.siggard@gmail.com,1,ALL DAY Attendee,"Jun 14, 2014 at 8:00 AM",,,"Santa Monica, CA, United States",,,erec,299097341,Free Order,USD,0,0,0,0,0,Attending,eTicket,PO BOX 7045,,Santa Monica,CA,90406,US,,,,,,,No,,,,,,,creative strategist digital,[emerge],,,,,,,,,,
BigDataCamp LA 2014,10564656171,BigDataCamp,335663359,265373417335663000000,"Mar 7, 2014",Macasaet,Carlos,eventbrite@carlos-m.net,,Macasaet,Carlos,,eventbrite@carlos-m.net,1,ALL DAY Attendee,"Jun 14, 2014 at 8:00 AM",,,"Santa Monica, CA, United States",,,,265373417,Free Order,USD,0,0,0,0,0,Attending,eTicket,,,,,90404,US,,,,,,,No,,,,,,,Technical Lead,Edmunds.com,,,,,,,,,,
BigDataCamp LA 2014,10564656171,BigDataCamp,347202577,274648925347203000000,"Mar 28, 2014",Thiruvathukal,George,george@thiruva.com,,Thiruvathukal,George,,george@thiruva.com,1,ALL DAY Attendee,"Jun 14, 2014 at 8:00 AM",,,"North Hollywood, CA, United States",,,,274648925,Free Order,USD,0,0,0,0,0,Attending,eTicket,5040 Enfield Ave,,Los Angeles,CA,91316,US,,,,,,,No,,,,,,,Director of Technology,CareDox.com,,,,,,,3614335439,http://caredox.com,,
BigDataCamp LA 2014,10564656171,BigDataCamp,320889969,253318917320890000000,"Feb 10, 2014",Wu,Mi,googlexicon@outlook.com,,Wu,Mi,,googlexicon@outlook.com,1,ALL DAY Attendee,"Jun 14, 2014 at 8:00 AM",,,"Berkeley, CA, United States",,,eorg,253318917,Free Order,USD,0,0,0,0,0,Attending,eTicket,,,Berkeley,CA,94704,US,,,,,,,Yes,,,,,,,Researcher,Googlexicon,,,,,,,,,,
BigDataCamp LA 2014,10564656171,BigDataCamp,377946987,298896891377947000000,"May 23, 2014",Brisson,Harry,harry.brisson@nielsen.com,,Brisson,Harry,,harry.brisson@nielsen.com,1,ALL DAY Attendee,"Jun 14, 2014 at 8:00 AM",,,"Los Angeles, CA, United States",,,es2,298896891,Free Order,USD,0,0,0,0,0,Attending,eTicket,1660 N Wilton Ave,Apartment 505,Los Angeles,CA,90028,US,,,,,,,,,,,,,,Research Manager,Nielsen Media Lab,,,,,,,2817770494,,,
BigDataCamp LA 2014,10564656171,BigDataCamp,352686849,278996451352687000000,"Apr 7, 2014",Johnson,Eric,hellcitty@aol.com,,Johnson,Eric,,hellcitty@aol.com,1,ALL DAY Attendee,"Jun 14, 2014 at 8:00 AM",,,"Los Angeles, CA, United States",,,,278996451,Free Order,USD,0,0,0,0,0,Attending,eTicket,1651 Camden Aven #5,,Los Angeles,CA,90025,US,,,,,,,Yes,,,,,,,Independent Developer,self,,,,,,,310-850-1030,,,
BigDataCamp LA 2014,10564656171,BigDataCamp,363845895,287802669363846000000,"Apr 28, 2014",Ku,Hilda,hildaku@umich.edu,,Ku,Hilda,,hildaku@umich.edu,1,ALL DAY Attendee,"Jun 14, 2014 at 8:00 AM",,,"El Segundo, CA, United States",,,es2,287802669,Free Order,USD,0,0,0,0,0,Attending,eTicket,,,,CA,,US,,,,,,,,,,,,,,Sr. Associate,Chase Dreams,,,,,,,,,,
BigDataCamp LA 2014,10564656171,BigDataCamp,378691893,299505163378692000000,"May 26, 2014",Y,Gloria,in-slow-motion@sbcglobal.net,,Y,Gloria,,in-slow-motion@sbcglobal.net,1,ALL DAY Attendee,"Jun 14, 2014 at 8:00 AM",,,"San Francisco, CA, United States",,,es2,299505163,Free Order,USD,0,0,0,0,0,Not Attending,eTicket,,,San Francisco,CA,94115,US,,,,,,,No,,,,,,,consultant,self-employed,,,,,,,,,,
BigDataCamp LA 2014,10564656171,BigDataCamp,370271549,292851155370272000000,"May 9, 2014",Ades,Jacob,jacobjades@gmail.com,,Ades,Jacob,,jacobjades@gmail.com,1,ALL DAY Attendee,"Jun 14, 2014 at 8:00 AM",,,Unknown Location,,,esm,292851155,Free Order,USD,0,0,0,0,0,Attending,eTicket,,,,CA,,US,,,,,,,Yes,,,,,,,Client management and operations,Strategic Protocol,,,,,,,714.507.6355,http://Strategicprotocol.com/,,
BigDataCamp LA 2014,10564656171,BigDataCamp,343083231,271353371343083000000,"Mar 20, 2014",Lee,Jameson,jamesonlee125@gmail.com,,Lee,Jameson,,jamesonlee125@gmail.com,1,ALL DAY Attendee,"Jun 14, 2014 at 8:00 AM",,,"Los Angeles, CA, United States",,,,271353371,Free Order,USD,0,0,0,0,0,Attending,eTicket,,,,,,US,,,,,,,,,,,,,,USC Endowment Fund,Research Analyst,,,,,,,,,,
BigDataCamp LA 2014,10564656171,BigDataCamp,342059537,270521925342060000000,"Mar 18, 2014",Weakley,Jeff,jeffweakley@hotmail.com,,Weakley,Jeff,,jeffweakley@hotmail.com,1,ALL DAY Attendee,"Jun 14, 2014 at 8:00 AM",,,"Los Angeles, CA, United States",,,,270521925,Free Order,USD,0,0,0,0,0,Attending,eTicket,11938 Dorothy Street #4,,Los Angeles,CA,90049,US,,,,,,,Yes,,,,,,,Creative Director/ Producer/,www.ChocolateCoveredFocusGroups.com,,,,,,,,,,
BigDataCamp LA 2014,10564656171,BigDataCamp,381000493,301340839381000000000,"May 30, 2014",Ji,John,john.ji@outlook.com,,Ji,John,,john.ji@outlook.com,1,ALL DAY Attendee,"Jun 14, 2014 at 8:00 AM",,,"Los Angeles, CA, United States",,,es2,301340839,Free Order,USD,0,0,0,0,0,Attending,eTicket,,,,CA,,US,,,,,,,,,,,,,,Student,University of Southern California,,,,,,,,,,
BigDataCamp LA 2014,10564656171,BigDataCamp,327788541,258962643327788000000,"Feb 23, 2014",Charles,John,john@charles.com,,Charles,John,,john@charles.com,1,ALL DAY Attendee,"Jun 14, 2014 at 8:00 AM",,,"Granada Hills, CA, United States",,,,258962643,Free Order,USD,0,0,0,0,0,Attending,eTicket,,,,,,US,,,,,,,Yes,,,,,,,SP Architect,kronosDesign,,,,,,,,,,
BigDataCamp LA 2014,10564656171,BigDataCamp,375361427,296845567375361000000,"May 19, 2014",August,Joseph,joseph.august@belkin.com,,August,Joseph,,joseph.august@belkin.com,1,ALL DAY Attendee,"Jun 14, 2014 at 8:00 AM",,,"Los Angeles, CA, United States",,,eiospostshremail,296845567,Free Order,USD,0,0,0,0,0,Attending,eTicket,,,,CA,,US,,,,,,,No,,,,,,,Product Manager,Belkin,,,,,,,,,,
BigDataCamp LA 2014,10564656171,BigDataCamp,373991233,295746873373991000000,"May 15, 2014",Ma,Joshua,joshua.c.ma@gmail.com,,Ma,Joshua,,joshua.c.ma@gmail.com,1,ALL DAY Attendee,"Jun 14, 2014 at 8:00 AM",,,"Cypress, CA, United States",,,erec,295746873,Free Order,USD,0,0,0,0,0,Attending,eTicket,,,,CA,,US,,,,,,,No,,,,,,,Student,USC,,,,,,,,,,
BigDataCamp LA 2014,10564656171,BigDataCamp,365176389,288854835365176000000,"Apr 30, 2014",Quamar,Kamran,kamran@pyntail.com,,Quamar,Kamran,,kamran@pyntail.com,1,ALL DAY Attendee,"Jun 14, 2014 at 8:00 AM",,,"Venice, CA, United States",,,es2,288854835,Free Order,USD,0,0,0,0,0,Attending,eTicket,,,,CA,,US,,,,,,,Yes,,,,,,,Founder,Pyntail,,,,,,,,http://www.pyntail.com,,
BigDataCamp LA 2014,10564656171,BigDataCamp,347216539,274660029347216000000,"Mar 28, 2014",tzeng,christine,kharise@gmail.com,,tzeng,christine,,kharise@gmail.com,1,ALL DAY Attendee,"Jun 14, 2014 at 8:00 AM",,,"El Segundo, CA, United States",,,,274660029,Free Order,USD,0,0,0,0,0,Attending,eTicket,,,,CA,90027,US,,,,,,"- tips and tricks for data analysis
- data visualization (examples of tools)",Yes,,,,,,,analyst,fuhu,,,,,,,,,kharise.wordpress.com,
BigDataCamp LA 2014,10564656171,BigDataCamp,342424531,270817561342424000000,"Mar 19, 2014",Balakrishnan,krishnakumar,krishnakumar.balakrishnan@gmail.com,,Balakrishnan,krishnakumar,,krishnakumar.balakrishnan@gmail.com,1,AFTERNOON ONLY Attendee (Must arrive after 1:30pm),"Jun 14, 2014 at 8:00 AM",,,United States,,,,270817561,Free Order,USD,0,0,0,0,0,Attending,eTicket,,,,CA,,US,,,,,,,No,,,,,,,Delivery Manager,Farmers,,,,,,,,,,
BigDataCamp LA 2014,10564656171,BigDataCamp,347339911,274756087347340000000,"Mar 28, 2014",Estella,Lauren,lauren.estella@gmail.com,,Estella,Lauren,,lauren.estella@gmail.com,1,ALL DAY Attendee,"Jun 14, 2014 at 8:00 AM",,,Unknown Location,,,,274756087,Free Order,USD,0,0,0,0,0,Attending,eTicket,530 W Knoll Dr,Apt H,West Hollywood,CA,90048,US,,,,,,,Yes,,,,,,,Student,General Assembly Los Angeles,,,,,,,,,,
BigDataCamp LA 2014,10564656171,BigDataCamp,347212739,274656955347213000000,"Mar 28, 2014",Pham,Linh,linh@usc.edu,,Pham,Linh,,linh@usc.edu,1,ALL DAY Attendee,"Jun 14, 2014 at 8:00 AM",,,"Inglewood, CA, United States",,,,274656955,Free Order,USD,0,0,0,0,0,Attending,eTicket,,,,,,US,,,,,,,,,,,,,,Sr. Systems Analyst,USC,,,,,,,213-821-3118,http://www.usc.edu,,
BigDataCamp LA 2014,10564656171,BigDataCamp,375905965,297284571375906000000,"May 20, 2014",Sanz Fueyo,Loreto,lsanzfueyo@usspeaking.com,,Sanz Fueyo,Loreto,,lsanzfueyo@usspeaking.com,1,ALL DAY Attendee,"Jun 14, 2014 at 8:00 AM",,,"Bedford, United Kingdom",,,es2,297284571,Free Order,USD,0,0,0,0,0,Attending,eTicket,,,,,,GB,,,,,,,No,,,,,,,Director,Universally Speaking Ltd,,,,,,,,,,
BigDataCamp LA 2014,10564656171,BigDataCamp,373751013,295557143373751000000,"May 15, 2014",Fu,Jill,luellafu@usc.edu,,Fu,Jill,,luellafu@usc.edu,1,ALL DAY Attendee,"Jun 14, 2014 at 8:00 AM",,,"Los Angeles, CA, United States",,,es2,295557143,Free Order,USD,0,0,0,0,0,Attending,eTicket,,,,CA,,US,,,,,,Basics of AWS + Hadoop,No,,,,,,,Student,USC,,,,,,,,,,
BigDataCamp LA 2014,10564656171,BigDataCamp,376333585,297602929376334000000,"May 20, 2014",mahant,kapil,mahant.kapil@gmail.com,,mahant,kapil,,mahant.kapil@gmail.com,1,ALL DAY Attendee,"Jun 14, 2014 at 8:00 AM",,,"Los Angeles, CA, United States",,,erec,297602929,Free Order,USD,0,0,0,0,0,Attending,eTicket,,,,CA,,US,,,,,,,Yes,,,,,,,Ad Platform Engineer,Rubicon Project,,,,,,,,http://Rubiconproject.com/,,
BigDataCamp LA 2014,10564656171,BigDataCamp,327787155,258961555327787000000,"Feb 23, 2014",Chapman,Matt,matt@chapmanmedia.com,,Chapman,Matt,,matt@chapmanmedia.com,1,ALL DAY Attendee,"Jun 14, 2014 at 8:00 AM",,,"Granada Hills, CA, United States",,,,258961555,Free Order,USD,0,0,0,0,0,Attending,eTicket,,,,,,US,,,,,,Titan an dother GraphDatabases,Yes,,,,,,,Lead Software Developer,Free Agent,,,,,,,,,,
BigDataCamp LA 2014,10564656171,BigDataCamp,373180677,295104641373181000000,"May 14, 2014",Yasgur,JR,member@yasgur.org,,Yasgur,JR,,member@yasgur.org,1,ALL DAY Attendee,"Jun 14, 2014 at 8:00 AM",,,Unknown Location,,,esm,295104641,Free Order,USD,0,0,0,0,0,Attending,eTicket,,,,CA,,US,,,,,,,Yes,,,,,,,SVP Global Data Strategy and Operations,Sony Pictures,,,,,,,,,,
BigDataCamp LA 2014,10564656171,BigDataCamp,381158787,301466019381159000000,"May 30, 2014",Nolan,Camille,millymse@aol.com,,Nolan,Camille,,millymse@aol.com,1,AFTERNOON ONLY Attendee (Must arrive after 1:30pm),"Jun 14, 2014 at 8:00 AM",,,"San Diego, CA, United States",,,,301466019,Free Order,USD,0,0,0,0,0,Attending,eTicket,2630 Erie Street #11,,San Diego,CA,92110,US,,,,,,,Yes,,,,,,,Sales ,Self ,,,,,,,619-972-9330,,,
BigDataCamp LA 2014,10564656171,BigDataCamp,342070101,270530825342070000000,"Mar 18, 2014",Mo,Andrew,mo@andrewmo.com,,Mo,Anderw,,mo@andrewmo.com,1,ALL DAY Attendee,"Jun 14, 2014 at 8:00 AM",,,"Manhattan Beach, CA, United States",,,,270530825,Free Order,USD,0,0,0,0,0,Attending,eTicket,,,,,,US,,,,,,,,,,,,,,Project Manager,RAND Corporation,,,,,,,,,,
BigDataCamp LA 2014,10564656171,BigDataCamp,376014621,297371661376015000000,"May 20, 2014",Blume,Nathalie,nathalie.j.blume@gmail.com,,Blume,Nathalie,,nathalie.j.blume@gmail.com,1,ALL DAY Attendee,"Jun 14, 2014 at 8:00 AM",,,"Torrance, CA, United States",,,es2,297371661,Free Order,USD,0,0,0,0,0,Attending,eTicket,,,,CA,,US,,,,,,,,,,,,,,Research Analyst,LA County,,,,,,,,,,
BigDataCamp LA 2014,10564656171,BigDataCamp,347200407,274647141347200000000,"Mar 28, 2014",Brahmbhatt,Nehal,nehal.bhatt@cmc-americas.com,,Brahmbhatt,Nehal,,nehal.bhatt@cmc-americas.com,1,ALL DAY Attendee,"Jun 14, 2014 at 8:00 AM",,,"Chino Hills, CA, United States",,,,274647141,Free Order,USD,0,0,0,0,0,Attending,eTicket,,,,,,US,,,,,,,Yes,,,,,,,Regional Manager,"CMC Americas, Inc. (a TATA company)",,,,,,,,,,
BigDataCamp LA 2014,10564656171,BigDataCamp,381000565,301340903381001000000,"May 30, 2014",Mahesh,Nikhil,nmmahesh@usc.edu,,Mahesh,Nikhil,,nmmahesh@usc.edu,1,ALL DAY Attendee,"Jun 14, 2014 at 8:00 AM",,,Unknown Location,,,,301340903,Free Order,USD,0,0,0,0,0,Attending,eTicket,2707 Portland street apt 213,,Los angeles,CA,90007,US,,,,,,Security in big data,Yes,,,,,,,Student,USC,,,,,,,2134003440,,,
BigDataCamp LA 2014,10564656171,BigDataCamp,347185239,274635185347185000000,"Mar 28, 2014",Patri,Om,ompatri@gmail.com,,Patri,Om,,ompatri@gmail.com,1,ALL DAY Attendee,"Jun 14, 2014 at 8:00 AM",,,"Los Angeles, CA, United States",,,,274635185,Free Order,USD,0,0,0,0,0,Attending,eTicket,,,Los Angeles,CA,90007,US,,,,,,,Yes,,,,,,,PhD Student,USC,,,,,,,,,,
BigDataCamp LA 2014,10564656171,BigDataCamp,343144867,271403787343145000000,"Mar 20, 2014",Singh,Paramjit,paramjitsingh@shopzilla.com,,Singh,Paramjit,,paramjitsingh@shopzilla.com,1,ALL DAY Attendee,"Jun 14, 2014 at 8:00 AM",,,"Los Angeles, CA, United States",,,,271403787,Free Order,USD,0,0,0,0,0,Attending,eTicket,,,,,,US,,,,,,,Yes,,,,,,,Director,Shopzilla,,,,,,,,,,
BigDataCamp LA 2014,10564656171,BigDataCamp,335767885,265456039335768000000,"Mar 7, 2014",Patel,Sagar,patelsagar72@gmail.com,,Patel,Sagar,,patelsagar72@gmail.com,1,ALL DAY Attendee,"Jun 14, 2014 at 8:00 AM",,,Unknown Location,,,,265456039,Free Order,USD,0,0,0,0,0,Attending,eTicket,,,,,,US,,,,,,,,,,,,,,student,UCLA,,,,,,,,,,
BigDataCamp LA 2014,10564656171,BigDataCamp,362467903,286703609362468000000,"Apr 25, 2014",Evans,Paul,paul@daystrom.com,,Evans,Paul,,paul@daystrom.com,1,ALL DAY Attendee,"Jun 14, 2014 at 8:00 AM",,,"San Mateo, CA, United States",,,,286703609,Free Order,USD,0,0,0,0,0,Attending,eTicket,,,,,,US,,,,,,,No,,,,,,,Principal Architect,Daystrom Technology Group,,,,,,,,http://daystrom.com,,
BigDataCamp LA 2014,10564656171,BigDataCamp,376929267,298075035376929000000,"May 21, 2014",pan,jun,pj.osu@hotmail.com,,pan,jun,,pj.osu@hotmail.com,1,AFTERNOON ONLY Attendee (Must arrive after 1:30pm),"Jun 14, 2014 at 8:00 AM",,,"Los Angeles, CA, United States",,,erec,298075035,Free Order,USD,0,0,0,0,0,Attending,eTicket,,,,CA,,US,,,,,,,,,,,,,,graduate,ucla,,,,,,,,,,
BigDataCamp LA 2014,10564656171,BigDataCamp,352130687,278554407352131000000,"Apr 6, 2014",Verma,Ravi,ravi.verma@cmc-americas.com,,Verma,Ravi,,ravi.verma@cmc-americas.com,1,ALL DAY Attendee,"Jun 14, 2014 at 8:00 AM",,,"Diamond Bar, CA, United States",,,,278554407,Free Order,USD,0,0,0,0,0,Attending,eTicket,1038 Grand Ave,Apt# 27M,Diamond Bar,CA,91765,US,,,,,,,Yes,,,,,,,Sr. IT Manager,CMC Americas Inc,,,,,,,,,,
BigDataCamp LA 2014,10564656171,BigDataCamp,374619245,296251355374619000000,"May 17, 2014",Strods,Ray,raymond.strods@belkin.com,,Strods,Ray,,raymond.strods@belkin.com,1,ALL DAY Attendee,"Jun 14, 2014 at 8:00 AM",,,Unknown Location,,,eiosdiscrelearnd,296251355,Free Order,USD,0,0,0,0,0,Attending,eTicket,,,,,,US,,,,,,,No,,,,,,,Product Manager,Belkin,,,,,,,310-751-2824,,,
BigDataCamp LA 2014,10564656171,BigDataCamp,327804565,258975605327804000000,"Feb 23, 2014",Kuo,Rita,ritakuo@gmail.com,,Kuo,Rita,,ritakuo@gmail.com,1,ALL DAY Attendee,"Jun 14, 2014 at 8:00 AM",,,"Arcadia, CA, United States",,,,258975605,Free Order,USD,0,0,0,0,0,Attending,eTicket,,,,,,US,,,,,,,,,,,,,,Database Consultant,self,,,,,,,9494782486,,,
BigDataCamp LA 2014,10564656171,BigDataCamp,375905967,297284573375906000000,"May 20, 2014",Lever,Rebecca,rlever@usspeaking.com,,Lever,Rebecca,,rlever@usspeaking.com,1,ALL DAY Attendee,"Jun 14, 2014 at 8:00 AM",,,"Bedford, United Kingdom",,,es2,297284573,Free Order,USD,0,0,0,0,0,Attending,eTicket,"Knowledge Centre, Great North Road",,Wyboston ,Bedfordshire,MK443BY,GB,,,,,,,No,,,,,,,Business Development Executive,Universally Speaking,,,,,,,+447507 898453,http://www.usspeaking.com,,
BigDataCamp LA 2014,10564656171,BigDataCamp,351967853,278426931351968000000,"Apr 6, 2014",Jain,Sachin,sachin.jain@cmc-americas.com,,Jain,Sachin,,sachin.jain@cmc-americas.com,1,AFTERNOON ONLY Attendee (Must arrive after 1:30pm),"Jun 14, 2014 at 8:00 AM",,,"Mission Viejo, CA, United States",,,,278426931,Free Order,USD,0,0,0,0,0,Attending,eTicket,,,,,,US,,,,,,,Yes,,,,,,,Delivery Manager,CMC Americas Inc.,,,,,,,,,,
BigDataCamp LA 2014,10564656171,BigDataCamp,372565963,294636709372566000000,"May 13, 2014",Strapason,Samantha,samstrapason@gmail.com,,Strapason,Samantha,,samstrapason@gmail.com,1,ALL DAY Attendee,"Jun 14, 2014 at 8:00 AM",,,Unknown Location,,,eiosdiscsear,294636709,Free Order,USD,0,0,0,0,0,Not Attending,eTicket,1242 Wellesley Ave. apt 3,,Los Angeles,CA,90025,US,,,,,,,Yes,,,,,,,Data Scientist,"Elicit, LLC",,,,,,,,,,
BigDataCamp LA 2014,10564656171,BigDataCamp,379659983,300280217379660000000,"May 28, 2014",Katz,Shannah,shannahkatz@gmail.com,,Katz,Shannah,,shannahkatz@gmail.com,1,ALL DAY Attendee,"Jun 14, 2014 at 8:00 AM",,,Unknown Location,,,eiosdiscrelecrbl,300280217,Free Order,USD,0,0,0,0,0,Attending,eTicket,3711 Glendon ave Apt 201,,Los Angeles,CA,90034,US,,,,,,NPD,No,,,,,,,Marketing,Shannah Katz,,,,,,,,http://Shannahkatz.com/,,
BigDataCamp LA 2014,10564656171,BigDataCamp,345996819,273690627345997000000,"Mar 26, 2014",Shen,Andrea,shenandr@gmail.com,,Shen,Andrea,,shenandr@gmail.com,1,ALL DAY Attendee,"Jun 14, 2014 at 8:00 AM",,,"Los Angeles, CA, United States",,,,273690627,Free Order,USD,0,0,0,0,0,Attending,eTicket,,,,,,US,,,,,,,,,,,,,,Information Technology Risk Assurance Staff,Ernst & Young Advisory,,,,,,,,,,
BigDataCamp LA 2014,10564656171,BigDataCamp,348554717,275703677348555000000,"Mar 31, 2014",Ho,Sam,sho@gamefly.com,,Ho,Sam,,sho@gamefly.com,1,ALL DAY Attendee,"Jun 14, 2014 at 8:00 AM",,,"Los Angeles, CA, United States",,,,275703677,Free Order,USD,0,0,0,0,0,Attending,eTicket,,,,,,US,,,,,,,No,,,,,,,Business Analyst,GameFly,,,,,,,,,,
BigDataCamp LA 2014,10564656171,BigDataCamp,376760661,297940121376761000000,"May 21, 2014",Chatterjee,Sourav,sourav.chatterjee@econra.com,,Chatterjee,Sourav,,sourav.chatterjee@econra.com,1,ALL DAY Attendee,"Jun 14, 2014 at 8:00 AM",,,"Los Angeles, CA, United States",,,es2,297940121,Free Order,USD,0,0,0,0,0,Attending,eTicket,,,,CA,,US,,,,,,What Data Is Relevant for Mid-Sized Businesses?,Yes,,,,,,,Principal Economist,EconRA,,,,,,,(424) 229-2630,http://econra.com,http://econra.com/blog/,
BigDataCamp LA 2014,10564656171,BigDataCamp,347221471,274663921347221000000,"Mar 28, 2014",Venkataramanappa,sreenath,srinathv77@gmail.com,,Venkataramanappa,sreenath,,srinathv77@gmail.com,1,ALL DAY Attendee,"Jun 14, 2014 at 8:00 AM",,,"Torrance, CA, United States",,,,274663921,Free Order,USD,0,0,0,0,0,Attending,eTicket,3649 Garnet St Apt 238,,Torrance,,905033353,US,,,,,,,Yes,,,,,,,Architect,Venkataramanappa,,,,,,,3232751841,,,
BigDataCamp LA 2014,10564656171,BigDataCamp,352388889,278758379352389000000,"Apr 7, 2014",SINGIREDDY,SRINIVASA RAO,srinivas.singireddy@cmc-americas.com,,SINGIREDDY,SRINIVASA RAO,,srinivas.singireddy@cmc-americas.com,1,ALL DAY Attendee,"Jun 14, 2014 at 8:00 AM",,,"Carlsbad, CA, United States",,,,278758379,Free Order,USD,0,0,0,0,0,Attending,eTicket,1510 S Melrose Drive,APT 125,VISTA,CA,92081,US,,,,,,Cloud Storage Servers,Yes,,,,,,,Telecom Test Engineer,cmc-americas,,,,,,,,,,
BigDataCamp LA 2014,10564656171,BigDataCamp,342719489,271057567342719000000,"Mar 19, 2014",Marapao,Christine,tintin1880@yahoo.com,,Marapao,Christine,,tintin1880@yahoo.com,1,ALL DAY Attendee,"Jun 14, 2014 at 8:00 AM",,,Unknown Location,,,,271057567,Free Order,USD,0,0,0,0,0,Attending,eTicket,709 toxins drive,unit b,duarte,CA,91010,US,,,,,,,Yes,,,,,,,software engr,cr,,,,,,,,,,
BigDataCamp LA 2014,10564656171,BigDataCamp,377181223,298280887377181000000,"May 22, 2014",Suthichai,Victor,victor.suthichai@gmail.com,,Suthichai,Victor,,victor.suthichai@gmail.com,1,ALL DAY Attendee,"Jun 14, 2014 at 8:00 AM",,,"WA, United States",,,es2,298280887,Free Order,USD,0,0,0,0,0,Attending,eTicket,,,Los Angeles,CA,,US,,,,,,,Yes,,,,,,,Data Scientist,Zynx Health,,,,,,,,,,
BigDataCamp LA 2014,10564656171,BigDataCamp,363291681,287360071363292000000,"Apr 27, 2014",Kohli,Vince ,vince@bizinnovators.com,,Kohli,Vince ,,vince@bizinnovators.com,1,ALL DAY Attendee,"Jun 14, 2014 at 8:00 AM",,,"El Segundo, CA, United States",,,erec,287360071,Free Order,USD,0,0,0,0,0,Attending,eTicket,.sfo,,Los Angeles,CA,95100,US,,,,,,,,,,,,,,Founder and CEO,Biz Innovators,,,,,,,9087231000,http://www.bizinnovators.com,,
BigDataCamp LA 2014,10564656171,BigDataCamp,351209155,277820373351209000000,"Apr 4, 2014",Leibzon,William,william@leibzon.org,,Leibzon,William,,william@leibzon.org,1,AFTERNOON ONLY Attendee (Must arrive after 1:30pm),"Jun 14, 2014 at 8:00 AM",,,"Irvine, CA, United States",,,,277820373,Free Order,USD,0,0,0,0,0,Attending,eTicket,,,,,,US,,,,,,,No,,,,,,,Consultant,self,,,,,,,,,,
BigDataCamp LA 2014,10564656171,BigDataCamp,342066889,270528127342067000000,"Mar 18, 2014",Hu,Yinghua,yinghua.hu@gmail.com,,Hu,Yinghua,,yinghua.hu@gmail.com,1,ALL DAY Attendee,"Jun 14, 2014 at 8:00 AM",,,"Los Angeles, CA, United States",,,,270528127,Free Order,USD,0,0,0,0,0,Attending,eTicket,,,,,,US,,,,,,,No,,,,,,,Senior Data Scientist,Card.com,,,,,,,,,,
BigDataCamp LA 2014,10564656171,BigDataCamp,335627697,265344429335628000000,"Mar 7, 2014",wang,yan,ywangla@gmail.com,,wang,yan,,ywangla@gmail.com,1,ALL DAY Attendee,"Jun 14, 2014 at 8:00 AM",,,"Corona, CA, United States",,,,265344429,Free Order,USD,0,0,0,0,0,Attending,eTicket,,,,,,US,,,,,,,No,,,,,,,student,UCLA,,,,,,,,,,
BigDataCamp LA 2014,10564656171,BigDataCamp,335623589,265341185335624000000,"Mar 7, 2014",Zhang,Jian,zjl.ucla@gmail.com,,Zhang,Jian,,zjl.ucla@gmail.com,1,ALL DAY Attendee,"Jun 14, 2014 at 8:00 AM",,,"Corona, CA, United States",,,,265341185,Free Order,USD,0,0,0,0,0,Attending,eTicket,,,,,,US,,,,,,,Yes,,,,,,,App Dev Const,Kaiser Permanente,,,,,,,,,,
