Event Name,Event ID,Organizer Name,Attendee #,Barcode #,Order Date,Buyer Last Name,Buyer First Name,Buyer Email,Prefix,Last Name,First Name,Suffix,Email,Quantity,Ticket Type,Date Attending,Device #,Check-In Date,IP Location,Discount,Group,Affiliate,Order #,Order Type,Currency,Total Paid,Fees Paid,Eventbrite Fees,Eventbrite Payment Processing,Tax Paid,Attendee Status,Ticket Delivery Method,Home Address 1,Home Address 2,Home City,Home State,Home Zip,Home Country,Home Phone,Cell Phone,Gender,Age,Birth Date,Please suggest a topic for an unconference session,Would you like to receive BigData-related emails from our event sponsors.,Shipping Address 1,Shipping Address 2,Shipping City,Shipping State,Shipping Zip,Shipping Country,Job Title,Company,Work Address 1,Work Address 2,Work City,Work State,Work Zip,Work Country,Work Phone,Website,Blog,Notes
"BigDataCamp DC @GovEA Nov 7, 2011",2073043529,BigDataCamp,60918887,4770964160918887001,"Aug 27, 2011",Radhakrishnan,Jothi,jradhakrishnan@iworkscorp.com,,Radhakrishnan,Jothi,,jradhakrishnan@iworkscorp.com,1,BigDataCamp Attendee,"Nov 7, 2011 at 4:30 PM",,,"Centreville, VA, United States",,,,47709641,Free Order,USD,0.00,0.00,0.00,0.00,0.00,Attending,eTicket,,,,,,,,,,,,,No,,,,,,,Director,iWorks,,,,,,,5714852001,http://www.iworkscorp.com,,
"BigDataCamp DC @GovEA Nov 7, 2011",2073043529,BigDataCamp,61810826,4838133061810826001,"Sep 2, 2011",Banks,Stacey,stacey.banks@oxfordfederal.com,,Banks,Stacey,,stacey.banks@oxfordfederal.com,1,BigDataCamp Attendee,"Nov 7, 2011 at 4:30 PM",,,"Herndon, VA, United States",,,,48381330,Free Order,USD,0.00,0.00,0.00,0.00,0.00,Attending,eTicket,,,,,,,,,,,,,No,,,,,,,CEO,"Oxford Federal, LLC",,,,,,,,http://www.OxfordFederal.com,,
"BigDataCamp DC @GovEA Nov 7, 2011",2073043529,BigDataCamp,62172882,4867156862172882001,"Sep 5, 2011",PHAM,ROBERT,RPHAM2@CSC.COM,,PHAM,ROBERT,,RPHAM2@CSC.COM,1,BigDataCamp Attendee,"Nov 7, 2011 at 4:30 PM",,,"Great Falls, VA, United States",,,,48671568,Free Order,USD,0.00,0.00,0.00,0.00,0.00,Attending,eTicket,,,,,,,,,,,,,No,,,,,,,SOLUTION ARCHITECT,CSC,,,,,,,,,,
"BigDataCamp DC @GovEA Nov 7, 2011",2073043529,BigDataCamp,62395332,4885013862395332001,"Sep 6, 2011",Nanduri,Srini,snanduri@gmail.com,,Nanduri,Srini,,snanduri@gmail.com,1,BigDataCamp Attendee,"Nov 7, 2011 at 4:30 PM",,,"Cary, NC, United States",,,,48850138,Free Order,USD,0.00,0.00,0.00,0.00,0.00,Attending,eTicket,,,,,,,,,,,,,Yes,,,,,,,Manager,Cisco Systems,,,,,,,,,,
"BigDataCamp DC @GovEA Nov 7, 2011",2073043529,BigDataCamp,63151978,4945805863151978001,"Sep 10, 2011",Ahmad,Fowad,fowad@live.in,,Ahmad,Fowad,,fowad@live.in,1,BigDataCamp Attendee,"Nov 7, 2011 at 4:30 PM",,,Netherlands,,,eorg,49458058,Free Order,USD,0.00,0.00,0.00,0.00,0.00,Attending,eTicket,,,,,,,,,,,,Cloud Computing,Yes,,,,,,,Student,"Integral University,Lucknow",,,,,,,9807705909,,,
"BigDataCamp DC @GovEA Nov 7, 2011",2073043529,BigDataCamp,66458594,5208188266458594001,"Sep 28, 2011",Sheldon,Pete,pete@basho.com,,Sheldon,Pete,,pete@basho.com,1,BigDataCamp Attendee,"Nov 7, 2011 at 4:30 PM",,,"Bethesda, MD, United States",,,auto,52081882,Free Order,USD,0.00,0.00,0.00,0.00,0.00,Attending,eTicket,,,,,,,,,,,,,Yes,,,,,,,Director,Basho,,,,,,,571-969-9643,http://www.basho.com,,
"BigDataCamp DC @GovEA Nov 7, 2011",2073043529,BigDataCamp,66473052,5209252466473052001,"Sep 28, 2011",Bugge,Vincent,vin@basho.com,,Bugge,Vincent,,vin@basho.com,1,BigDataCamp Attendee,"Nov 7, 2011 at 4:30 PM",,,"Bethesda, MD, United States",,,auto,52092524,Free Order,USD,0.00,0.00,0.00,0.00,0.00,Attending,eTicket,,,,,,,,,,,,,Yes,,,,,,,VP Professional Services,Basho Technologies,,,,,,,703-904-4378,http://basho.com,,
