Event Name,Event ID,Organizer Name,Attendee #,Barcode #,Order Date,Buyer Last Name,Buyer First Name,Buyer Email,Prefix,Last Name,First Name,Suffix,Email,Quantity,Ticket Type,Date Attending,Device #,Check-In Date,IP Location,Discount,Group,Affiliate,Order #,Order Type,Currency,Total Paid,Fees Paid,Eventbrite Fees,Eventbrite Payment Processing,Tax Paid,Attendee Status,Ticket Delivery Method,Home Address 1,Home Address 2,Home City,Home State,Home Zip,Home Country,Home Phone,Cell Phone,Gender,Age,Birth Date,Please suggest a topic for an unconference session,Would you like to receive BigData-related emails from our event sponsors.,Shipping Address 1,Shipping Address 2,Shipping City,Shipping State,Shipping Zip,Shipping Country,Job Title,Company,Work Address 1,Work Address 2,Work City,Work State,Work Zip,Work Country,Work Phone,Website,Blog,Notes
"BigDataCamp @CloudExpo - Nov 6, 2012",4553678174,BigDataCamp,146605472,114643708146605472001,"Oct 9, 2012",Pen,Ravi,junk_msg@yahoo.com,,Pen,Ravi,,junk_msg@yahoo.com,1,Attendee,"Nov 6, 2012 at 6:00 PM",,,"Sunnyvale, CA, United States",,,cloudexpo,114643708,Free Order,USD,0.00,0.00,0.00,0.00,0.00,Attending,eTicket,,,,CA,,US,,,,,,,,,,,,,,Dev,Self,,,,,,,,,,
"BigDataCamp @CloudExpo - Nov 6, 2012",4553678174,BigDataCamp,147633634,115428968147633634001,"Oct 12, 2012",Yamanoor,Srihari,yamanoor@gmail.com,,Yamanoor,Srihari,,yamanoor@gmail.com,1,Attendee,"Nov 6, 2012 at 6:00 PM",,,"San Jose, CA, United States",,,es2,115428968,Free Order,USD,0.00,0.00,0.00,0.00,0.00,Attending,eTicket,"142-A, North 9th Street",,San Jose,CA,95112,US,,,,,,,Yes,,,,,,,Co-founder,DesignAbly,,,,,,,6503871207,,,
"BigDataCamp @CloudExpo - Nov 6, 2012",4553678174,BigDataCamp,147765622,115526354147765622001,"Oct 12, 2012",Lee,Isa,the.sf.isa@gmail.com,,Lee,Isa,,the.sf.isa@gmail.com,1,Attendee,"Nov 6, 2012 at 6:00 PM",,,Unknown Location,,,es2,115526354,Free Order,USD,0.00,0.00,0.00,0.00,0.00,Attending,eTicket,,,Sf,CA,,US,,,,,,,Yes,,,,,,,Entrepreneur,Self,,,,,,,-,http://Eventbrite.com/,,
"BigDataCamp @CloudExpo - Nov 6, 2012",4553678174,BigDataCamp,147813760,115559714147813760001,"Oct 12, 2012",Ilano,Romy,romy.ilano@gmail.com,,Ilano,Romy,,romy.ilano@gmail.com,1,Attendee,"Nov 6, 2012 at 6:00 PM",,,"San Francisco, CA, United States",,,es2,115559714,Free Order,USD,0.00,0.00,0.00,0.00,0.00,Attending,eTicket,,,,CA,95126,US,,,,,,,,,,,,,,Founder,Snowyla,,,,,,,,,,
"BigDataCamp @CloudExpo - Nov 6, 2012",4553678174,BigDataCamp,147895864,115621446147895864001,"Oct 12, 2012",Lindahl,Greg,greg@blekko.com,,Lindahl,Greg,,greg@blekko.com,1,Attendee,"Nov 6, 2012 at 6:00 PM",,,"Mountain View, CA, United States",,,es2,115621446,Free Order,USD,0.00,0.00,0.00,0.00,0.00,Attending,eTicket,,,,CA,,US,,,,,,,No,,,,,,,CTO,blekko,,,,,,,,https://blekko.com/,,
"BigDataCamp @CloudExpo - Nov 6, 2012",4553678174,BigDataCamp,147958438,115670612147958438001,"Oct 13, 2012",Per,Pete,petep2001@gmail.com,,Per,Pete,,petep2001@gmail.com,1,Attendee,"Nov 6, 2012 at 6:00 PM",,,United States,,,es2,115670612,Free Order,USD,0.00,0.00,0.00,0.00,0.00,Attending,eTicket,,,,CA,,US,,,,,,,No,,,,,,,CEO,CloubrAIn,,,,,,,,,,
"BigDataCamp @CloudExpo - Nov 6, 2012",4553678174,BigDataCamp,148131510,115797012148131510001,"Oct 13, 2012",Shroff,Sanjay,sshroff@gmail.com,,Shroff,Sanjay,,sshroff@gmail.com,1,Attendee,"Nov 6, 2012 at 6:00 PM",,,"Santa Clara, CA, United States",,,es2,115797012,Free Order,USD,0.00,0.00,0.00,0.00,0.00,Attending,eTicket,,,,CA,,US,,,,,,,Yes,,,,,,,Architect,AZ,,,,,,,4086005211,http://www.shroff.ca,,
"BigDataCamp @CloudExpo - Nov 6, 2012",4553678174,BigDataCamp,149264648,116681916149264648001,"Oct 16, 2012",Boora,Satya,spboora@gmail.com,,Boora,Satya,,spboora@gmail.com,1,Attendee,"Nov 6, 2012 at 6:00 PM",,,Unknown Location,,,eios,116681916,Free Order,USD,0.00,0.00,0.00,0.00,0.00,Attending,eTicket,,,,,,US,,,,,,,,,,,,,,Software engineer,Branchout,,,,,,,,,,
"BigDataCamp @CloudExpo - Nov 6, 2012",4553678174,BigDataCamp,149606604,116947286149606604001,"Oct 17, 2012",Mirhosseini,Reza,rezaa_mir@yahoo.com,,Mirhosseini,Reza,,rezaa_mir@yahoo.com,1,Attendee,"Nov 6, 2012 at 6:00 PM",,,"Sunnyvale, CA, United States",,,es2,116947286,Free Order,USD,0.00,0.00,0.00,0.00,0.00,Attending,eTicket,,,,CA,,US,,,,,,,,,,,,,,Researcher,NICTA,,,,,,,,,,
"BigDataCamp @CloudExpo - Nov 6, 2012",4553678174,BigDataCamp,149606810,116947468149606810001,"Oct 17, 2012",Chen,Catherine,catherine_y_chen@yahoo.com,,Chen,Catherine,,catherine_y_chen@yahoo.com,1,Attendee,"Nov 6, 2012 at 6:00 PM",,,"Sunnyvale, CA, United States",,,,116947468,Free Order,USD,0.00,0.00,0.00,0.00,0.00,Attending,eTicket,,,,CA,,US,,,,,,,No,,,,,,,Reseacher,NICTA,,,,,,,,,,
"BigDataCamp @CloudExpo - Nov 6, 2012",4553678174,BigDataCamp,150046686,117284532150046686001,"Oct 18, 2012",Desai,Paresh,pareshdesai@yahoo.com,,Desai,Paresh,,pareshdesai@yahoo.com,1,Attendee,"Nov 6, 2012 at 6:00 PM",,,"San Jose, CA, United States",,,cloudexpo,117284532,Free Order,USD,0.00,0.00,0.00,0.00,0.00,Attending,eTicket,,,,CA,,US,,,,,,Key innovation challenges in big data technology,No,,,,,,,Software Manager,Self,,,,,,,,None,None,
"BigDataCamp @CloudExpo - Nov 6, 2012",4553678174,BigDataCamp,150132860,117349102150132860001,"Oct 19, 2012",Z,Ed,brandy2009@163.com,,Z,Ed,,brandy2009@163.com,1,Attendee,"Nov 6, 2012 at 6:00 PM",,,"Fremont, CA, United States",,,es2,117349102,Free Order,USD,0.00,0.00,0.00,0.00,0.00,Attending,eTicket,,,,CA,,US,,,,,,,,,,,,,,Labor,HIA,,,,,,,,,,
"BigDataCamp @CloudExpo - Nov 6, 2012",4553678174,BigDataCamp,150389794,117540882150389794001,"Oct 19, 2012",Ng,Kenneth,ngKenneth@gmail.com,,Ng,Kenneth,,ngKenneth@gmail.com,1,Attendee,"Nov 6, 2012 at 6:00 PM",,,"Mountain View, CA, United States",,,erec2,117540882,Free Order,USD,0.00,0.00,0.00,0.00,0.00,Attending,eTicket,,,,CA,94080,US,,,,,,,,,,,,,,lead developer,open medicine,,,,,,,,http://www.openmednet.org/,,
"BigDataCamp @CloudExpo - Nov 6, 2012",4553678174,BigDataCamp,151140527,118114449151140527001,"Oct 22, 2012",Soni,Anurag,silvimasss@gmail.com,,Soni,Anurag,,silvimasss@gmail.com,1,Attendee,"Nov 6, 2012 at 6:00 PM",,,"Santa Clara, CA, United States",,,erec3,118114449,Free Order,USD,0.00,0.00,0.00,0.00,0.00,Attending,eTicket,,,,CA,94087,US,,,,,,,,,,,,,,Sr S/W Engineer,McAfee,,,,,,,,http://mcafee.com,http://siblog.mcafee.com/,
"BigDataCamp @CloudExpo - Nov 6, 2012",4553678174,BigDataCamp,151175847,118139601151175847001,"Oct 22, 2012",dijmarescu,sebastian,sdijmarescu@yahoo.com,,dijmarescu,sebastian,,sdijmarescu@yahoo.com,1,Attendee,"Nov 6, 2012 at 6:00 PM",,,"Cupertino, CA, United States",,,eventful,118139601,Free Order,USD,0.00,0.00,0.00,0.00,0.00,Attending,eTicket,,,,CA,,US,,,,,,,No,,,,,,,CEO,zynnis,,,,,,,,http://www.zynnis.com,,
"BigDataCamp @CloudExpo - Nov 6, 2012",4553678174,BigDataCamp,151275573,118213609151275573001,"Oct 22, 2012",Ramaswamy,Krishnan,krramasw@cisco.com,,Ramaswamy,Krishnan,,krramasw@cisco.com,1,Attendee,"Nov 6, 2012 at 6:00 PM",,,"San Jose, CA, United States",,,cloudexpo,118213609,Free Order,USD,0.00,0.00,0.00,0.00,0.00,Attending,eTicket,3718 Angus Way,,Pleasanton,CA,94588,US,,,,,,,No,,,,,,,Technical Leader,Cisco,,,,,,,,,,
"BigDataCamp @CloudExpo - Nov 6, 2012",4553678174,BigDataCamp,152248893,118893395152248893001,"Oct 24, 2012",Durairaj,Vivek,dkeviv@gmail.com,,Durairaj,Vivek,,dkeviv@gmail.com,1,Attendee,"Nov 6, 2012 at 6:00 PM",,,Unknown Location,,,eios,118893395,Free Order,USD,0.00,0.00,0.00,0.00,0.00,Attending,eTicket,,,,,,US,,,,,,,,,,,,,,Product marketing,Nu mind,,,,,,,,,,
"BigDataCamp @CloudExpo - Nov 6, 2012",4553678174,BigDataCamp,152787535,119281929152787535001,"Oct 25, 2012",Imtiyaz,Mahboob,imtiyaz.mahboob@gmail.com,,Imtiyaz,Mahboob,,imtiyaz.mahboob@gmail.com,1,Attendee,"Nov 6, 2012 at 6:00 PM",,,"Bangalore, India",,,es2,119281929,Free Order,USD,0.00,0.00,0.00,0.00,0.00,Attending,eTicket,,,,CA,,US,,,,,,,Yes,,,,,,,Founder,Bioflukes,,,,,,,,http://www.bioflukes.com,,
"BigDataCamp @CloudExpo - Nov 6, 2012",4553678174,BigDataCamp,152802801,119294017152802801001,"Oct 25, 2012",Kasturi,N,narsim2412@yahoo.com,,Kasturi,N,,narsim2412@yahoo.com,1,Attendee,"Nov 6, 2012 at 6:00 PM",,,"Santa Clara, CA, United States",,,cloudexpo,119294017,Free Order,USD,0.00,0.00,0.00,0.00,0.00,Attending,eTicket,,,,CA,,US,,,,,,,,,,,,,,VP,BigDataStartup,,,,,,,,,,
"BigDataCamp @CloudExpo - Nov 6, 2012",4553678174,BigDataCamp,153430883,119731409153430883001,"Oct 27, 2012",Talari,Malli,tmrao2@yahoo.com,,Talari,Malli,,tmrao2@yahoo.com,1,Attendee,"Nov 6, 2012 at 6:00 PM",,,Unknown Location,,,eios,119731409,Free Order,USD,0.00,0.00,0.00,0.00,0.00,Attending,eTicket,,,,,,US,,,,,,,Yes,,,,,,,Software consultant,Etrade,,,,,,,,,,
"BigDataCamp @CloudExpo - Nov 6, 2012",4553678174,BigDataCamp,154115599,120222571154115599001,"Oct 30, 2012",Ewe,Kevin,kevinewe.online@gmail.com,,Ewe,Kevin,,kevinewe.online@gmail.com,1,Attendee,"Nov 6, 2012 at 6:00 PM",,,"San Jose, CA, United States",,,eorgf,120222571,Free Order,USD,0.00,0.00,0.00,0.00,0.00,Attending,eTicket,,,,CA,,US,,,,,,,No,,,,,,,Software developer,freelance,,,,,,,,,,
"BigDataCamp @CloudExpo - Nov 6, 2012",4553678174,BigDataCamp,154297975,120346951154297975001,"Oct 30, 2012",Chad,Ram,C.ramasamy@gmail.com,,Chad,Ram,,C.ramasamy@gmail.com,1,Attendee,"Nov 6, 2012 at 6:00 PM",,,"Mountain View, CA, United States",,,erec3,120346951,Free Order,USD,0.00,0.00,0.00,0.00,0.00,Attending,eTicket,,,,CA,95051,US,,,,,,,No,,,,,,,CEO,ValueLinked,,,,,,,,,,
"BigDataCamp @CloudExpo - Nov 6, 2012",4553678174,BigDataCamp,154774973,120697867154774973001,"Oct 31, 2012",Mude,Meg,meg.mude@gmail.com,,Mude,Meg,,meg.mude@gmail.com,1,Attendee,"Nov 6, 2012 at 6:00 PM",,,"Santa Clara, CA, United States",,,es2,120697867,Free Order,USD,0.00,0.00,0.00,0.00,0.00,Attending,eTicket,2050 Royal Drive ,,Santa Clara ,CA,9505,US,,,,,,Intersection of Statistics and Hadoop. ,Yes,,,,,,,"Director, Consulting ",Stealth Start up ,,,,,,,917 406 4496,,,
"BigDataCamp @CloudExpo - Nov 6, 2012",4553678174,BigDataCamp,155674703,121298207155674703001,"Nov 2, 2012",Barrios,Craig,ag4aggs@gmail.com,,Barrios,Craig,,ag4aggs@gmail.com,1,Attendee,"Nov 6, 2012 at 6:00 PM",,,"Burlingame, CA, United States",,,es2,121298207,Free Order,USD,0.00,0.00,0.00,0.00,0.00,Attending,eTicket,,,San Mateo,CA,,US,,,,,,HBase vs Cassandra vs Columnar (split as needed based upon attendance by those with Production or late stage Dev experience),Yes,,,,,,,BI Lead,--,,,,,,,,,,
"BigDataCamp @CloudExpo - Nov 6, 2012",4553678174,BigDataCamp,154415539,120432953154415539001,"Oct 30, 2012",Chiang,Hann,hanncx@gmail.com,,Chiang,Hann,,hanncx@gmail.com,1,Attendee,"Nov 6, 2012 at 6:00 PM",,,Unknown Location,,,eios,120432953,Free Order,USD,0.00,0.00,0.00,0.00,0.00,Not Attending,eTicket,,,,,,US,,,,,,,No,,,,,,,Dev,Momenton,,,,,,,,,,
"BigDataCamp @CloudExpo - Nov 6, 2012",4553678174,BigDataCamp,156725227,122023305156725227001,"Nov 5, 2012",Kesavan,Sean,sean@asacomputers.com,,Kesavan,Sean,,sean@asacomputers.com,1,Attendee,"Nov 6, 2012 at 6:00 PM",,,"Mountain View, CA, United States",,,eac2,122023305,Free Order,USD,0.00,0.00,0.00,0.00,0.00,Attending,eTicket,,,,CA,,US,,,,,,,,,,,,,,Systems Engineer,ASA Computers Inc,,,,,,,,,,
"BigDataCamp @CloudExpo - Nov 6, 2012",4553678174,BigDataCamp,156765141,122055691156765141001,"Nov 5, 2012",Masud,Sajjad,smasud@simplicant.com,,Masud,Sajjad,,smasud@simplicant.com,1,Attendee,"Nov 6, 2012 at 6:00 PM",,,"San Carlos, CA, United States",,,es2,122055691,Free Order,USD,0.00,0.00,0.00,0.00,0.00,Attending,eTicket,,,,,,US,,,,,,,,,,,,,,Co-Founder,Simplicant,,,,,,,,,,
"BigDataCamp @CloudExpo - Nov 6, 2012",4553678174,BigDataCamp,157071307,122304119157071307001,"Nov 6, 2012",Chitalia,Harshit,h.chitalia007@gmail.com,,Chitalia,Harshit,,h.chitalia007@gmail.com,1,Attendee,"Nov 6, 2012 at 6:00 PM",,,"San Jose, CA, United States",,,es2,122304119,Free Order,USD,0.00,0.00,0.00,0.00,0.00,Attending,eTicket,2795 Penitencia Creek Road,,San Jose,CA,95132,US,,,,,,,,,,,,,,Software Engineer,Cisco Systems,,,,,,,,,,
