Order #,Event Name,Event ID,Organizer Name,Attendee #,Barcode #,Order Date,Buyer Last Name,Buyer First Name,Buyer Email,Prefix,Last Name,First Name,Suffix,Email,Quantity,Ticket Type,Date Attending,Device #,Check-In Date,IP Location,Discount,Group,Affiliate,Order Type,Currency,Total Paid,Fees Paid,Eventbrite Fees,Eventbrite Payment Processing,Tax Paid,Attendee Status,Ticket Delivery Method,Home Address 1,Home Address 2,Home City,Home State,Home Zip,Home Country,Home Phone,Cell Phone,Gender,Age,Birth Date,What topics are you interested in?,Would you like to receive Ops-related information from our sponsors?,Shipping Address 1,Shipping Address 2,Shipping City,Shipping State,Shipping Zip,Shipping Country,Job Title,Company,Work Address 1,Work Address 2,Work City,Work State,Work Zip,Work Country,Work Phone,Website,Blog,Notes
37197193,"DevOps Workshop Atlanta, May 16, 2011",1632225029,DevOps Workshop,47834645,3719719347834640000,"May 12, 2011",Taliercio,Anthony,ataliercio@peer1.com,,Taliercio,Anthony,,ataliercio@peer1.com,1,Attendee,"May 16, 2011 at 1:00 PM",,,"Alpharetta, GA, United States",,,,Free Order,USD,0,0,0,0,0,Attending,eTicket,,,,,,,,,,,,development lifecycle,Yes,,,,,,,Account Manager,PEER 1 Hosting,,,,,,,,http://www.peer1.com,http://www.anthonyt.com,
37295127,"DevOps Workshop Atlanta, May 16, 2011",1632225029,DevOps Workshop,47952461,3729512747952460000,"May 13, 2011",Whitaker,Ben,benw@internap.com,,Whitaker,Ben,,benw@internap.com,1,Attendee,"May 16, 2011 at 1:00 PM",,,"Atlanta, GA, United States",,,,Free Order,USD,0,0,0,0,0,Attending,eTicket,,,,,,,,,,,,"Automation, Measurements",Yes,,,,,,,Engineer,Internap,,,,,,,,http://www.internap.com,,
37553251,"DevOps Workshop Atlanta, May 16, 2011",1632225029,DevOps Workshop,48241345,3755325148241340000,"May 15, 2011",Baker,Charles,charleshbaker@gmail.com,,Baker,Charles,,charleshbaker@gmail.com,1,Attendee with donation,"May 16, 2011 at 1:00 PM",,,"Greenville, SC, United States",,,,Abandoned,USD,21.49,1.49,1.49,0,0,Abandoned,eTicket,,,,,,,,,,,,"automation, configuration management, organizational change",Yes,,,,,,,Op Sys Programmer II,Windstream Communications,,,,,,,,http://www.windstream.com/,,
37270589,"DevOps Workshop Atlanta, May 16, 2011",1632225029,DevOps Workshop,47922005,3727058947922000000,"May 13, 2011",Rosenblath,Coty,crosenblath@revenuemed.com,,Rosenblath,Coty,,crosenblath@revenuemed.com,1,Attendee,"May 16, 2011 at 1:00 PM",,,"Canton, GA, United States",,,,Free Order,USD,0,0,0,0,0,Attending,eTicket,,,,,,,,,,,,Monitoring--particularly security and performance,Yes,,,,,,,CTO,"RevenueMed, Inc.",,,,,,,,http://www.revenuemed.com,http://twitter.com/coty,
36183719,"DevOps Workshop Atlanta, May 16, 2011",1632225029,DevOps Workshop,46587259,3618371946587260000,"May 4, 2011",Edwards,Damon,damon@dtosolutions.com,,Edwards,Damon,,damon@dtosolutions.com,1,Attendee,"May 16, 2011 at 1:00 PM",,,"Oakland, CA, United States",,,,Free Order,USD,0,0,0,0,0,Attending,eTicket,,,,,,,,,,,,Removing bottlenecks and inefficiencies.  Process and tooling best practices.,Yes,,,,,,,,,,,,,,,,,,
37103639,"DevOps Workshop Atlanta, May 16, 2011",1632225029,DevOps Workshop,47722883,3710363947722880000,"May 12, 2011",Nemec,Dan,dnemec@silverpop.com,,Nemec,Dan,,dnemec@silverpop.com,1,Attendee,"May 16, 2011 at 1:00 PM",,,"Littleton, CO, United States",,,,Free Order,USD,0,0,0,0,0,Attending,eTicket,,,,,,,,,,,,All,Yes,,,,,,,Solution Architect,Silverpop,,,,,,,,http://silverpop.com,http://blog.geeksgonemad.com,
36713361,"DevOps Workshop Atlanta, May 16, 2011",1632225029,DevOps Workshop,47255541,3671336147255540000,"May 9, 2011",Nielsen,Dave,dnielsen@gmail.com,,Nielsen,Dave,,dnielsen@gmail.com,1,Attendee,"May 16, 2011 at 1:00 PM",,,"Mountain View, CA, United States",,,,Free Order,USD,0,0,0,0,0,Attending,eTicket,,,,,,,,,,,,what are others interested in?,Yes,,,,,,,Co-founder,CloudCamp,,,,,,,,http://www.cloudcamp.org,http://twitter.com/davenielsen,
37084303,"DevOps Workshop Atlanta, May 16, 2011",1632225029,DevOps Workshop,47699767,3708430347699770000,"May 12, 2011",Afgan,Enis,eafgan@emory.edu,,Afgan,Enis,,eafgan@emory.edu,1,Attendee,"May 16, 2011 at 1:00 PM",,,"Atlanta, GA, United States",,,,Free Order,USD,0,0,0,0,0,Attending,eTicket,,,,,,,,,,,,"Portability of cloud applications, cloud application reliability/ease of development. ",No,,,,,,,Research assistant,Emory University,,,,,,,,http://usegalaxy.org,,
37255423,"DevOps Workshop Atlanta, May 16, 2011",1632225029,DevOps Workshop,47903379,3725542347903380000,"May 13, 2011",Winter,Eric,elmoakmaple@yahoo.com,,Winter,Eric,,elmoakmaple@yahoo.com,1,Attendee,"May 16, 2011 at 1:00 PM",,,"Marietta, GA, United States",,,,Free Order,USD,0,0,0,0,0,Attending,eTicket,,,,,,,,,,,,OpenStack,Yes,,,,,,,Principal,"Webicus, LLC",,,,,,,,http://webicus.com,,
37081677,"DevOps Workshop Atlanta, May 16, 2011",1632225029,DevOps Workshop,47696683,3708167747696680000,"May 12, 2011",Boyd,Eric D.,eric@ericdboyd.com,,Boyd,Eric D.,,eric@ericdboyd.com,1,Attendee,"May 16, 2011 at 1:00 PM",,,"Racine, WI, United States",,,,Free Order,USD,0,0,0,0,0,Attending,eTicket,,,,,,,,,,,,"Cloud impact on IT
Vision of the DevOps role",Yes,,,,,,,"Director, Chicago + Cloud Practice",Centare,,,,,,,,http://ericdboyd.com,http://ericdboyd.com,
37244317,"DevOps Workshop Atlanta, May 16, 2011",1632225029,DevOps Workshop,47890057,3724431747890060000,"May 13, 2011",Leggett,Jeff,hikerguy@jeffleggett.com,,Leggett,Jeff,,hikerguy@jeffleggett.com,1,Attendee,"May 16, 2011 at 1:00 PM",,,"Cumming, GA, United States",,,,Free Order,USD,0,0,0,0,0,Attending,eTicket,,,,,,,,,,,,"Chef/puppet, conf mgt",No,,,,,,,Sr Security Architect,Worldpay US,,,,,,,,,,
37221329,"DevOps Workshop Atlanta, May 16, 2011",1632225029,DevOps Workshop,47863109,3722132947863110000,"May 12, 2011",Woodley,Darren,hodgechen@gmail.com,,Woodley,Darren,,hodgechen@gmail.com,1,Attendee,"May 16, 2011 at 1:00 PM",,,"Marietta, GA, United States",,,,Free Order,USD,0,0,0,0,0,Attending,eTicket,,,,,,,,,,,,"private cloud deployment, configuration management",No,,,,,,,,,,,,,,,,,,
37173057,"DevOps Workshop Atlanta, May 16, 2011",1632225029,DevOps Workshop,47805879,3717305747805880000,"May 12, 2011",Karnes,John,jkarnes@gmail.com,,Karnes,John,,jkarnes@gmail.com,1,Attendee,"May 16, 2011 at 1:00 PM",,,"Littleton, CO, United States",,,,Free Order,USD,0,0,0,0,0,Attending,eTicket,,,,,,,,,,,,devops,No,,,,,,,Senior Manager - Applicaiton Support,Silverpop,,,,,,,,http://www.silverpop.com/,,
37263749,"DevOps Workshop Atlanta, May 16, 2011",1632225029,DevOps Workshop,47913355,3726374947913360000,"May 13, 2011",Koch,Bill ,kochwe@gmail.com,,Koch,Bill ,,kochwe@gmail.com,1,Attendee,"May 16, 2011 at 1:00 PM",,,"Dublin, GA, United States",,,,Free Order,USD,0,0,0,0,0,Attending,eTicket,,,,,,,,,,,,"DevOps Automation
DevOps Measurement",No,,,,,,,,,,,,,,,,,,
36995145,"DevOps Workshop Atlanta, May 16, 2011",1632225029,DevOps Workshop,47593431,3699514547593430000,"May 11, 2011",Carvalho,Larry,larrycincy@gmail.com,,Carvalho,Larry,,larrycincy@gmail.com,1,Attendee,"May 16, 2011 at 1:00 PM",,,"Milford, OH, United States",,,,Free Order,USD,0,0,0,0,0,Attending,eTicket,,,,,,,,,,,,Ease of IT operation by removing silo's between dev and ops,No,,,,,,,,RobustCloud,,,,,,,,http://www.robustcloud.com,http://robustcloud.ulitzer.com/,
37251341,"DevOps Workshop Atlanta, May 16, 2011",1632225029,DevOps Workshop,47898427,3725134147898430000,"May 13, 2011",Snyder,Mei,mei.g.snyder@gmail.com,,Snyder,Mei,,mei.g.snyder@gmail.com,1,Attendee,"May 16, 2011 at 1:00 PM",,,"Alpharetta, GA, United States",,,,Free Order,USD,0,0,0,0,0,Attending,eTicket,,,,,,,,,,,,Silverlight,Yes,,,,,,,.Net developer,TMX Financial,,,,,,,,,,
37221017,"DevOps Workshop Atlanta, May 16, 2011",1632225029,DevOps Workshop,47862739,3722101747862740000,"May 12, 2011",Chang,Mick,mickyychang@yahoo.com,,Chang,Mick,,mickyychang@yahoo.com,1,Attendee,"May 16, 2011 at 1:00 PM",,,"Alpharetta, GA, United States",,,,Free Order,USD,0,0,0,0,0,Attending,eTicket,,,,,,,,,,,,DevOp process and tools.,No,,,,,,,,,,,,,,,,,,
37245807,"DevOps Workshop Atlanta, May 16, 2011",1632225029,DevOps Workshop,47891763,3724580747891760000,"May 13, 2011",Parks,Mike,mike3889@gmail.com,,Parks,Mike,,mike3889@gmail.com,1,Attendee,"May 16, 2011 at 1:00 PM",,,"Atlanta, GA, United States",,,,Free Order,USD,0,0,0,0,0,Attending,eTicket,,,,,,,,,,,,Cloud computing,No,,,,,,,Technology Development Specialist,Georgia Tech,,,,,,,,http://innovate.gatech.edu,http://michaelwparks.com,
37621809,"DevOps Workshop Atlanta, May 16, 2011",1632225029,DevOps Workshop,48323109,3762180948323110000,"May 16, 2011",Simpson,Matt,msimpson@vitrue.com,,Simpson,Matt,,msimpson@vitrue.com,1,Attendee,"May 16, 2011 at 1:00 PM",,,"Atlanta, GA, United States",,,,Free Order,USD,0,0,0,0,0,Attending,eTicket,,,,,,,,,,,,Devops Management,Yes,,,,,,,Engineer,Vitrue,,,,,,,,http://www.vitrue.com,,
37218463,"DevOps Workshop Atlanta, May 16, 2011",1632225029,DevOps Workshop,47859625,3721846347859620000,"May 12, 2011",Wells,Randy,randy.wells@d-butler.com,,Attend,Unable to,,randy.wells@d-butler.com,1,Attendee,"May 16, 2011 at 1:00 PM",,,"Ball Ground, GA, United States",,,,Free Order,USD,0,0,0,0,0,Attending,eTicket,,,,,,,,,,,,Unable to attend due to deadline.,Yes,,,,,,,Software Engineer,,,,,,,,,http://d-butler.com,,
37217589,"DevOps Workshop Atlanta, May 16, 2011",1632225029,DevOps Workshop,47858585,3721758947858590000,"May 12, 2011",Dengler,Sam,samdengler@gmail.com,,Dengler,Sam,,samdengler@gmail.com,1,Attendee,"May 16, 2011 at 1:00 PM",,,"Atlanta, GA, United States",,,,Free Order,USD,0,0,0,0,0,Attending,eTicket,,,,,,,,,,,,"DevOps Culture
DevOps Automation",Yes,,,,,,,Sr Software Developer,Turner Broadcasting,,,,,,,,,,
37270039,"DevOps Workshop Atlanta, May 16, 2011",1632225029,DevOps Workshop,47921335,3727003947921340000,"May 13, 2011",Vanderbleek,Sandy,sandy.vanderbleek@gmail.com,,Vanderbleek,Sandy,,sandy.vanderbleek@gmail.com,1,Attendee,"May 16, 2011 at 1:00 PM",,,"Atlanta, GA, United States",,,,Free Order,USD,0,0,0,0,0,Attending,eTicket,,,,,,,,,,,,Automating scaling for deployments,No,,,,,,,Software Engineer,Vitrue,,,,,,,,,,
37220993,"DevOps Workshop Atlanta, May 16, 2011",1632225029,DevOps Workshop,47862713,3722099347862710000,"May 12, 2011",Mallik,Stephen,smallik@transacxion.com,,Mallik,Stephen,,smallik@transacxion.com,1,Attendee,"May 16, 2011 at 1:00 PM",,,"Alpharetta, GA, United States",,,,Free Order,USD,0,0,0,0,0,Attending,eTicket,,,,,,,,,,,,Mostly to Network and meet like minded people,No,,,,,,,CTO,Transacxion Technoloyg Corp,,,,,,,,http://www.transacxion.com,http://www.middlem.com,
37079859,"DevOps Workshop Atlanta, May 16, 2011",1632225029,DevOps Workshop,47694351,3707985947694350000,"May 12, 2011",Banks,Taylor,Taylor@KnowThreat.net,,Banks,Taylor,,Taylor@KnowThreat.net,1,Attendee,"May 16, 2011 at 1:00 PM",,,"Decatur, GA, United States",,,,Free Order,USD,0,0,0,0,0,Attending,eTicket,,,,,,,,,,,,"Collaboration, integration, automation",No,,,,,,,,KnowThreat,,,,,,,,http://knowthreat.net,,
37242697,"DevOps Workshop Atlanta, May 16, 2011",1632225029,DevOps Workshop,47888255,3724269747888260000,"May 13, 2011",Starling,Timothy,timostar@att.net,,Starling,Timothy,,timostar@att.net,1,Attendee,"May 16, 2011 at 1:00 PM",,,United States,,,,Free Order,USD,0,0,0,0,0,Attending,eTicket,,,,,,,,,,,,"Continuos Integration, Continuos Deployment, Project Mana",No,,,,,,,PM,SDi,,,,,,,,,,
37104253,"DevOps Workshop Atlanta, May 16, 2011",1632225029,DevOps Workshop,47723761,3710425347723760000,"May 12, 2011",Chen,Hui,xtchenhui@gmail.com,,Chen,Hui,,xtchenhui@gmail.com,1,Attendee,"May 16, 2011 at 1:00 PM",,,"Stone Mountain, GA, United States",,,,Free Order,USD,0,0,0,0,0,Attending,eTicket,,,,,,,,,,,,platform development in cloud computing,No,,,,,,,,,,,,,,,,,,
36894945,"DevOps Workshop Atlanta, May 16, 2011",1632225029,DevOps Workshop,47478213,3689494547478210000,"May 11, 2011",Chou,Yung,yung.chou@microsoft.com,,Chou,Yung,,yung.chou@microsoft.com,1,Attendee,"May 16, 2011 at 1:00 PM",,,"Matthews, NC, United States",,,,Free Order,USD,0,0,0,0,0,Attending,eTicket,,,,,,,,,,,,Cloud,No,,,,,,,IT Pro Evangelist,Microsoft,,,,,,,,http://microsoft.com,http://blogs.technet.com/yungchou,
