Order #,Event Name,Event ID,Organizer Name,Attendee #,Barcode #,Order Date,Buyer Last Name,Buyer First Name,Buyer Email,Prefix,Last Name,First Name,Suffix,Email,Quantity,Ticket Type,Date Attending,Device #,Check-In Date,IP Location,Discount,Group,Affiliate,Order Type,Currency,Total Paid,Fees Paid,Eventbrite Fees,Eventbrite Payment Processing,Tax Paid,Attendee Status,Ticket Delivery Method,Home Address 1,Home Address 2,Home City,Home State,Home Zip,Home Country,Home Phone,Cell Phone,Gender,Age,Birth Date,What topics are you interested in?,Would you like to receive Ops-related information from our sponsors?,Shipping Address 1,Shipping Address 2,Shipping City,Shipping State,Shipping Zip,Shipping Country,Job Title,Company,Work Address 1,Work Address 2,Work City,Work State,Work Zip,Work Country,Work Phone,Website,Blog,Notes
15285373,svDevOps Meet-up:  A day in the life of a DevOps Sysadmin,789612753,SVDevOps,20096825,,"Sep 7, 2010",Shortland,Anthony,anthony@dtosolutions.com,,Shortland,Anthony,,anthony@dtosolutions.com,1,Attendee,"Sep 7, 2010 at 6:30 PM",,,"San Francisco, CA, United States",,,,Free Order,USD,0,0,0,0,0,Attending,eTicket,,,,,,,,,,,,DevOps and Automated Infrastructure.,No,,,,,,,,DTO Solutions,,,,,,,,http://dtosolutions.com,,
14957165,svDevOps Meet-up:  A day in the life of a DevOps Sysadmin,789612753,SVDevOps,19686673,,"Sep 1, 2010",Golden,Bernard,bernard.golden@hyperstratus.com,,Golden,Bernard,,bernard.golden@hyperstratus.com,1,Attendee,"Sep 7, 2010 at 6:30 PM",,,"San Carlos, CA, United States",,,,Free Order,USD,0,0,0,0,0,Attending,eTicket,,,,,,,,,,,,devops,No,,,,,,,,,,,,,,,,,,
15205829,svDevOps Meet-up:  A day in the life of a DevOps Sysadmin,789612753,SVDevOps,19997059,,"Sep 6, 2010",,Nate,daminate@hotmail.com,,_,Nate,,daminate@hotmail.com,1,Attendee,"Sep 7, 2010 at 6:30 PM",,,"Fairfield, CA, United States",,,,Free Order,USD,0,0,0,0,0,Attending,eTicket,,,,,,,,,,,,0,No,,,,,,,,,,,,,,,,,,
14513280,svDevOps Meet-up:  A day in the life of a DevOps Sysadmin,789612753,SVDevOps,19134052,,"Aug 23, 2010",Edwards,Damon,damon@dtosolutions.com,,Edwards,Damon,,damon@dtosolutions.com,1,Attendee,"Sep 7, 2010 at 6:30 PM",,,"San Francisco, CA, United States",,,,Free Order,USD,0,0,0,0,0,Attending,eTicket,,,,,,,,,,,,All things DevOps,No,,,,,,,,,,,,,,,,http://dtosolutions.com,http://dev2ops.org,
14767191,svDevOps Meet-up:  A day in the life of a DevOps Sysadmin,789612753,SVDevOps,19453645,,"Aug 30, 2010",,,eventbrite@barryallard.name,,Allard,Barry,,eventbrite@barryallard.name,1,Attendee,"Sep 7, 2010 at 6:30 PM",,,"Palo Alto, CA, United States",,,,Free Order,USD,0,0,0,0,0,Attending,eTicket,,,,,,,,,,,,Cloud APIs.,No,,,,,,,,,,,,,,,,,,
14677559,svDevOps Meet-up:  A day in the life of a DevOps Sysadmin,789612753,SVDevOps,19342565,,"Aug 27, 2010",Harker,Robert,harker-evenbright@harker.com,,Harker,Robert,,harker-evenbright@harker.com,1,Attendee,"Sep 7, 2010 at 6:30 PM",,,"Alameda, CA, United States",,,,Free Order,USD,0,0,0,0,0,Attending,eTicket,,,,,,,,,,,,"Deploying, configuring, deploying applications to, monitoring, trouble shooting large numbers of servers",No,,,,,,,,Yahoo,,,,,,,,,,
14940835,svDevOps Meet-up:  A day in the life of a DevOps Sysadmin,789612753,SVDevOps,19666457,,"Sep 1, 2010",Lu,Henry,henrywlu@yahoo.com,,Lu,Henry,,henrywlu@yahoo.com,1,Attendee,"Sep 7, 2010 at 6:30 PM",,,"Pacifica, CA, United States",,,,Free Order,USD,0,0,0,0,0,Attending,eTicket,,,,,,,,,,,,any cloud computing,Yes,,,,,,,president,Locust Communications,,,,,,,,http://www.locust123.com,,
14098391,svDevOps Meet-up:  A day in the life of a DevOps Sysadmin,789612753,SVDevOps,18625379,,"Aug 9, 2010",Lipps,Josh,josh.lipps@gmail.com,,Lipps,Josh,,josh.lipps@gmail.com,1,Attendee,"Sep 7, 2010 at 6:30 PM",,,Unknown Location,,,,Free Order,USD,0,0,0,0,0,Attending,eTicket,,,,,,,,,,,,Any,No,,,,,,,,,,,,,,,,,,
15290811,svDevOps Meet-up:  A day in the life of a DevOps Sysadmin,789612753,SVDevOps,20103675,,"Sep 7, 2010",Pavao,Joseph,jpavao@taleo.com,,Pavao,Joseph,,jpavao@taleo.com,1,Attendee,"Sep 7, 2010 at 6:30 PM",,,"San Ramon, CA, United States",,,,Free Order,USD,0,0,0,0,0,Attending,eTicket,,,,,,,,,,,,Operations,Yes,,,,,,,Production Operations Manager,Taleo,,,,,,,,,,
14058620,svDevOps Meet-up:  A day in the life of a DevOps Sysadmin,789612753,SVDevOps,18577233,,"Aug 6, 2010",,,kpmahendra@yahoo.com,,K,Mahendran,,kpmahendra@yahoo.com,1,Attendee,"Sep 7, 2010 at 6:30 PM",,,"Mountain View, CA, United States",,,,Free Order,USD,0,0,0,0,0,Attending,eTicket,,,,,,,,,,,,"Cloud Applications, Ops Automation, networks ",Yes,,,,,,,,,,,,,,,,,,
14492533,svDevOps Meet-up:  A day in the life of a DevOps Sysadmin,789612753,SVDevOps,19108235,,"Aug 22, 2010",Ducea,Marius,marius.ducea@gmail.com,,Ducea,Marius,,marius.ducea@gmail.com,1,Attendee,"Sep 7, 2010 at 6:30 PM",,,"Santa Clara, CA, United States",,,,Free Order,USD,0,0,0,0,0,Attending,eTicket,,,,,,,,,,,,"devops, large scale, automation, configuration management.",No,,,,,,,,,,,,,,,,,http://www.ducea.com,
15024667,svDevOps Meet-up:  A day in the life of a DevOps Sysadmin,789612753,SVDevOps,19772035,,"Sep 2, 2010",,,metaxis@gmail.com,,Peterson,Aaron,,metaxis@gmail.com,1,Attendee,"Sep 7, 2010 at 6:30 PM",,,"Santa Maria, CA, United States",,,,Free Order,USD,0,0,0,0,0,Attending,eTicket,,,,,,,,,,,,"Internet systems: scale, availability, DevOps, automation, performance, analysis.",Yes,,,,,,,Technical Evangelist,Opscode,,,,,,,,http://opscode.com,http://opscode.com/blog,
14319816,svDevOps Meet-up:  A day in the life of a DevOps Sysadmin,789612753,SVDevOps,18893785,,"Aug 16, 2010",Babineau,Mike,michael.babineau@gmail.com,,Babineau,Mike,,michael.babineau@gmail.com,1,Attendee,"Sep 7, 2010 at 6:30 PM",,,"Redwood City, CA, United States",,,,Free Order,USD,0,0,0,0,0,Attending,eTicket,,,,,,,,,,,,"AWS, Chef, PoolParty, MCollective, GAE, Vagrant",Yes,,,,,,,Systems Architect,EA,,,,,,,,http://www.ea2d.com,http://mikebabineau.com,
14943289,svDevOps Meet-up:  A day in the life of a DevOps Sysadmin,789612753,SVDevOps,19669469,,"Sep 1, 2010",Kan,Martin,mkan@svb.com,,Kan,Martin,,mkan@svb.com,1,Attendee,"Sep 7, 2010 at 6:30 PM",,,"Menlo Park, CA, United States",,,,Free Order,USD,0,0,0,0,0,Attending,eTicket,,,,,,,,,,,,best practice ,Yes,,,,,,,,Silicon Valley Bank,,,,,,,,,,
14321552,svDevOps Meet-up:  A day in the life of a DevOps Sysadmin,789612753,SVDevOps,18896062,,"Aug 16, 2010",Chang,Patrick,pchang@vmware.com,,Chang,Patrick,,pchang@vmware.com,1,Attendee,"Sep 7, 2010 at 6:30 PM",,,Unknown Location,,,,Free Order,USD,0,0,0,0,0,Attending,eTicket,,,,,,,,,,,,Dev/QA/Testing in the cloud,No,,,,,,,,,,,,,,,,,,
14319816,svDevOps Meet-up:  A day in the life of a DevOps Sysadmin,789612753,SVDevOps,18893784,,"Aug 16, 2010",Babineau,Mike,michael.babineau@gmail.com,,Zielinski,Paul,,pez5001@gmail.com,1,Attendee,"Sep 7, 2010 at 6:30 PM",,,"Redwood City, CA, United States",,,,Free Order,USD,0,0,0,0,0,Attending,eTicket,,,,,,,,,,,,"AWS, Chef, PoolParty, MCollective, GAE, Vagrant",Yes,,,,,,,Systems Administrator,EA,,,,,,,,http://www.ea2d.com,,
14934333,svDevOps Meet-up:  A day in the life of a DevOps Sysadmin,789612753,SVDevOps,19658653,,"Sep 1, 2010",Vyakaranam,Ravikumar,ravi1521@yahoo.com,,Vyakaranam,Ravikumar,,ravi1521@yahoo.com,1,Attendee,"Sep 7, 2010 at 6:30 PM",,,United States,,,,Free Order,USD,0,0,0,0,0,Attending,eTicket,,,,,,,,,,,,IaaS,No,,,,,,,Senior Consultant,Self Employed,,,,,,,,,,
14470798,svDevOps Meet-up:  A day in the life of a DevOps Sysadmin,789612753,SVDevOps,19080987,,"Aug 20, 2010",Sanchez,Ricardo,rsanchez.jayhawk@gmail.com,,Sanchez,Ricardo,,rsanchez.jayhawk@gmail.com,1,Attendee,"Sep 7, 2010 at 6:30 PM",,,"Stockton, CA, United States",,,,Free Order,USD,0,0,0,0,0,Attending,eTicket,,,,,,,,,,,,Configuration management,Yes,,,,,,,,,,,,,,,,,,
13988539,svDevOps Meet-up:  A day in the life of a DevOps Sysadmin,789612753,SVDevOps,18489938,,"Aug 4, 2010",Walsh,Rich,rwalsh@att.net,,Walsh,Rich,,rwalsh@att.net,1,Attendee,"Sep 7, 2010 at 6:30 PM",,,"Sunnyvale, CA, United States",,,,Free Order,USD,0,0,0,0,0,Attending,eTicket,,,,,,,,,,,,Would like more information about Chef and practical applications.,Yes,,,,,,,,,,,,,,,,,,
14397473,svDevOps Meet-up:  A day in the life of a DevOps Sysadmin,789612753,SVDevOps,18989143,,"Aug 18, 2010",Trefren,Tim,tim@mixpanel.com,,Trefren,Tim,,tim@mixpanel.com,1,Attendee,"Sep 7, 2010 at 6:30 PM",,,"Mountain View, CA, United States",,,,Free Order,USD,0,0,0,0,0,Attending,eTicket,,,,,,,,,,,,"Web analytics, data stores, automation. Finding an ops engineer :)",No,,,,,,,Cofounder,"Mixpanel, Inc.",,,,,,,,http://mixpanel.com,,
13987039,svDevOps Meet-up:  A day in the life of a DevOps Sysadmin,789612753,SVDevOps,18488180,,"Aug 4, 2010",,,tkarthi03@gmail.com,,Thangamuthu,Karthikeyan,,tkarthi03@gmail.com,1,Attendee,"Sep 7, 2010 at 6:30 PM",,,"Fremont, CA, United States",,,,Free Order,USD,0,0,0,0,0,Attending,eTicket,,,,,,,,,,,,"Cloud computing, security",Yes,,,,,,,,,,,,,,,,,,
14108377,svDevOps Meet-up:  A day in the life of a DevOps Sysadmin,789612753,SVDevOps,18637657,,"Aug 9, 2010",Hanna,Zachary,zachinthebox@yahoo.com,,Hanna,Zachary,,zachinthebox@yahoo.com,1,Attendee,"Sep 7, 2010 at 6:30 PM",,,"Sunnyvale, CA, United States",,,,Free Order,USD,0,0,0,0,0,Attending,eTicket,,,,,,,,,,,,Ops,No,,,,,,,Ops Monkey,yahoo! Inc,,,,,,,,http://www.yahoo.com,http://hannacabana.wordpress.com,
