Event Name,Event ID,Organizer Name,Attendee #,Barcode #,Order Date,Buyer Last Name,Buyer First Name,Buyer Email,Prefix,Last Name,First Name,Suffix,Email,Quantity,Ticket Type,Date Attending,Device #,Check-In Date,IP Location,Discount,Group,Affiliate,Order #,Order Type,Currency,Total Paid,Fees Paid,Eventbrite Fees,Eventbrite Payment Processing,Tax Paid,Attendee Status,Ticket Delivery Method,Home Address 1,Home Address 2,Home City,Home State,Home Zip,Home Country,Home Phone,Cell Phone,Gender,Age,Birth Date,Please suggest a topic for an unconference session,Would you like to receive BigData-related emails from our event sponsors.,Shipping Address 1,Shipping Address 2,Shipping City,Shipping State,Shipping Zip,Shipping Country,Job Title,Company,Work Address 1,Work Address 2,Work City,Work State,Work Zip,Work Country,Work Phone,Website,Blog,Notes
BigDataCamp Silicon Valley @Strata 2014,10479449315,BigDataCamp,317418079,250474663317418000000,"Feb 3, 2014",Tsing,Alice,abtsing@gmail.com,,Tsing,Alice,,abtsing@gmail.com,1,BigDataCamp Attendee,"Feb 10, 2014 at 5:30 PM",,,"Dallas, TX, United States",,,,250474663,Free Order,USD,0,0,0,0,0,Attending,eTicket,,,,,,,,,,,,Data Visualizations,Yes,,,,,,,developer,Accenture,,,,,,,,,,
BigDataCamp Silicon Valley @Strata 2014,10479449315,BigDataCamp,320257027,252804197320257000000,"Feb 8, 2014",Kochepasov,Anton,akss@outlook.com,,Kochepasov,Anton,,akss@outlook.com,1,BigDataCamp Attendee w/ Donation,"Feb 10, 2014 at 5:30 PM",,,"Santa Rosa, CA, United States",,,,252804197,PayPal Completed,USD,26.62,1.62,1.62,0,0,Attending,eTicket,,,,,,,,,,,,Big Data,No,,,,,,,Software Engineer,STLport Consulting Inc,,,,,,,,,,
BigDataCamp Silicon Valley @Strata 2014,10479449315,BigDataCamp,320149201,252714701320149000000,"Feb 8, 2014",Wang,JL,alwang1234@gmail.com,,Wang,JL,,alwang1234@gmail.com,1,BigDataCamp Attendee,"Feb 10, 2014 at 5:30 PM",,,"Los Altos, CA, United States",,,,252714701,Free Order,USD,0,0,0,0,0,Attending,eTicket,,,,,,,,,,,,"- Open source big-data analysis for cloud infrastructure specifically on VMs and bare-metal related logs, performance, etc.",Yes,,,,,,,co-founder,NImbiCache,,,,,,,,,,
BigDataCamp Silicon Valley @Strata 2014,10479449315,BigDataCamp,318156031,251080457318156000000,"Feb 4, 2014",Malkani,Anil,amalkani@gmail.com,,Malkakni,Anil,,amalkani@gmail.com,1,BigDataCamp Attendee,"Feb 10, 2014 at 5:30 PM",,,"Danville, CA, United States",,,,251080457,Free Order,USD,0,0,0,0,0,Attending,eTicket,,,,,,,,,,,,"Securing Hadoop
Encrypting hdfs",No,,,,,,,Big Data Platform,Workday,,,,,,,,http://workday.com,,
BigDataCamp Silicon Valley @Strata 2014,10479449315,BigDataCamp,317468007,250517355317468000000,"Feb 3, 2014",Duberstein,Andrew,andrew.duberstein@us.dunnhumby.com,,Duberstein,Andrew,,andrew.duberstein@us.dunnhumby.com,1,BigDataCamp Attendee,"Feb 10, 2014 at 5:30 PM",,,"Cincinnati, OH, United States",,,,250517355,Free Order,USD,0,0,0,0,0,Attending,eTicket,,,,,,,,,,,,This is my first BigDataCamp attendance--I promise to have a suggestion next year.,No,,,,,,,Data Analyst,dunnhumbyUSA,,,,,,,5136320545,www.dunnhumby.com,andrewduberstein.com,
BigDataCamp Silicon Valley @Strata 2014,10479449315,BigDataCamp,317567355,250599415317567000000,"Feb 3, 2014",More O'Ferrall,Andrew,andrew1@ibtcs.com,,More O'Ferrall,Andrew,,andrew1@ibtcs.com,1,BigDataCamp Attendee,"Feb 10, 2014 at 5:30 PM",,,"San Francisco, CA, United States",,,,250599415,Free Order,USD,0,0,0,0,0,Attending,eTicket,,,,,,,,,,,,"Integrating Managed Services, Internet of Things (IoT) and Big Data  ",Yes,,,,,,,BDM,Neova Solutions,,,,,,,6508896783,http://www.neovasolutions.com,,
BigDataCamp Silicon Valley @Strata 2014,10479449315,BigDataCamp,317369921,250435709317370000000,"Feb 3, 2014",Eichenbaum,Andrew,andreweichenbaum@yahoo.com,,Eichenbaum,Andrew,,andreweichenbaum@yahoo.com,1,BigDataCamp Attendee,"Feb 10, 2014 at 5:30 PM",,,Unknown Location,,,,250435709,Free Order,USD,0,0,0,0,0,Attending,eTicket,,,,,,,,,,,,N/A,No,,,,,,,Founder,Base State Analytics,,,,,,,650-200-7906,,,
BigDataCamp Silicon Valley @Strata 2014,10479449315,BigDataCamp,317410513,250468451317411000000,"Feb 3, 2014",balakrishnan,anoop,anoop@excelfore.com,,balakrishnan,anoop,,anoop@excelfore.com,1,BigDataCamp Attendee,"Feb 10, 2014 at 5:30 PM",,,"Fremont, CA, United States",,,,250468451,Free Order,USD,0,0,0,0,0,Attending,eTicket,,,,,,,,,,,,Bigdata using solr,No,,,,,,,VP Software Eng,Excelfore Corporation,,,,,,,,http://excelfore.com,,
BigDataCamp Silicon Valley @Strata 2014,10479449315,BigDataCamp,317471727,250520471317472000000,"Feb 3, 2014",Arokiasamy,Antony,antonisamy@pobox.com,,Arokiasamy,Antony,,antonisamy@pobox.com,1,BigDataCamp Attendee,"Feb 10, 2014 at 5:30 PM",,,United States,,,,250520471,Free Order,USD,0,0,0,0,0,Attending,eTicket,,,,,,,,,,,,Nothing for now...,Yes,,,,,,,Software Architect,Agilone,,,,,,,,agilone.com,,
BigDataCamp Silicon Valley @Strata 2014,10479449315,BigDataCamp,317508697,250551271317509000000,"Feb 3, 2014",chatterjee,anwesa,anwesa.chatterjee@gmail.com,,chatterjee,anwesa,,anwesa.chatterjee@gmail.com,1,BigDataCamp Attendee,"Feb 10, 2014 at 5:30 PM",,,"San Jose, CA, United States",,,,250551271,Free Order,USD,0,0,0,0,0,Attending,eTicket,,,,,,,,,,,,Hadoop and Hana in half-time,No,,,,,,,director,Saggezza,,,,,,,6509960259,,,
BigDataCamp Silicon Valley @Strata 2014,10479449315,BigDataCamp,317540915,250577885317541000000,"Feb 3, 2014",S,Aparna,aparnaseetharaman@yahoo.com,,S,Aparna,,aparnaseetharaman@yahoo.com,1,BigDataCamp Attendee,"Feb 10, 2014 at 5:30 PM",,,"Palo Alto, CA, United States",,,,250577885,Free Order,USD,0,0,0,0,0,Attending,eTicket,,,,,,,,,,,,"deep learning, emerging tech, real-time scalability",No,,,,,,,Sr. S/w Engr,Self,,,,,,,,,,
BigDataCamp Silicon Valley @Strata 2014,10479449315,BigDataCamp,320428953,252943335320429000000,"Feb 9, 2014",Antal,Ash,ashantal@yahoo.com,,Antal,Ash,,ashantal@yahoo.com,1,BigDataCamp Attendee,"Feb 10, 2014 at 5:30 PM",,,Unknown Location,,,,252943335,Free Order,USD,0,0,0,0,0,Attending,eTicket,,,,,,,,,,,,Spark,No,,,,,,,Eng. Director,Mlslistings inc,,,,,,,,,,
BigDataCamp Silicon Valley @Strata 2014,10479449315,BigDataCamp,317512969,250554725317513000000,"Feb 3, 2014",pathan,asif,asif.pathan@gmail.com,,pathan,asif,,asif.pathan@gmail.com,1,BigDataCamp Attendee,"Feb 10, 2014 at 5:30 PM",,,"Sunnyvale, CA, United States",,,,250554725,Free Order,USD,0,0,0,0,0,Attending,eTicket,,,,,,,,,,,,Hadoop usecases,No,,,,,,,File System Engineer,NetApp,,,,,,,,,,
BigDataCamp Silicon Valley @Strata 2014,10479449315,BigDataCamp,318168915,251090953318169000000,"Feb 4, 2014",vairavan,Annamalai,avairava@brocade.com,,vairavan,Annamalai,,avairava@brocade.com,1,BigDataCamp Attendee,"Feb 10, 2014 at 5:30 PM",,,"San Jose, CA, United States",,,,251090953,Free Order,USD,0,0,0,0,0,Attending,eTicket,,,,,,,,,,,,Hadoop,Yes,,,,,,,"Sr Manager, BI",Brocade,,,,,,,,,,
BigDataCamp Silicon Valley @Strata 2014,10479449315,BigDataCamp,320172425,252733639320172000000,"Feb 8, 2014",Anantharamu,Avinash,avinash.anantharamu@gmail.com,,Anantharamu,Avinash,,avinash.anantharamu@gmail.com,1,BigDataCamp Attendee,"Feb 10, 2014 at 5:30 PM",,,Unknown Location,,,eiosdiscctgyconf,252733639,Free Order,USD,0,0,0,0,0,Attending,eTicket,,,,,,,,,,,,Hadoop,Yes,,,,,,,Graduate Student,Sjsu,,,,,,,4088320940,http://avinashanantharamu.com/,,
BigDataCamp Silicon Valley @Strata 2014,10479449315,BigDataCamp,320247045,252795897320247000000,"Feb 8, 2014",Bahmani,Bahman,bahman@stanford.edu,,Bahmani,Bahman,,bahman@stanford.edu,1,BigDataCamp Attendee,"Feb 10, 2014 at 5:30 PM",,,United States,,,,252795897,Free Order,USD,0,0,0,0,0,Attending,eTicket,,,,,,,,,,,,-,No,,,,,,,-,Stanford University,,,,,,,,,,
BigDataCamp Silicon Valley @Strata 2014,10479449315,BigDataCamp,318336427,251229165318336000000,"Feb 4, 2014",Ghelani,Bankim,bankim_ghelani@yahoo.com,,Ghelani,Bankim,,bankim_ghelani@yahoo.com,1,BigDataCamp Attendee,"Feb 10, 2014 at 5:30 PM",,,Unknown Location,,,,251229165,Free Order,USD,0,0,0,0,0,Attending,eTicket,,,,,,,,,,,,migrating legacy systems for healthcare org,Yes,,,,,,,Delivery Manager,Informatica,,,,,,,3122818962,,,
BigDataCamp Silicon Valley @Strata 2014,10479449315,BigDataCamp,317715081,250718973317715000000,"Feb 3, 2014",Paseman,Bill,bigdatacamp@paseman.com,,Paseman,Bill,,bigdatacamp@paseman.com,1,BigDataCamp Attendee,"Feb 10, 2014 at 5:30 PM",,,"Saratoga, CA, United States",,,,250718973,Free Order,USD,0,0,0,0,0,Attending,eTicket,,,,,,,,,,,,Stock Trading,No,,,,,,,President,Paseman & Associates,,,,,,,4085551212,http://paseman.com,,
BigDataCamp Silicon Valley @Strata 2014,10479449315,BigDataCamp,318766645,251585559318767000000,"Feb 5, 2014",Bruns,Bill,billbruns@yahoo.com,,Bruns,Bill,,billbruns@yahoo.com,1,BigDataCamp Attendee,"Feb 10, 2014 at 5:30 PM",,,"San Jose, CA, United States",,,,251585559,Free Order,USD,0,0,0,0,0,Attending,eTicket,,,,,,,,,,,,"Demos of setting up a private cloud, or of setting up an instance in a public cloud.",No,,,,,,,Engineer,self,,,,,,,4088387415,,,
BigDataCamp Silicon Valley @Strata 2014,10479449315,BigDataCamp,317511197,250553249317511000000,"Feb 3, 2014",Bhatnagar,Neerja,bneerja@gmail.com,,Bhatnagar,Neerja,,bneerja@gmail.com,1,BigDataCamp Attendee,"Feb 10, 2014 at 5:30 PM",,,Unknown Location,,,,250553249,Free Order,USD,0,0,0,0,0,Attending,eTicket,,,,,,,,,,,,-,No,,,,,,,Software Engineer,TIBCO,,,,,,,408-728-1089,,,
BigDataCamp Silicon Valley @Strata 2014,10479449315,BigDataCamp,317463489,250513493317463000000,"Feb 3, 2014",Murdock,Larry,catfish.murdock@gmail.com,,Murdock,Larry,,catfish.murdock@gmail.com,1,BigDataCamp Attendee,"Feb 10, 2014 at 5:30 PM",,,"Emeryville, CA, United States",,,,250513493,Free Order,USD,0,0,0,0,0,Attending,eTicket,,,,,,,,,,,,Data Lineage/Metadata,No,,,,,,,Architect,Lyris,,,,,,,,,,
BigDataCamp Silicon Valley @Strata 2014,10479449315,BigDataCamp,319938829,252541349319939000000,"Feb 7, 2014",Wimmer,Charles,charles@wimmer.net,,Wimmer,Charles,,charles@wimmer.net,1,BigDataCamp Attendee,"Feb 10, 2014 at 5:30 PM",,,"Fremont, CA, United States",,,,252541349,Free Order,USD,0,0,0,0,0,Attending,eTicket,,,,,,,,,,,,Pain points for Hadoop operators,No,,,,,,,Head of Operations,Altiscale,,,,,,,,,,
BigDataCamp Silicon Valley @Strata 2014,10479449315,BigDataCamp,320378505,252903483320378000000,"Feb 9, 2014",Chen,Yi,chenyi@bu.edu,,Chen,Yi,,chenyi@bu.edu,1,BigDataCamp Attendee,"Feb 10, 2014 at 5:30 PM",,,"Mountain View, CA, United States",,,,252903483,Free Order,USD,0,0,0,0,0,Attending,eTicket,,,,,,,,,,,,How to start a career in Big Data,Yes,,,,,,,Software Engineer Intern,AdFinesse,,,,,,,,,,
BigDataCamp Silicon Valley @Strata 2014,10479449315,BigDataCamp,319987953,252581733319988000000,"Feb 7, 2014",Dekonink,Christian,chris.dekonink@gmail.com,,Dekonink,Christian,,chris.dekonink@gmail.com,1,BigDataCamp Attendee,"Feb 10, 2014 at 5:30 PM",,,Unknown Location,,,,252581733,Free Order,USD,0,0,0,0,0,Attending,eTicket,,,,,,,,,,,,Data Scrubbing,,,,,,,,Data Scrubber,Awesome,,,,,,,,,,
BigDataCamp Silicon Valley @Strata 2014,10479449315,BigDataCamp,320282267,252825237320282000000,"Feb 8, 2014",Chen,Chung-Ho,chungho.chen@gmail.com,,Chen,Chung-Ho,,chungho.chen@gmail.com,1,BigDataCamp Attendee,"Feb 10, 2014 at 5:30 PM",,,"Fremont, CA, United States",,,,252825237,Free Order,USD,0,0,0,0,0,Attending,eTicket,,,,,,,,,,,,machine learning,No,,,,,,,SMTS,Paypal,,,,,,,,,,
BigDataCamp Silicon Valley @Strata 2014,10479449315,BigDataCamp,317626563,250647385317627000000,"Feb 3, 2014",Martin,Carolyn,cmartin@alpinenow.com,,Martin,Carolyn,,cmartin@alpinenow.com,1,BigDataCamp Attendee,"Feb 10, 2014 at 5:30 PM",,,"Sterling, VA, United States",,,,250647385,Free Order,USD,0,0,0,0,0,Attending,eTicket,,,,,,,,,,,,Data Science Unplugged,Yes,,,,,,,Marketing Manager,Alpine Data Labs,,,,,,,703-851-4160,http://alpinenow.com/,http://alpinenow.com/blog/,
BigDataCamp Silicon Valley @Strata 2014,10479449315,BigDataCamp,319237805,251972431319238000000,"Feb 6, 2014",Ochoa,Chris,cochoa0x1@gmail.com,,Ochoa,Chris,,cochoa0x1@gmail.com,1,BigDataCamp Attendee,"Feb 10, 2014 at 5:30 PM",,,"San Francisco, CA, United States",,,,251972431,Free Order,USD,0,0,0,0,0,Attending,eTicket,,,,,,,,,,,,sensor fusion,No,,,,,,,Data Scientist,cochoa.net,,,,,,,,,,
BigDataCamp Silicon Valley @Strata 2014,10479449315,BigDataCamp,320049479,252632147320049000000,"Feb 8, 2014",Vandic,Damir,d.vandic@ontostream.nl,,Vandic,Damir,,d.vandic@ontostream.nl,1,BigDataCamp Attendee,"Feb 10, 2014 at 5:30 PM",,,"San Jose, CA, United States",,,,252632147,Free Order,USD,0,0,0,0,0,Not Attending,eTicket,,,,,,,,,,,,"big data for small startups (comparison of cloud vendors, price/performance info, etc.)",No,,,,,,,PhD candidate,Ontostream,,,,,,,,http://damirvandic.com,,
BigDataCamp Silicon Valley @Strata 2014,10479449315,BigDataCamp,320580867,253065369320581000000,"Feb 9, 2014",Cheung,Daniel,danhcheung@gmail.com,,Cheung,Daniel,,danhcheung@gmail.com,1,BigDataCamp Attendee,"Feb 10, 2014 at 5:30 PM",,,Unknown Location,,,,253065369,Free Order,USD,0,0,0,0,0,Attending,eTicket,,,,,,,,,,,,Machine learning with big data,No,,,,,,,Computer Engineer,Student,,,,,,,,,,
BigDataCamp Silicon Valley @Strata 2014,10479449315,BigDataCamp,317397987,250458727317398000000,"Feb 3, 2014",Yang,Daotang,daotangy@yahoo.com,,Yang,Daotang,,daotangy@yahoo.com,1,BigDataCamp Attendee,"Feb 10, 2014 at 5:30 PM",,,"Mountain View, CA, United States",,,,250458727,Free Order,USD,0,0,0,0,0,Attending,eTicket,,,,,,,,,,,,Analytics,,,,,,,,Member of Technical Staff,Tintri,,,,,,,,,,
BigDataCamp Silicon Valley @Strata 2014,10479449315,BigDataCamp,318315431,251211489318315000000,"Feb 4, 2014",chen,dean,deanchen1@gmail.com,,chen,dean,,deanchen1@gmail.com,1,BigDataCamp Attendee,"Feb 10, 2014 at 5:30 PM",,,"Berkeley, CA, United States",,,,251211489,Free Order,USD,0,0,0,0,0,Attending,eTicket,,,,,,,,,,,,"security, creating apps for mbile ",No,,,,,,,project manger/developer,self,,,,,,,,,,
BigDataCamp Silicon Valley @Strata 2014,10479449315,BigDataCamp,317496131,250540985317496000000,"Feb 3, 2014",Dutta,Debojyoti,dedutta@cisco.com,,Dutta,Debojyoti,,dedutta@cisco.com,1,BigDataCamp Attendee,"Feb 10, 2014 at 5:30 PM",,,"San Jose, CA, United States",,,,250540985,Free Order,USD,0,0,0,0,0,Attending,eTicket,,,,,,,,,,,,Streaming Insights - what really makes sense across verticals,,,,,,,,Principal Engineer,Cisco,,,,,,,,,,
BigDataCamp Silicon Valley @Strata 2014,10479449315,BigDataCamp,319725417,252369971319725000000,"Feb 7, 2014",Duarte,Desiree,desireeduarte@outlook.com,,Duarte,Desiree,,desireeduarte@outlook.com,1,BigDataCamp Attendee,"Feb 10, 2014 at 5:30 PM",,,Unknown Location,,,,252369971,Free Order,USD,0,0,0,0,0,Attending,eTicket,,,,,,,,,,,,What opportunity could Big Data create for medical devices organizations?,Yes,,,,,,,Marketing Associate,J&J,,,,,,,,http://www.jnj.com/,,
BigDataCamp Silicon Valley @Strata 2014,10479449315,BigDataCamp,317448977,250500903317449000000,"Feb 3, 2014",Babu,Devender,devender.babu@gmail.com,,Babu,Devender,,devender.babu@gmail.com,1,BigDataCamp Attendee,"Feb 10, 2014 at 5:30 PM",,,Unknown Location,,,,250500903,Free Order,USD,0,0,0,0,0,Attending,eTicket,,,,,,,,,,,,BI big data,No,,,,,,,Big Data Cloud BI Analyst Manager,AOL,,,,,,,703-380-7041,,,
BigDataCamp Silicon Valley @Strata 2014,10479449315,BigDataCamp,317467491,250516885317468000000,"Feb 3, 2014",Lai,David,dlai168@yahoo.com,,Lai,David,,dlai168@yahoo.com,1,BigDataCamp Attendee,"Feb 10, 2014 at 5:30 PM",,,"Fremont, CA, United States",,,,250516885,Free Order,USD,0,0,0,0,0,Attending,eTicket,,,,,,,,,,,,Realtime Log Analytic and Hadoop in memory ,Yes,,,,,,,Director,Persistent,,,,,,,4088688168,,,
BigDataCamp Silicon Valley @Strata 2014,10479449315,BigDataCamp,318140147,251067669318140000000,"Feb 4, 2014",Downey,James,downeyj@gmail.com,,Downey,James,,downeyj@gmail.com,1,BigDataCamp Attendee,"Feb 10, 2014 at 5:30 PM",,,"Belmont, CA, United States",,,,251067669,Free Order,USD,0,0,0,0,0,Attending,eTicket,,,,,,,,,,,,Big data with node.js,No,,,,,,,Developer,Dell,,,,,,,,http://dell.com,http://jimdowney.net,
BigDataCamp Silicon Valley @Strata 2014,10479449315,BigDataCamp,317580099,250609941317580000000,"Feb 3, 2014",Murthy,KRS,Dr.Sri.Murthy@Gmail.com,,Murthy,KRS,,Dr.Sri.Murthy@Gmail.com,1,BigDataCamp Attendee,"Feb 10, 2014 at 5:30 PM",,,"Santa Clara, CA, United States",,,,250609941,Free Order,USD,0,0,0,0,0,Attending,eTicket,,,,,,,,,,,,"Triangular Affair

Big Data, Wireless Sensor Networks and Energy Infrastructure

Key Note or Featured Talk by Dr. KRS Murthy
•	Is LNG Industry Ready for Big Data? : Better start now than late
•	Leveraging on big data technology based intelligence in LNG business improvement
•	The new LNG with big data as a driver for global growth
•	""Big Data"": Two important words that will transform the LNG Industry in this decade.
Technology and Industry Seminars, Courses & Workshops
Dr. KRS Murthy
 
1.     Big Data: Challenges and Opportunities, a Strategy and Futuristic  Wisdom
2.     Mobility: Many Dimensions of Mobility, Following You 24X7 Everywhere
3.     Be Glad for Cloudy Days in this Decade: Technologies and Market Demands Fueling Clouds Everywhere
4.     Wireless Sensor Networks: Don’t Say Billions, Welcome to Trillions in Numbers and Dollars
5.     Internet of Every Things (IoET): Globally Everywhere; Land, Seas, Forests and Mountains
6.     Memory Revolution: Zetta Bytes of Storage, Opportunities that Challenge the Industry. Zetta is a Small Number!",Yes,,,,,,,CEO,I Cubed World,,,,,,,4084643333,http://i3World.US,http://bigdataexpert.blogspot.com,
BigDataCamp Silicon Valley @Strata 2014,10479449315,BigDataCamp,319965119,252562657319965000000,"Feb 7, 2014",Bandari,Esfandiar,e.bandari@gmail.com,,Bandari,Esfandiar,,e.bandari@gmail.com,1,BigDataCamp Attendee,"Feb 10, 2014 at 5:30 PM",,,"Sunnyvale, CA, United States",,,,252562657,Free Order,USD,0,0,0,0,0,Attending,eTicket,,,,,,,,,,,,"distributed data clustering, big data algorithms for learning, pattern recognition",Yes,,,,,,,CEO,Textnomics,,,,,,,,,,
BigDataCamp Silicon Valley @Strata 2014,10479449315,BigDataCamp,317578353,250608523317578000000,"Feb 3, 2014",Jacobsen,Erik,ejacobsen@thecollective-la.com,,Jacobsen,Erik,,ejacobsen@thecollective-la.com,1,BigDataCamp Attendee,"Feb 10, 2014 at 5:30 PM",,,"San Francisco, CA, United States",,,,250608523,Free Order,USD,0,0,0,0,0,Attending,eTicket,,,,,,,,,,,,big data in AWS ,No,,,,,,,Software Developer,CDS,,,,,,,,,,
BigDataCamp Silicon Valley @Strata 2014,10479449315,BigDataCamp,318330601,251224181318331000000,"Feb 4, 2014",Kim,Travis,expertwk@gmail.com,,Kim,Travis,,expertwk@gmail.com,1,BigDataCamp Attendee,"Feb 10, 2014 at 5:30 PM",,,Unknown Location,,,,251224181,Free Order,USD,0,0,0,0,0,Attending,eTicket,,,,,,,,,,,,N/a,No,,,,,,,Se,Ev,,,,,,,,,,
BigDataCamp Silicon Valley @Strata 2014,10479449315,BigDataCamp,317503535,250546999317504000000,"Feb 3, 2014",HATAY,Ferhat,ffhsff@gmail.com,,HATAY,Ferhat,,ffhsff@gmail.com,1,BigDataCamp Attendee,"Feb 10, 2014 at 5:30 PM",,,"Stanford, CA, United States",,,,250546999,Free Order,USD,0,0,0,0,0,Attending,eTicket,,,,,,,,,,,,"In memory models SPARK? Views from Facebook current use and directions?

Graph database: Neo4J others? 

A peek from Intel on Graph Builder affair?",No,,,,,,,Director of Cloud Infrastructure and Systems,Oracle,,,,,,,,,,
BigDataCamp Silicon Valley @Strata 2014,10479449315,BigDataCamp,317411923,250469639317412000000,"Feb 3, 2014",Brody,Flannan,fpabrody@gmail.com,,Brody,Flannan,,fpabrody@gmail.com,1,BigDataCamp Attendee,"Feb 10, 2014 at 5:30 PM",,,"San Francisco, CA, United States",,,,250469639,Free Order,USD,0,0,0,0,0,Attending,eTicket,,,,,,,,,,,,Pig,,,,,,,,Software Engineer,DIT,,,,,,,,,,
BigDataCamp Silicon Valley @Strata 2014,10479449315,BigDataCamp,317400321,250460507317400000000,"Feb 3, 2014",Ghali,Girija,girijaghali@gmail.com,,Ghali,Girija,,girijaghali@gmail.com,1,BigDataCamp Attendee,"Feb 10, 2014 at 5:30 PM",,,"San Jose, CA, United States",,,,250460507,Free Order,USD,0,0,0,0,0,Attending,eTicket,,,,,,,,,,,,BigData,No,,,,,,,UER research analyst,eBay,,,,,,,,,,
BigDataCamp Silicon Valley @Strata 2014,10479449315,BigDataCamp,320552373,253042623320552000000,"Feb 9, 2014",Goldin,Anatoly,goldinx@gmail.com,,Goldin,Anatoly,,goldinx@gmail.com,1,BigDataCamp Attendee,"Feb 10, 2014 at 5:30 PM",,,"San Jose, CA, United States",,,,253042623,Free Order,USD,0,0,0,0,0,Attending,eTicket,,,,,,,,,,,,na,Yes,,,,,,,cio,CTR Inc,,,,,,,,,,
BigDataCamp Silicon Valley @Strata 2014,10479449315,BigDataCamp,317362219,250429319317362000000,"Feb 3, 2014",Rayzman,Gregory,grayzman@yahoo.com,,Rayzman,Gregory,,grayzman@yahoo.com,1,BigDataCamp Attendee,"Feb 10, 2014 at 5:30 PM",,,Unknown Location,,,,250429319,Free Order,USD,0,0,0,0,0,Attending,eTicket,,,,,,,,,,,,Mahout,Yes,,,,,,,Architect,TheFind inc,,,,,,,,,,
BigDataCamp Silicon Valley @Strata 2014,10479449315,BigDataCamp,320378365,252903359320378000000,"Feb 9, 2014",Guo,Kai,guokai.ok@gmail.com,,Guo,Kai,,guokai.ok@gmail.com,1,BigDataCamp Attendee,"Feb 10, 2014 at 5:30 PM",,,"Santa Clara, CA, United States",,,,252903359,Free Order,USD,0,0,0,0,0,Attending,eTicket,,,,,,,,,,,,2014 Big Data Trends,Yes,,,,,,,New Grad,"University at Buffalo, The State University of New York",,,,,,,,,,
BigDataCamp Silicon Valley @Strata 2014,10479449315,BigDataCamp,317462547,250512657317463000000,"Feb 3, 2014",Gupta,Ashish,guptaas@us.ibm.com,,Gupta,Ashish,,guptaas@us.ibm.com,1,BigDataCamp Attendee,"Feb 10, 2014 at 5:30 PM",,,"Santa Clara, CA, United States",,,,250512657,Free Order,USD,0,0,0,0,0,Attending,eTicket,,,,,,,,,,,, None,No,,,,,,,Sr. Big Data Architect,IBM,,,,,,,,,,
BigDataCamp Silicon Valley @Strata 2014,10479449315,BigDataCamp,320013639,252602727320014000000,"Feb 7, 2014",yeleswarapu,Guru,guruyvs@yahoo.com,,yeleswarapu,Guru,,guruyvs@yahoo.com,1,BigDataCamp Attendee,"Feb 10, 2014 at 5:30 PM",,,"Livermore, CA, United States",,,,252602727,Free Order,USD,0,0,0,0,0,Attending,eTicket,,,,,,,,,,,,NoSQL,,,,,,,,Architect,Swatcloud,,,,,,,,,,
BigDataCamp Silicon Valley @Strata 2014,10479449315,BigDataCamp,320001849,252593161320002000000,"Feb 7, 2014",Youhana,George,gyouhana@digitalrealty.com,,Youhana,George,,gyouhana@digitalrealty.com,1,BigDataCamp Attendee,"Feb 10, 2014 at 5:30 PM",,,"San Jose, CA, United States",,,,252593161,Free Order,USD,0,0,0,0,0,Attending,eTicket,,,,,,,,,,,,Big Data roadmap,Yes,,,,,,,Senior Account Manager,DRT,,,,,,,408-644-6479,,,
BigDataCamp Silicon Valley @Strata 2014,10479449315,BigDataCamp,317634531,250653703317634000000,"Feb 3, 2014",Lam,Henry,henrylam89@gmail.com,,Lam,Henry,,henrylam89@gmail.com,1,BigDataCamp Attendee,"Feb 10, 2014 at 5:30 PM",,,"San Jose, CA, United States",,,,250653703,Free Order,USD,0,0,0,0,0,Attending,eTicket,,,,,,,,,,,,None,Yes,,,,,,,Tech Lead,Cisco,,,,,,,,,,
BigDataCamp Silicon Valley @Strata 2014,10479449315,BigDataCamp,317359531,250427023317360000000,"Feb 3, 2014",Rojas,Hernan,hernandrojas@gmail.com,,Rojas,Hernan,,hernandrojas@gmail.com,1,BigDataCamp Attendee,"Feb 10, 2014 at 5:30 PM",,,"Gainesville, FL, United States",,,,250427023,Free Order,USD,0,0,0,0,0,Attending,eTicket,,,,,,,,,,,,"- server-side programming in Python
- reporting",No,,,,,,,Data Scientist,David Rojas LLC,,,,,,,,http://hdrojas.pythonanywhere.com/,,
BigDataCamp Silicon Valley @Strata 2014,10479449315,BigDataCamp,318348303,251239127318348000000,"Feb 4, 2014",JUNG,EUNSOO,hi.michael.jung@gmail.com,,JUNG,EUNSOO,,hi.michael.jung@gmail.com,1,BigDataCamp Attendee,"Feb 10, 2014 at 5:30 PM",,,"Santa Clara, CA, United States",,,,251239127,Free Order,USD,0,0,0,0,0,Attending,eTicket,,,,,,,,,,,,"hadoop, nosql",No,,,,,,,Software Development Project Technical Manager,CAU/MIS Lab,,,,,,,,,,
BigDataCamp Silicon Valley @Strata 2014,10479449315,BigDataCamp,318554425,251411547318554000000,"Feb 5, 2014",Luu,Hien,hluu@yahoo.com,,Luu,Hien,,hluu@yahoo.com,1,BigDataCamp Attendee,"Feb 10, 2014 at 5:30 PM",,,"San Jose, CA, United States",,,,251411547,Free Order,USD,0,0,0,0,0,Attending,eTicket,,,,,,,,,,,,What's new in Big Data ecosystem,Yes,,,,,,,Software Engineer,LinkedIn,,,,,,,,,,
BigDataCamp Silicon Valley @Strata 2014,10479449315,BigDataCamp,318011345,250962787318011000000,"Feb 4, 2014",kim,hong,hongkyukim@yahoo.com,,kim,hong,,hongkyukim@yahoo.com,1,BigDataCamp Attendee,"Feb 10, 2014 at 5:30 PM",,,"San Francisco, CA, United States",,,,250962787,Free Order,USD,0,0,0,0,0,Attending,eTicket,,,,,,,,,,,,hadoop spark,Yes,,,,,,,sr software engineer,onvis,,,,,,,,,,
BigDataCamp Silicon Valley @Strata 2014,10479449315,BigDataCamp,318352827,251243111318353000000,"Feb 4, 2014",Fong,Howard,howardfong+bigdata@gmail.com,,Fong,Howard,,howardfong+bigdata@gmail.com,1,BigDataCamp Attendee,"Feb 10, 2014 at 5:30 PM",,,Unknown Location,,,,251243111,Free Order,USD,0,0,0,0,0,Attending,eTicket,,,,,,,,,,,,Personal cloud,No,,,,,,,dev,self,,,,,,,,,,
BigDataCamp Silicon Valley @Strata 2014,10479449315,BigDataCamp,318807305,251619545318807000000,"Feb 5, 2014",Geng,Haoqing,hqgeng@bu.edu,,Geng,Haoqing,,hqgeng@bu.edu,1,BigDataCamp Attendee,"Feb 10, 2014 at 5:30 PM",,,"Mountain View, CA, United States",,,,251619545,Free Order,USD,0,0,0,0,0,Attending,eTicket,,,,,,,,,,,,HBase,Yes,,,,,,,Database engineer,Sensitel Inc.,,,,,,,6179430536,,,
BigDataCamp Silicon Valley @Strata 2014,10479449315,BigDataCamp,319965929,252563335319966000000,"Feb 7, 2014",Kendall,Henry,hskendall@gmail.com,,Kendall,Henry,,hskendall@gmail.com,1,BigDataCamp Attendee,"Feb 10, 2014 at 5:30 PM",,,Unknown Location,,,,252563335,Free Order,USD,0,0,0,0,0,Attending,eTicket,,,,,,,,,,,,Hadoop,Yes,,,,,,,Sr Sys Admin,NA,,,,,,,,,,
BigDataCamp Silicon Valley @Strata 2014,10479449315,BigDataCamp,317592059,250619547317592000000,"Feb 3, 2014",SIVA,ILAM,ilam2700@gmail.com,,SIVA,ILAM,,ilam2700@gmail.com,1,BigDataCamp Attendee,"Feb 10, 2014 at 5:30 PM",,,"Bat Yam, Israel",,,,250619547,Free Order,USD,0,0,0,0,0,Attending,eTicket,,,,,,,,,,,,NoSQL,No,,,,,,,-,-,,,,,,,,,,
BigDataCamp Silicon Valley @Strata 2014,10479449315,BigDataCamp,317512341,250554191317512000000,"Feb 3, 2014",GOPINATHAN,ILAYAPERUMAL,ilayaperumalg@gmail.com,,GOPINATHAN,ILAYAPERUMAL,,ilayaperumalg@gmail.com,1,BigDataCamp Attendee,"Feb 10, 2014 at 5:30 PM",,,"Tucson, AZ, United States",,,,250554191,Free Order,USD,0,0,0,0,0,Attending,eTicket,,,,,,,,,,,,none yet.,No,,,,,,,Staff Engineer,"Pivotal Inc.,",,,,,,,,,,
BigDataCamp Silicon Valley @Strata 2014,10479449315,BigDataCamp,317484041,250530805317484000000,"Feb 3, 2014",Corneillet,Ivan,ivan@paspeur.com,,Corneillet,Ivan,,ivan@paspeur.com,1,BigDataCamp Attendee,"Feb 10, 2014 at 5:30 PM",,,"Sunnyvale, CA, United States",,,,250530805,Free Order,USD,0,0,0,0,0,Attending,eTicket,,,,,,,,,,,,Strengths and weaknesses of the different NoSQL databases,Yes,,,,,,,Business Development,AMD,,,,,,,4087495340,,,
BigDataCamp Silicon Valley @Strata 2014,10479449315,BigDataCamp,320243293,252792859320243000000,"Feb 8, 2014",lamy,ludo,iy5el1osdagcrjj@jetable.org,,lamy,ludo,,iy5el1osdagcrjj@jetable.org,1,BigDataCamp Attendee,"Feb 10, 2014 at 5:30 PM",,,"San Jose, CA, United States",,,es2,252792859,Free Order,USD,0,0,0,0,0,Attending,eTicket,,,,,,,,,,,,analitics,,,,,,,,coo,gli,,,,,,,,,,
BigDataCamp Silicon Valley @Strata 2014,10479449315,BigDataCamp,317335957,250407857317336000000,"Feb 3, 2014",Yao,Jason,jason95035@gmail.com,,Yao,Jason,,jason95035@gmail.com,1,BigDataCamp Attendee,"Feb 10, 2014 at 5:30 PM",,,"Santa Clara, CA, United States",,,,250407857,Free Order,USD,0,0,0,0,0,Attending,eTicket,,,,,,,,,,,,Business big data,No,,,,,,,Director,Chalet Tech,,,,,,,4083726186,,,
BigDataCamp Silicon Valley @Strata 2014,10479449315,BigDataCamp,318811173,251622713318811000000,"Feb 5, 2014",Ju,Jingfu,jujingfunanshi@hotmail.com,,Ju,Jingfu,,jujingfunanshi@hotmail.com,1,BigDataCamp Attendee,"Feb 10, 2014 at 5:30 PM",,,"Mountain View, CA, United States",,,,251622713,Free Order,USD,0,0,0,0,0,Attending,eTicket,,,,,,,,,,,,R Analysis,Yes,,,,,,,Data Insight Engineer,Sensitel,,,,,,,,,,
BigDataCamp Silicon Valley @Strata 2014,10479449315,BigDataCamp,320548977,253039865320549000000,"Feb 9, 2014",Murdock,Justin,justin.murdock96@gmail.com,,Murdock,Justin,,justin.murdock96@gmail.com,1,BigDataCamp Attendee,"Feb 10, 2014 at 5:30 PM",,,"Berkeley, CA, United States",,,eemaileventremind,253039865,Free Order,USD,0,0,0,0,0,Attending,eTicket,,,,,,,,,,,,sql optimizations,No,,,,,,,Jr Software Engineer,"Lyris, Inc",,,,,,,510-384-1548,http://www.juliusakula.com,http://www.juliusakula.com,
BigDataCamp Silicon Valley @Strata 2014,10479449315,BigDataCamp,317783037,250774071317783000000,"Feb 3, 2014",Devi,Kalpana,Kalpanad@live.com,,Devi,Kalpana,,Kalpanad@live.com,1,BigDataCamp Attendee,"Feb 10, 2014 at 5:30 PM",,,Unknown Location,,,eiosdiscsear,250774071,Free Order,USD,0,0,0,0,0,Attending,eTicket,,,,,,,,,,,,Data Science,,,,,,,,Database S/W Engineer,SJUSD,,,,,,,408-535-6111,,,
BigDataCamp Silicon Valley @Strata 2014,10479449315,BigDataCamp,320068521,252647833320069000000,"Feb 8, 2014",wang,kam,kamwang@hotmail.com,,wang,kam,,kamwang@hotmail.com,1,BigDataCamp Attendee,"Feb 10, 2014 at 5:30 PM",,,"Sunnyvale, CA, United States",,,es2,252647833,Free Order,USD,0,0,0,0,0,Attending,eTicket,,,,,,,,,,,,a,No,,,,,,,software manager,imaculo,,,,,,,,,,
BigDataCamp Silicon Valley @Strata 2014,10479449315,BigDataCamp,317548569,250584041317549000000,"Feb 3, 2014",sutton,krissy,krissy.sutton@yahoo.com,,sutton,krissy,,krissy.sutton@yahoo.com,1,BigDataCamp Attendee,"Feb 10, 2014 at 5:30 PM",,,"Fremont, CA, United States",,,,250584041,Free Order,USD,0,0,0,0,0,Attending,eTicket,,,,,,,,,,,,na,Yes,,,,,,,manager,vertisystem,,,,,,,5102545624,,http://ksutton1979,
BigDataCamp Silicon Valley @Strata 2014,10479449315,BigDataCamp,317549073,250584487317549000000,"Feb 3, 2014",Savla,Kalpesh,ksavla@yahoo.com,,Savla,Kalpesh,,ksavla@yahoo.com,1,BigDataCamp Attendee,"Feb 10, 2014 at 5:30 PM",,,"Foster City, CA, United States",,,,250584487,Free Order,USD,0,0,0,0,0,Attending,eTicket,,,,,,,,,,,,Real time inmemory database and Big Data,No,,,,,,,CEO,Neova Solutions,,,,,,,408-355-8577,http://www.neovasolutions.com,,
BigDataCamp Silicon Valley @Strata 2014,10479449315,BigDataCamp,320944865,253364305320945000000,"Feb 10, 2014",Kumar,Kshitij,kshitij.kumar@yahoo.com,,Kumar,Kshitij,,kshitij.kumar@yahoo.com,1,BigDataCamp Attendee,"Feb 10, 2014 at 5:30 PM",,,"San Jose, CA, United States",,,,253364305,Free Order,USD,0,0,0,0,0,Attending,eTicket,,,,,,,,,,,,Big-Data and OpenStack,Yes,,,,,,,CEO,Kalki (Big-Data-Gurus),,,,,,,9193704555,big-data-gurus,,
BigDataCamp Silicon Valley @Strata 2014,10479449315,BigDataCamp,317384545,250447737317385000000,"Feb 3, 2014",Li,Kwok,kwokli@msn.com,,Li,Kwok,,kwokli@msn.com,1,BigDataCamp Attendee,"Feb 10, 2014 at 5:30 PM",,,"Santa Clara, CA, United States",,,,250447737,Free Order,USD,0,0,0,0,0,Attending,eTicket,,,,,,,,,,,,how to index bigdata efficiently,Yes,,,,,,,Project Manager,Fluke Networks,,,,,,,,,,
BigDataCamp Silicon Valley @Strata 2014,10479449315,BigDataCamp,318340905,251232925318341000000,"Feb 4, 2014",Massa-Lochridge,Lauren,laurloch@ieee.org,,Massa-Lochridge,Lauren,,laurloch@ieee.org,1,BigDataCamp Attendee,"Feb 10, 2014 at 5:30 PM",,,"Berkeley, CA, United States",,,,251232925,Free Order,USD,0,0,0,0,0,Attending,eTicket,,,,,,,,,,,,Big Data Democracy Tech ,Yes,,,,,,,Founder,WebScienceResearch.org,,,,,,,415-735-1873,WebScienceResearch.org,,
BigDataCamp Silicon Valley @Strata 2014,10479449315,BigDataCamp,319964353,252562029319964000000,"Feb 7, 2014",Lee,David,lcddave@gmail.com,,Lee,David,,lcddave@gmail.com,1,BigDataCamp Attendee,"Feb 10, 2014 at 5:30 PM",,,"San Francisco, CA, United States",,,,252562029,Free Order,USD,0,0,0,0,0,Attending,eTicket,,,,,,,,,,,,Questions asked and the data pipelines needed,,,,,,,,PM,Pivotal,,,,,,,,,,
BigDataCamp Silicon Valley @Strata 2014,10479449315,BigDataCamp,318217893,251131067318218000000,"Feb 4, 2014",Spratt,Loni,loni@entelo.com,,Spratt,Loni,,loni@entelo.com,1,BigDataCamp Attendee,"Feb 10, 2014 at 5:30 PM",,,"San Jose, CA, United States",,,,251131067,Free Order,USD,0,0,0,0,0,Attending,eTicket,,,,,,,,,,,,What is Hive?,Yes,,,,,,,Evangelist,Entelo,,,,,,,,,,
BigDataCamp Silicon Valley @Strata 2014,10479449315,BigDataCamp,320387205,252910565320387000000,"Feb 9, 2014",Lee,C,magacen21@yahoo.com,,Lee,C,,magacen21@yahoo.com,1,BigDataCamp Attendee,"Feb 10, 2014 at 5:30 PM",,,Unknown Location,,,,252910565,Free Order,USD,0,0,0,0,0,Attending,eTicket,,,,,,,,,,,,Hand-on introduction to data Visualization ,Yes,,,,,,,-,-,,,,,,,,,,
BigDataCamp Silicon Valley @Strata 2014,10479449315,BigDataCamp,318519101,251381873318519000000,"Feb 5, 2014",Jivan,Malathi,malathijiv@gmail.com,,Jivan,Malathi,,malathijiv@gmail.com,1,BigDataCamp Attendee,"Feb 10, 2014 at 5:30 PM",,,"San Jose, CA, United States",,,,251381873,Free Order,USD,0,0,0,0,0,Attending,eTicket,,,,,,,,,,,, Making big data easy to consume for the novice user,No,,,,,,,-,-,,,,,,,,,,
BigDataCamp Silicon Valley @Strata 2014,10479449315,BigDataCamp,318507231,251372001318507000000,"Feb 5, 2014",Samel,Manoj,manoj.samel@workday.com,,Samel,Manoj,,manoj.samel@workday.com,1,BigDataCamp Attendee,"Feb 10, 2014 at 5:30 PM",,,"Pleasanton, CA, United States",,,,251372001,Free Order,USD,0,0,0,0,0,Attending,eTicket,,,,,,,,,,,,Real time analytics on Hadoop using Spark,Yes,,,,,,,Software Engineer,Workday,,,,,,,,,,
BigDataCamp Silicon Valley @Strata 2014,10479449315,BigDataCamp,320769971,253221295320770000000,"Feb 10, 2014",azoulai,marion,marion.azoulai@edhec.com,,azoulai,marion,,marion.azoulai@edhec.com,1,BigDataCamp Attendee,"Feb 10, 2014 at 5:30 PM",,,"San Francisco, CA, United States",,,,253221295,Free Order,USD,0,0,0,0,0,Attending,eTicket,,,,,,,,,,,,Big Data and Online Advertizing,No,,,,,,,Marketing Analyst,Behaview,,,,,,,5102833278,,,
BigDataCamp Silicon Valley @Strata 2014,10479449315,BigDataCamp,318076297,251015789318076000000,"Feb 4, 2014",Mays,Carla,mays.carla@gmail.com,,Mays,Carla,,mays.carla@gmail.com,1,BigDataCamp Attendee,"Feb 10, 2014 at 5:30 PM",,,"Belmont, CA, United States",,,,251015789,Free Order,USD,0,0,0,0,0,Attending,eTicket,,,,,,,,,,,,Equity in Big Data,Yes,,,,,,,CEO & Founder,SIIR,,,,,,,4158572881,http://www.facebook.com/siirfoundation,,
BigDataCamp Silicon Valley @Strata 2014,10479449315,BigDataCamp,317574337,250605209317574000000,"Feb 3, 2014",Flynn,Mike,mfflynn@gmail.com,,Flynn,Mike,,mfflynn@gmail.com,1,BigDataCamp Attendee,"Feb 10, 2014 at 5:30 PM",,,"Los Angeles, CA, United States",,,,250605209,Free Order,USD,0,0,0,0,0,Attending,eTicket,,,,,,,,,,,,"Common big data architectures with various use cases, benefits and downsides.",No,,,,,,,Director of Technology,Collective Digital Studio,,,,,,,,http://collectivedigitalstudio.com,,
BigDataCamp Silicon Valley @Strata 2014,10479449315,BigDataCamp,317525109,250564735317525000000,"Feb 3, 2014",Muscarella,Greg,mgreg@umich.edu,,Muscarella,Greg,,mgreg@umich.edu,1,BigDataCamp Attendee,"Feb 10, 2014 at 5:30 PM",,,"San Jose, CA, United States",,,,250564735,Free Order,USD,0,0,0,0,0,Attending,eTicket,,,,,,,,,,,,"How is Big Data being adopted in the enterprise (use cases, infrastructure, organizational ownership...)",No,,,,,,,"VP, Product Management",Symantec ,,,,,,,,,,
BigDataCamp Silicon Valley @Strata 2014,10479449315,BigDataCamp,320082145,252659051320082000000,"Feb 8, 2014",Venkat,Mahesh,mhvenkat@yahoo.com,,Venkat,Mahesh,,mhvenkat@yahoo.com,1,BigDataCamp Attendee,"Feb 10, 2014 at 5:30 PM",,,"Fremont, CA, United States",,,,252659051,Free Order,USD,0,0,0,0,0,Attending,eTicket,,,,,,,,,,,,a Enterprise app in  the cloud ,Yes,,,,,,,Director of Engineering,Shutterfly,,,,,,,,,,
BigDataCamp Silicon Valley @Strata 2014,10479449315,BigDataCamp,320140149,252707359320140000000,"Feb 8, 2014",Lyubinin,Michael,michael@lyubinin.com,,Lyubinin,Michael,,michael@lyubinin.com,1,BigDataCamp Attendee,"Feb 10, 2014 at 5:30 PM",,,"Concord, CA, United States",,,,252707359,Free Order,USD,0,0,0,0,0,Attending,eTicket,,,,,,,,,,,,Predictive analytics for the enterprise,No,,,,,,,"Senior Director, Engineering",Genesys,,,,,,,,,,
BigDataCamp Silicon Valley @Strata 2014,10479449315,BigDataCamp,319964849,252562457319965000000,"Feb 7, 2014",Shah,Mishal,mishal.shah009@gmail.com,,Shah,Mishal,,mishal.shah009@gmail.com,1,BigDataCamp Attendee,"Feb 10, 2014 at 5:30 PM",,,"San Jose, CA, United States",,,,252562457,Free Order,USD,0,0,0,0,0,Attending,eTicket,,,,,,,,,,,,Hadoop,Yes,,,,,,,Student & Linux Systems admin,SJSU,,,,,,,5165078278,,,
BigDataCamp Silicon Valley @Strata 2014,10479449315,BigDataCamp,320233907,252785195320234000000,"Feb 8, 2014",Sardari,Mohsen,mohsensardari@yahoo.com,,Sardari,Mohsen,,mohsensardari@yahoo.com,1,BigDataCamp Attendee,"Feb 10, 2014 at 5:30 PM",,,Unknown Location,,,eiosdiscsear,252785195,Free Order,USD,0,0,0,0,0,Attending,eTicket,,,,,,,,,,,,Big Data in Video Gaming industry,No,,,,,,,Data Scientist,EA,,,,,,,,,,
BigDataCamp Silicon Valley @Strata 2014,10479449315,BigDataCamp,318775799,251593213318776000000,"Feb 5, 2014",Sikka,Ray,msikka@sensitel.com,,Sikka,Ray,,msikka@sensitel.com,1,BigDataCamp Attendee,"Feb 10, 2014 at 5:30 PM",,,"Mountain View, CA, United States",,,,251593213,Free Order,USD,0,0,0,0,0,Attending,eTicket,,,,,,,,,,,,Using Hadoop  for Real Time applications,Yes,,,,,,,Big Data Consultant,Sensitel Inc.,,,,,,,,,,
BigDataCamp Silicon Valley @Strata 2014,10479449315,BigDataCamp,317353927,250422649317354000000,"Feb 3, 2014",Shacham,Nachum,nachum@gmail.com,,Shacham,Nachum,,nachum@gmail.com,1,BigDataCamp Attendee,"Feb 10, 2014 at 5:30 PM",,,"San Jose, CA, United States",,,,250422649,Free Order,USD,0,0,0,0,0,Attending,eTicket,,,,,,,,,,,,Predictive modeling for big data,No,,,,,,,Principal Data Scientist,Paypal,,,,,,,,,,
BigDataCamp Silicon Valley @Strata 2014,10479449315,BigDataCamp,317394755,250456037317395000000,"Feb 3, 2014",Kasturi,Narsi,narsim2412@yahoo.com,,Kasturi,Narsi,,narsim2412@yahoo.com,1,BigDataCamp Attendee,"Feb 10, 2014 at 5:30 PM",,,"Santa Clara, CA, United States",,,,250456037,Free Order,USD,0,0,0,0,0,Attending,eTicket,,,,,,,,,,,,analytics,Yes,,,,,,,Co-founder,BigData Startup,,,,,,,,,,
BigDataCamp Silicon Valley @Strata 2014,10479449315,BigDataCamp,320154829,252719303320155000000,"Feb 8, 2014",Nguyen,Viet,neyugnteiv@gmail.com,,Nguyen,Viet,,neyugnteiv@gmail.com,1,BigDataCamp Attendee,"Feb 10, 2014 at 5:30 PM",,,"San Leandro, CA, United States",,,,252719303,Free Order,USD,0,0,0,0,0,Attending,eTicket,,,,,,,,,,,,analytics,Yes,,,,,,,consultant,self,,,,,,,,,,
BigDataCamp Silicon Valley @Strata 2014,10479449315,BigDataCamp,320564033,253052131320564000000,"Feb 9, 2014",Zhang,John,nianzu@yahoo.com,,Zhang,John,,nianzu@yahoo.com,1,BigDataCamp Attendee,"Feb 10, 2014 at 5:30 PM",,,"Milpitas, CA, United States",,,es2,253052131,Free Order,USD,0,0,0,0,0,Attending,eTicket,,,,,,,,,,,,non,,,,,,,,software engineer,Cisco,,,,,,,,,,
BigDataCamp Silicon Valley @Strata 2014,10479449315,BigDataCamp,317532767,250571165317533000000,"Feb 3, 2014",Patel,Nikhil,nikhil0416@gmail.com,,Patel,Nikhil,,nikhil0416@gmail.com,1,BigDataCamp Attendee,"Feb 10, 2014 at 5:30 PM",,,"Roseville, CA, United States",,,,250571165,Free Order,USD,0,0,0,0,0,Attending,eTicket,,,,,,,,,,,,Hadoop workshop,No,,,,,,,BI Project Lead,HP,,,,,,,,,,
BigDataCamp Silicon Valley @Strata 2014,10479449315,BigDataCamp,318353379,251243573318353000000,"Feb 4, 2014",Ramanan,Nate,nramanan@uscommunities.org,,Ramanan,Nate,,nramanan@uscommunities.org,1,BigDataCamp Attendee,"Feb 10, 2014 at 5:30 PM",,,"Alameda, CA, United States",,,,251243573,Free Order,USD,0,0,0,0,0,Attending,eTicket,,,,,,,,,,,,Case studies - Big Data Applications,No,,,,,,,Program Manager,U. S. Communities,,,,,,,,http://www.uscommunities.org,,
BigDataCamp Silicon Valley @Strata 2014,10479449315,BigDataCamp,320535511,253028791320535000000,"Feb 9, 2014",Ermolin,Olga,oermolin@gmail.com,,Ermolin,Olga,,oermolin@gmail.com,1,BigDataCamp Attendee,"Feb 10, 2014 at 5:30 PM",,,Unknown Location,,,,253028791,Free Order,USD,0,0,0,0,0,Attending,eTicket,,,,,,,,,,,,Tools for data science,Yes,,,,,,,Sr. Data modeling engineer,Mlslistings.com,,,,,,,,,,
BigDataCamp Silicon Valley @Strata 2014,10479449315,BigDataCamp,320031903,252617693320032000000,"Feb 7, 2014",W,Mi,outreach888@gmail.com,,W,Mi,,outreach888@gmail.com,1,BigDataCamp Attendee,"Feb 10, 2014 at 5:30 PM",,,"Berkeley, CA, United States",,,,252617693,Free Order,USD,0,0,0,0,0,Attending,eTicket,,,,,,,,,,,,demo,Yes,,,,,,,Developer,Googlexicon,,,,,,,,,,
BigDataCamp Silicon Valley @Strata 2014,10479449315,BigDataCamp,317795635,250784793317796000000,"Feb 4, 2014",Padhy,Paduka,padukaprasad@gmail.com,,Padhy,Paduka,,paduka@maxonic.com,1,BigDataCamp Attendee,"Feb 10, 2014 at 5:30 PM",,,"Cupertino, CA, United States",,,es2,250784793,Free Order,USD,0,0,0,0,0,Attending,eTicket,,,,,,,,,,,,Map Reduce for logs,No,,,,,,,Big Data Manager,Maxonic,,,,,,,,,,
BigDataCamp Silicon Valley @Strata 2014,10479449315,BigDataCamp,320585539,253069101320586000000,"Feb 10, 2014",Shah,Parin,parin.shah1807@gmail.com,,Shah,Parin,,parin.shah1807@gmail.com,1,BigDataCamp Attendee,"Feb 10, 2014 at 5:30 PM",,,"Los Gatos, CA, United States",,,eorg,253069101,Free Order,USD,0,0,0,0,0,Attending,eTicket,,,,,,,,,,,,Security in Big data,Yes,,,,,,,Event Supervisor,San Jose State University,,,,,,,6696662056,,,
BigDataCamp Silicon Valley @Strata 2014,10479449315,BigDataCamp,319986919,252580903319987000000,"Feb 7, 2014",Chow,Perry,perrychow@yahoo.com,,Chow,Perry,,perrychow@yahoo.com,1,BigDataCamp Attendee,"Feb 10, 2014 at 5:30 PM",,,"San Francisco, CA, United States",,,,252580903,Free Order,USD,0,0,0,0,0,Not Attending,eTicket,,,,,,,,,,,,Installation and implementation on public clouds,No,,,,,,,Engineer,PCH Designs,,,,,,,,,,
BigDataCamp Silicon Valley @Strata 2014,10479449315,BigDataCamp,317473951,250522357317474000000,"Feb 3, 2014",Khandelwal,Pankaj,pkhandu@gmail.com,,Khandelwal,Pankaj,,pkhandu@gmail.com,1,BigDataCamp Attendee,"Feb 10, 2014 at 5:30 PM",,,"San Jose, CA, United States",,,,250522357,Free Order,USD,0,0,0,0,0,Attending,eTicket,,,,,,,,,,,,Industry landscape - how different players are solving what problems.,No,,,,,,,Product Marketing Manager,SYNAPSE DESIGN AUTOMATION,,,,,,,9706917784,,,
BigDataCamp Silicon Valley @Strata 2014,10479449315,BigDataCamp,317183613,250281143317184000000,"Feb 2, 2014",Ponnuru,Satyanarayana,ponnuru_satya@yahoo.com,,Ponnuru,Satyanarayana,,ponnuru_satya@yahoo.com,1,BigDataCamp Attendee,"Feb 10, 2014 at 5:30 PM",,,United States,,,es2,250281143,Free Order,USD,0,0,0,0,0,Attending,eTicket,,,,,,,,,,,,Pig workshop,Yes,,,,,,,CEO,ALPN,,,,,,,,,,
BigDataCamp Silicon Valley @Strata 2014,10479449315,BigDataCamp,317654085,250669551317654000000,"Feb 3, 2014",Pujari,Pradeep,ppujari@gmail.com,,Pujari,Pradeep,,ppujari@gmail.com,1,BigDataCamp Attendee,"Feb 10, 2014 at 5:30 PM",,,Unknown Location,,,,250669551,Free Order,USD,0,0,0,0,0,Attending,eTicket,,,,,,,,,,,,Fun,Yes,,,,,,,Sr. Software architect,Macys.com,,,,,,,,,,
BigDataCamp Silicon Valley @Strata 2014,10479449315,BigDataCamp,318099561,251034917318100000000,"Feb 4, 2014",Gupta,Purush,purushgupta@gmail.com,,Gupta,Purush,,purushgupta@gmail.com,1,BigDataCamp Attendee,"Feb 10, 2014 at 5:30 PM",,,United States,,,,251034917,Free Order,USD,0,0,0,0,0,Attending,eTicket,,,,,,,,,,,,Bigdata,No,,,,,,,MTS,Nutanix,,,,,,,,,,
BigDataCamp Silicon Valley @Strata 2014,10479449315,BigDataCamp,317493393,250538743317493000000,"Feb 3, 2014",Srini,Rags,rags@acm.org,,Srini,Rags,,rags@acm.org,1,BigDataCamp Attendee,"Feb 10, 2014 at 5:30 PM",,,"Chelmsford, MA, United States",,,,250538743,Free Order,USD,0,0,0,0,0,Attending,eTicket,,,,,,,,,,,,OpenStack and Big Data,Yes,,,,,,,Architect,Self,,,,,,,,,,
BigDataCamp Silicon Valley @Strata 2014,10479449315,BigDataCamp,317401631,250461553317402000000,"Feb 3, 2014",Parab,Rahul,rahulmparab@gmail.com,,Parab,Rahul,,rahulmparab@gmail.com,1,BigDataCamp Attendee,"Feb 10, 2014 at 5:30 PM",,,"San Jose, CA, United States",,,,250461553,Free Order,USD,0,0,0,0,0,Attending,eTicket,,,,,,,,,,,,BigData,No,,,,,,,Market research analyst,eBay,,,,,,,,,,
BigDataCamp Silicon Valley @Strata 2014,10479449315,BigDataCamp,317472761,250521345317473000000,"Feb 3, 2014",Bhupathi,Rama Krishna,ramakris@gmail.com,,Bhupathi,Rama Krishna,,ramakris@gmail.com,1,BigDataCamp Attendee,"Feb 10, 2014 at 5:30 PM",,,"Roseville, CA, United States",,,,250521345,Free Order,USD,0,0,0,0,0,Attending,eTicket,,,,,,,,,,,,Big Data,No,,,,,,,Architect,HP,,,,,,,,,,
BigDataCamp Silicon Valley @Strata 2014,10479449315,BigDataCamp,317473523,250521991317474000000,"Feb 3, 2014",Narasimhan,Ram,ramnarasimhan@gmail.com,,Narasimhan,Ram,,ramnarasimhan@gmail.com,1,BigDataCamp Attendee,"Feb 10, 2014 at 5:30 PM",,,"Fremont, CA, United States",,,,250521991,Free Order,USD,0,0,0,0,0,Attending,eTicket,,,,,,,,,,,,"Quick Visualization Techniques.
Getting started with D3.js",Yes,,,,,,,Analyst,Root-1,,,,,,,,,,
BigDataCamp Silicon Valley @Strata 2014,10479449315,BigDataCamp,319975713,252571509319976000000,"Feb 7, 2014",Nemalipuri,Ravi,ravi.nemalipuri@gmail.com,,Nemalipuri,Ravi,,ravi.nemalipuri@gmail.com,1,BigDataCamp Attendee,"Feb 10, 2014 at 5:30 PM",,,"San Rafael, CA, United States",,,,252571509,Free Order,USD,0,0,0,0,0,Attending,eTicket,,,,,,,,,,,,Integrating with Current analytic reporting system.,Yes,,,,,,,Manager- Projects,Cognizant,,,,,,,,http://cognizant.com,,
BigDataCamp Silicon Valley @Strata 2014,10479449315,BigDataCamp,320108429,252680829320108000000,"Feb 8, 2014",ravi,ilango,ravii_2001@yahoo.com,,ravi,ilango,,ravii_2001@yahoo.com,1,BigDataCamp Attendee,"Feb 10, 2014 at 5:30 PM",,,"Cupertino, CA, United States",,,,252680829,Free Order,USD,0,0,0,0,0,Attending,eTicket,,,,,,,,,,,,Nothing comes to mind,Yes,,,,,,,Analyst,Apple,,,,,,,4088625303,,,
BigDataCamp Silicon Valley @Strata 2014,10479449315,BigDataCamp,317441193,250494247317441000000,"Feb 3, 2014",Bansal,Rakesh,rbansal@brocade.com,,Bansal,Rakesh,,rbansal@brocade.com,1,BigDataCamp Attendee,"Feb 10, 2014 at 5:30 PM",,,"San Jose, CA, United States",,,,250494247,Free Order,USD,0,0,0,0,0,Attending,eTicket,,,,,,,,,,,,Big Data's use case for companies with not so huge data.,No,,,,,,,Sr EIM Analyst,Brocade,,,,,,,,,,
BigDataCamp Silicon Valley @Strata 2014,10479449315,BigDataCamp,317528281,250567397317528000000,"Feb 3, 2014",Benson,Robert,rbensonpaloalto@netscape.net,,Benson,Robert,,rbensonpaloalto@netscape.net,1,BigDataCamp Attendee,"Feb 10, 2014 at 5:30 PM",,,"Mountain View, CA, United States",,,,250567397,Free Order,USD,0,0,0,0,0,Attending,eTicket,,,,,,,,,,,,business data lake,Yes,,,,,,,Product Marketing Manager,self,,,,,,,6509659656,,,
BigDataCamp Silicon Valley @Strata 2014,10479449315,BigDataCamp,317520211,250560683317520000000,"Feb 3, 2014",Sankar,Rekha,rekha.shankar@gmail.com,,Sankar,Rekha,,rekha.shankar@gmail.com,1,BigDataCamp Attendee,"Feb 10, 2014 at 5:30 PM",,,"Mountain View, CA, United States",,,,250560683,Free Order,USD,0,0,0,0,0,Attending,eTicket,,,,,,,,,,,,NA,,,,,,,,NA,NA,,,,,,,,,,
BigDataCamp Silicon Valley @Strata 2014,10479449315,BigDataCamp,319976441,252572167319976000000,"Feb 7, 2014",Sachdev,r,riri.says@gmail.com,,Sachdev,r,,riri.says@gmail.com,1,BigDataCamp Attendee,"Feb 10, 2014 at 5:30 PM",,,United States,,,,252572167,Free Order,USD,0,0,0,0,0,Attending,eTicket,,,,,,,,,,,,NA,,,,,,,,NA,NA,,,,,,,,,,
BigDataCamp Silicon Valley @Strata 2014,10479449315,BigDataCamp,320748297,253203607320748000000,"Feb 10, 2014",W,R,rmweisinger@gmail.com,,W,R,,rmweisinger@gmail.com,1,BigDataCamp Attendee,"Feb 10, 2014 at 5:30 PM",,,"Oswego, IL, United States",,,,253203607,Free Order,USD,0,0,0,0,0,Attending,eTicket,,,,,,,,,,,,-,No,,,,,,,-,-,,,,,,,,,,
BigDataCamp Silicon Valley @Strata 2014,10479449315,BigDataCamp,319966057,252563453319966000000,"Feb 7, 2014",Pednekar,Rohan,rohan.pednekar@outlook.com,,Pednekar,Rohan,,rohan.pednekar@outlook.com,1,BigDataCamp Attendee,"Feb 10, 2014 at 5:30 PM",,,Unknown Location,,,,252563453,Free Order,USD,0,0,0,0,0,Attending,eTicket,,,,,,,,,,,,Machin learning with MADlib,Yes,,,,,,,Web developer,Sjsu,,,,,,,4153167543,,,
BigDataCamp Silicon Valley @Strata 2014,10479449315,BigDataCamp,317369915,250435703317370000000,"Feb 3, 2014",Tam,Raphael,rtam@ozeansoft.com,,Tam,Raphael,,rtam@ozeansoft.com,1,BigDataCamp Attendee,"Feb 10, 2014 at 5:30 PM",,,"San Jose, CA, United States",,,,250435703,Free Order,USD,0,0,0,0,0,Attending,eTicket,,,,,,,,,,,,Hadoop Evolution,,,,,,,,Biz Develoopment,Ozeansoft,,,,,,,,,,
BigDataCamp Silicon Valley @Strata 2014,10479449315,BigDataCamp,317425025,250480387317425000000,"Feb 3, 2014",Venkataraman,Ramakrishnan,rvenkataraman@altierre.com,,Venkataraman,Ramakrishnan,,rvenkataraman@altierre.com,1,BigDataCamp Attendee,"Feb 10, 2014 at 5:30 PM",,,"San Jose, CA, United States",,,,250480387,Free Order,USD,0,0,0,0,0,Attending,eTicket,,,,,,,,,,,,"Apache Spark, Shark",Yes,,,,,,,"Director, Software",Altierre,,,,,,,,,,
BigDataCamp Silicon Valley @Strata 2014,10479449315,BigDataCamp,317669467,250682117317669000000,"Feb 3, 2014",Arnaudova,Svetla,sarnaudova@gmail.com,,Arnaudova,Svetla,,sarnaudova@gmail.com,1,BigDataCamp Attendee,"Feb 10, 2014 at 5:30 PM",,,"San Jose, CA, United States",,,,250682117,Free Order,USD,0,0,0,0,0,Attending,eTicket,,,,,,,,,,,,"Big data architecture, new trends, search solutions.",Yes,,,,,,,Engineer,Tibco Software,,,,,,,,,,
BigDataCamp Silicon Valley @Strata 2014,10479449315,BigDataCamp,317497677,250542215317498000000,"Feb 3, 2014",Raj,Sesh,seshr@projectware.com,,Raj,Sesh,,seshr@projectware.com,1,BigDataCamp Attendee,"Feb 10, 2014 at 5:30 PM",,,"Palo Alto, CA, United States",,,,250542215,Free Order,USD,0,0,0,0,0,Attending,eTicket,,,,,,,,,,,,Healthcare applications,Yes,,,,,,,cto,ProjectWare,,,,,,,4089405003,www.pojectware.com,,
BigDataCamp Silicon Valley @Strata 2014,10479449315,BigDataCamp,321040951,253442231321041000000,"Feb 10, 2014",McInerney,Stephen,spmcinerney@hotmail.com,,McInerney,Stephen,,spmcinerney@hotmail.com,1,BigDataCamp Attendee,"Feb 10, 2014 at 5:30 PM",,,"Mountain View, CA, United States",,,,253442231,Free Order,USD,0,0,0,0,0,Attending,eTicket,,,,,,,,,,,,Competing in data science competitions (Kaggle etc.),No,,,,,,,Consulting,Consulting,,,,,,,408-7715009,,,
BigDataCamp Silicon Valley @Strata 2014,10479449315,BigDataCamp,320115919,252686993320116000000,"Feb 8, 2014",Shroff,Sanjay,sshroff@gmail.com,,Shroff,Sanjay,,sshroff@gmail.com,1,BigDataCamp Attendee,"Feb 10, 2014 at 5:30 PM",,,Unknown Location,,,,252686993,Free Order,USD,0,0,0,0,0,Attending,eTicket,,,,,,,,,,,,%%%$$,Yes,,,,,,,Architect,Itl,,,,,,,,,,
BigDataCamp Silicon Valley @Strata 2014,10479449315,BigDataCamp,318071917,251012107318072000000,"Feb 4, 2014",Lek,Stephanie,stephanie.lh.lek@gmail.com,,Lek,Stephanie,,stephanie.lh.lek@gmail.com,1,BigDataCamp Attendee,"Feb 10, 2014 at 5:30 PM",,,"San Jose, CA, United States",,,,251012107,Free Order,USD,0,0,0,0,0,Attending,eTicket,,,,,,,,,,,,how to make data extraction faster ?,Yes,,,,,,,Data Quality Analyst,Apple Inc.,,,,,,,,,,
BigDataCamp Silicon Valley @Strata 2014,10479449315,BigDataCamp,317406503,250465429317406000000,"Feb 3, 2014",Mallya,Subraya,subrayamallya@gmail.com,,Mallya,Subraya,,subrayamallya@gmail.com,1,BigDataCamp Attendee,"Feb 10, 2014 at 5:30 PM",,,"Fremont, CA, United States",,,,250465429,Free Order,USD,0,0,0,0,0,Attending,eTicket,,,,,,,,,,,,predictive analytics,No,,,,,,,President,True Balance,,,,,,,,,,
BigDataCamp Silicon Valley @Strata 2014,10479449315,BigDataCamp,318231307,251142137318231000000,"Feb 4, 2014",K,Suresh,suriyan_2001@yahoo.com,,K,Suresh,,suriyan_2001@yahoo.com,1,BigDataCamp Attendee,"Feb 10, 2014 at 5:30 PM",,,"San Jose, CA, United States",,,,251142137,Free Order,USD,0,0,0,0,0,Attending,eTicket,,,,,,,,,,,,"Hadoop 2.0, Yarn",No,,,,,,,Tech Lead,Wipro,,,,,,,,,,
BigDataCamp Silicon Valley @Strata 2014,10479449315,BigDataCamp,317373377,250438641317373000000,"Feb 3, 2014",Tam,Raphael,tam.raphaelk@gmail.com,,Tam,Raphael,,tam.raphaelk@gmail.com,1,BigDataCamp Attendee,"Feb 10, 2014 at 5:30 PM",,,"San Jose, CA, United States",,,,250438641,Free Order,USD,0,0,0,0,0,Attending,eTicket,,,,,,,,,,,,Hadoop Evolution,,,,,,,,Business Development,Ozeansoft,,,,,,,4086767698,,,
BigDataCamp Silicon Valley @Strata 2014,10479449315,BigDataCamp,317554527,250588915317554000000,"Feb 3, 2014",tenneti,tejaswi,tentejswi@gmail.com,,tenneti,tejaswi,,tentejswi@gmail.com,1,BigDataCamp Attendee,"Feb 10, 2014 at 5:30 PM",,,"San Jose, CA, United States",,,,250588915,Free Order,USD,0,0,0,0,0,Attending,eTicket,,,,,,,,,,,,big data used for natural language processing applications,Yes,,,,,,,Software engineer,Oracle,,,,,,,,,,
BigDataCamp Silicon Valley @Strata 2014,10479449315,BigDataCamp,317627479,250647925317627000000,"Feb 3, 2014",Truong,Tom,tom.truong@karmasphere.com,,Truong,Tom,,tom.truong@karmasphere.com,1,BigDataCamp Attendee,"Feb 10, 2014 at 5:30 PM",,,United States,,,,250647925,Free Order,USD,0,0,0,0,0,Attending,eTicket,,,,,,,,,,,,YARN,No,,,,,,,Engineer,Karmasphere,,,,,,,,http://www.karmasphere.com,,
BigDataCamp Silicon Valley @Strata 2014,10479449315,BigDataCamp,320023399,252610795320023000000,"Feb 7, 2014",Nance,Tracy,tracy.nance@gmail.com,,Nance,Tracy,,tracy.nance@gmail.com,1,BigDataCamp Attendee,"Feb 10, 2014 at 5:30 PM",,,"Palo Alto, CA, United States",,,,252610795,Free Order,USD,0,0,0,0,0,Attending,eTicket,,,,,,,,,,,,0,No,,,,,,,Postdoc,Stanford University,,,,,,,,,,
BigDataCamp Silicon Valley @Strata 2014,10479449315,BigDataCamp,318899269,251696203318899000000,"Feb 5, 2014",Truong,Tricia,tricia.truong@digitalinsight.com,,Truong,Tricia,,tricia.truong@digitalinsight.com,1,BigDataCamp Attendee,"Feb 10, 2014 at 5:30 PM",,,"Mountain View, CA, United States",,,,251696203,Free Order,USD,0,0,0,0,0,Attending,eTicket,,,,,,,,,,,,NA,No,,,,,,,BSA,Digital Insight,,,,,,,,,,
BigDataCamp Silicon Valley @Strata 2014,10479449315,BigDataCamp,319893101,252503741319893000000,"Feb 7, 2014",Tung,Charles,tungs888@yahoo.com,,Tung,Charles,,tungs888@yahoo.com,1,BigDataCamp Attendee,"Feb 10, 2014 at 5:30 PM",,,"San Jose, CA, United States",,,es2,252503741,Free Order,USD,0,0,0,0,0,Attending,eTicket,,,,,,,,,,,,OCP,No,,,,,,,Developer,UVanguard,,,,,,,4082529533,,,
BigDataCamp Silicon Valley @Strata 2014,10479449315,BigDataCamp,317360831,250428159317361000000,"Feb 3, 2014",Agrawal,Rupal,u13579@hotmail.com,,Agrawal,Rupal,,u13579@hotmail.com,1,BigDataCamp Attendee,"Feb 10, 2014 at 5:30 PM",,,Unknown Location,,,,250428159,Free Order,USD,0,0,0,0,0,Attending,eTicket,,,,,,,,,,,,Insights using real-life applications of Big Data,Yes,,,,,,,PM,DAI,,,,,,,(773) 800-0747,,,
BigDataCamp Silicon Valley @Strata 2014,10479449315,BigDataCamp,317518589,250559431317519000000,"Feb 3, 2014",Mahida,Urvishsinh,unmahida@gmail.com,,Mahida,Urvishsinh,,unmahida@gmail.com,1,BigDataCamp Attendee,"Feb 10, 2014 at 5:30 PM",,,"Santa Clara, CA, United States",,,,250559431,Free Order,USD,0,0,0,0,0,Attending,eTicket,,,,,,,,,,,,Real time visuzliation with Big Data.,No,,,,,,,Engineer,QUALCOMM,,,,,,,4808629120,,,
BigDataCamp Silicon Valley @Strata 2014,10479449315,BigDataCamp,317749339,250746637317749000000,"Feb 3, 2014",Tso,Victor,victortso@yahoo.com,,Tso,Victor,,victortso@yahoo.com,1,BigDataCamp Attendee,"Feb 10, 2014 at 5:30 PM",,,"Menlo Park, CA, United States",,,,250746637,Free Order,USD,0,0,0,0,0,Attending,eTicket,,,,,,,,,,,,I don't have suggestion at this moment,No,,,,,,,Engineer,Advantous,,,,,,,,,,
BigDataCamp Silicon Valley @Strata 2014,10479449315,BigDataCamp,320553009,253043163320553000000,"Feb 9, 2014",goldin,viktor,vikgoldin@gmail.com,,goldin,viktor,,vikgoldin@gmail.com,1,BigDataCamp Attendee,"Feb 10, 2014 at 5:30 PM",,,"San Jose, CA, United States",,,,253043163,Free Order,USD,0,0,0,0,0,Attending,eTicket,,,,,,,,,,,,na,No,,,,,,,cio,ventrex inc,,,,,,,,,,
BigDataCamp Silicon Valley @Strata 2014,10479449315,BigDataCamp,317786613,250777069317787000000,"Feb 3, 2014",Verma,Vinay,vinay.verma@sloan.mit.edu,,Verma,Vinay,,vinay.verma@sloan.mit.edu,1,BigDataCamp Attendee,"Feb 10, 2014 at 5:30 PM",,,"Fremont, CA, United States",,,,250777069,Free Order,USD,0,0,0,0,0,Attending,eTicket,,,,,,,,,,,,"Closing the big data money loop. As a business owner I invest $100 in big data, how much is my ROI. ",Yes,,,,,,,Product Manager,Baynote,,,,,,,,,,
BigDataCamp Silicon Valley @Strata 2014,10479449315,BigDataCamp,320130343,252699077320130000000,"Feb 8, 2014",Grado,Victor,vitekny@gmail.com,,Grado,Victor,,vitekny@gmail.com,1,BigDataCamp Attendee,"Feb 10, 2014 at 5:30 PM",,,United States,,,,252699077,Free Order,USD,0,0,0,0,0,Attending,eTicket,,,,,,,,,,,,Parquet ,Yes,,,,,,,Sr Cloud Architect,Verizon,,,,,,,,,,
BigDataCamp Silicon Valley @Strata 2014,10479449315,BigDataCamp,317517745,250558711317518000000,"Feb 3, 2014",Chopra,Vivek,vivekchopra@yahoo.com,,Chopra,Vivek,,vivekchopra@yahoo.com,1,BigDataCamp Attendee,"Feb 10, 2014 at 5:30 PM",,,"San Francisco, CA, United States",,,,250558711,Free Order,USD,0,0,0,0,0,Attending,eTicket,,,,,,,,,,,,Impala,No,,,,,,,Engineer,_,,,,,,,6505551212,,,
BigDataCamp Silicon Valley @Strata 2014,10479449315,BigDataCamp,320032797,252618393320033000000,"Feb 7, 2014",wang,dean,wang.dean@inventec.com,,wang,dean,,wang.dean@inventec.com,1,BigDataCamp Attendee,"Feb 10, 2014 at 5:30 PM",,,United States,,,,252618393,Free Order,USD,0,0,0,0,0,Attending,eTicket,,,,,,,,,,,,programming realtime MapR on Hadoop,Yes,,,,,,,architect,inventec,,,,,,,4089889588,http://www.inventec.com,,
BigDataCamp Silicon Valley @Strata 2014,10479449315,BigDataCamp,317568745,250600485317569000000,"Feb 3, 2014",Wang,Johnny,wang6697@yahoo.com,,Wang,Johnny,,wang6697@yahoo.com,1,BigDataCamp Attendee,"Feb 10, 2014 at 5:30 PM",,,"San Jose, CA, United States",,,,250600485,Free Order,USD,0,0,0,0,0,Attending,eTicket,,,,,,,,,,,,cloud,Yes,,,,,,,Tool Manager,TriQuint,,,,,,,4085776246,http://www.triquint.com,,
BigDataCamp Silicon Valley @Strata 2014,10479449315,BigDataCamp,320005165,252595935320005000000,"Feb 7, 2014",Liang,Wei,weizhu@hotmail.com,,Liang,Wei,,weizhu@hotmail.com,1,BigDataCamp Attendee,"Feb 10, 2014 at 5:30 PM",,,Unknown Location,,,,252595935,Free Order,USD,0,0,0,0,0,Attending,eTicket,,,,,,,,,,,,Spark,No,,,,,,,engineer,Self,,,,,,,5108529888,,,
BigDataCamp Silicon Valley @Strata 2014,10479449315,BigDataCamp,317466641,250516163317467000000,"Feb 3, 2014",Wang,Wenfeng,Wenfeng.wang@yahoo.com,,Wang,Wenfeng,,Wenfeng.wang@yahoo.com,1,BigDataCamp Attendee,"Feb 10, 2014 at 5:30 PM",,,"Los Altos, CA, United States",,,,250516163,Free Order,USD,0,0,0,0,0,Attending,eTicket,,,,,,,,,,,,big data,Yes,,,,,,,Scientist,Venor INC,,,,,,,,,,
BigDataCamp Silicon Valley @Strata 2014,10479449315,BigDataCamp,317464751,250514617317465000000,"Feb 3, 2014",Davis,William,will@clearstorydata.com,,Davis,Will,,will@clearstorydata.com,1,BigDataCamp Attendee,"Feb 10, 2014 at 5:30 PM",,,"Palo Alto, CA, United States",,,,250514617,Free Order,USD,0,0,0,0,0,Attending,eTicket,,,,,,,,,,,,Organizational Changes Towards Data - Bringing More Data to More Decisions,Yes,,,,,,,Sr. PMM,ClearStory Data,,,,,,,,,,
BigDataCamp Silicon Valley @Strata 2014,10479449315,BigDataCamp,320830395,253269759320830000000,"Feb 10, 2014",Breek,Yan,ybreek@yahoo.com,,Breek,Yan,,ybreek@yahoo.com,1,BigDataCamp Attendee,"Feb 10, 2014 at 5:30 PM",,,Unknown Location,,,,253269759,Free Order,USD,0,0,0,0,0,Attending,eTicket,,,,,,,,,,,,Most frequently used machine learning models for Big Data,Yes,,,,,,,Senior Solutions Architect,Alpine Data Labs,,,,,,,,,,
BigDataCamp Silicon Valley @Strata 2014,10479449315,BigDataCamp,317509337,250551777317509000000,"Feb 3, 2014",Sun,Ye,ye_sun@yahoo.com,,Sun,Ye,,ye_sun@yahoo.com,1,BigDataCamp Attendee,"Feb 10, 2014 at 5:30 PM",,,"San Jose, CA, United States",,,,250551777,Free Order,USD,0,0,0,0,0,Attending,eTicket,,,,,,,,,,,,real-time hadoop,No,,,,,,,Senior Manager,PayPal,,,,,,,4088278062,,,
BigDataCamp Silicon Valley @Strata 2014,10479449315,BigDataCamp,320039825,252623975320040000000,"Feb 8, 2014",Erisen,Yusuf,yerisen80@gmail.com,,Erisen,Yusuf,,yerisen80@gmail.com,1,BigDataCamp Attendee,"Feb 10, 2014 at 5:30 PM",,,"Fremont, CA, United States",,,,252623975,Free Order,USD,0,0,0,0,0,Attending,eTicket,,,,,,,,,,,,NoSQL,No,,,,,,,Researcher,TUBITAK,,,,,,,,,,
BigDataCamp Silicon Valley @Strata 2014,10479449315,BigDataCamp,320271673,252816533320272000000,"Feb 8, 2014",Takhirov,Zafar,z.tahirov@gmail.com,,Takhirov,Zafar,,z.tahirov@gmail.com,1,BigDataCamp Attendee,"Feb 10, 2014 at 5:30 PM",,,"Santa Clara, CA, United States",,,eemaileventremind,252816533,Free Order,USD,0,0,0,0,0,Attending,eTicket,,,,,,,,,,,,machine laerning,,,,,,,,Developer,ADI,,,,,,,,,,
