Event Name,Event ID,Organizer Name,Attendee #,Barcode #,Order Date,Buyer Last Name,Buyer First Name,Buyer Email,Prefix,Last Name,First Name,Suffix,Email,Quantity,Ticket Type,Date Attending,Device #,Check-In Date,IP Location,Discount,Group,Affiliate,Order #,Order Type,Currency,Total Paid,Fees Paid,Eventbrite Fees,Eventbrite Payment Processing,Tax Paid,Attendee Status,Ticket Delivery Method,Home Address 1,Home Address 2,Home City,Home State,Home Zip,Home Country,Home Phone,Cell Phone,Gender,Age,Birth Date,Please suggest a topic for an unconference session,Would you like to receive BigData-related emails from our event sponsors.,Shipping Address 1,Shipping Address 2,Shipping City,Shipping State,Shipping Zip,Shipping Country,Job Title,Company,Work Address 1,Work Address 2,Work City,Work State,Work Zip,Work Country,Work Phone,Website,Blog,Notes
"BigDataCamp Austin - Dec 10, 2013",9095897073,BigDataCamp,296238363,233215537296238000000,"Dec 2, 2013",Kuzmin,Andrew,a_g_kuzmin@yahoo.com,,Kuzmin,Andrew,,a_g_kuzmin@yahoo.com,1,Attendee,"Dec 10, 2013 at 6:00 PM",,,United States,,,eorg,233215537,Free Order,USD,0,0,0,0,0,Attending,eTicket,,,,TX,,US,,,,,,DataMining tools and best practices,No,,,,,,,Development Manager,ESO Solutions,,,,,,,,,,
"BigDataCamp Austin - Dec 10, 2013",9095897073,BigDataCamp,298564715,235147103298565000000,"Dec 9, 2013",Smith,Aaron,acsmith8@gmail.com,,Smith,Aaron,,acsmith8@gmail.com,1,Attendee,"Dec 10, 2013 at 6:00 PM",,,Unknown Location,,,eanddiscrelepopu,235147103,Free Order,USD,0,0,0,0,0,Attending,eTicket,,,,TX,78613,US,,,,,,Big Data & Social Issues,Yes,,,,,,,Consultant,Self,,,,,,,,,,
"BigDataCamp Austin - Dec 10, 2013",9095897073,BigDataCamp,296099127,233102577296099000000,"Dec 2, 2013",Husain,Amir,ahusain@gmail.com,,Husain,Amir,,ahusain@gmail.com,1,Attendee,"Dec 10, 2013 at 6:00 PM",,,"Austin, TX, United States",,,,233102577,Free Order,USD,0,0,0,0,0,Attending,eTicket,,,,TX,,US,,,,,,,,,,,,,,Founder and CEO,SparkCognition,,,,,,,,,,
"BigDataCamp Austin - Dec 10, 2013",9095897073,BigDataCamp,298424167,235029733298424000000,"Dec 8, 2013",Jain,Ankur,ajain@archipelagois.com,,Jain,Ankur,,ajain@archipelagois.com,1,Attendee,"Dec 10, 2013 at 6:00 PM",,,"Round Rock, TX, United States",,,,235029733,Free Order,USD,0,0,0,0,0,Attending,eTicket,,,,TX,,US,,,,,,,,,,,,,,Vice President,Archipelago,,,,,,,,,,
"BigDataCamp Austin - Dec 10, 2013",9095897073,BigDataCamp,298394519,235005633298395000000,"Dec 8, 2013",Kopac,Alexander,alexander_kopac@hotmail.com,,Kopac,Alexander,,alexander_kopac@hotmail.com,1,Attendee,"Dec 10, 2013 at 6:00 PM",,,"Austin, TX, United States",,,,235005633,Free Order,USD,0,0,0,0,0,Attending,eTicket,,,,TX,,US,,,,,,,No,,,,,,,DBA,Home Depot,,,,,,,,,,
"BigDataCamp Austin - Dec 10, 2013",9095897073,BigDataCamp,298751579,235303005298752000000,"Dec 9, 2013",Du,Ann,anndu2@gmail.com,,Du,Ann,,anndu2@gmail.com,1,Attendee,"Dec 10, 2013 at 6:00 PM",,,"Austin, TX, United States",,,es2,235303005,Free Order,USD,0,0,0,0,0,Attending,eTicket,PO Box 26574,,Austin,TX,78755,US,,,,,,,Yes,,,,,,,Portfolio Mgmt,GM,,,,,,,5129476373,,,
"BigDataCamp Austin - Dec 10, 2013",9095897073,BigDataCamp,296230105,233208711296230000000,"Dec 2, 2013",Daniels,Armand,armanddaniels@yahoo.com,,Daniels,Armand,,armanddaniels@yahoo.com,1,Attendee,"Dec 10, 2013 at 6:00 PM",,,"Austin, TX, United States",,,epop,233208711,Free Order,USD,0,0,0,0,0,Attending,eTicket,4803 red river st,PO Box 152122,Austin,TX,78751,US,,,,,,,Yes,,,,,,,Managing Partner,Peak Recruit,,,,,,,5124871742,http://www.peakrecruit.com/,,
"BigDataCamp Austin - Dec 10, 2013",9095897073,BigDataCamp,282501269,222169535282501000000,"Oct 30, 2013",Thinagarajan,Arvind,arvindt66@gmail.com,,Thinagarajan,Arvind,,arvindt66@gmail.com,1,Attendee,"Dec 10, 2013 at 6:00 PM",,,"Austin, TX, United States",,,austin,222169535,Free Order,USD,0,0,0,0,0,Attending,eTicket,,,,TX,,US,,,,,,,,,,,,,,Decision Scientist,Mu Sigma,,,,,,,,,,
"BigDataCamp Austin - Dec 10, 2013",9095897073,BigDataCamp,297707995,,"Dec 6, 2013",satyanarayana,arumudan,asatyan@yahoo.com,,satyanarayana,arumudan,,asatyan@yahoo.com,1,Attendee w/ Donation,"Dec 10, 2013 at 6:00 PM",,,"Plano, TX, United States",,,,234433421,Abandoned,USD,26.62,1.62,1.62,0,0,Abandoned,eTicket,8200 spring Valley ln,,plano,TX,75025,US,,,,,,,Yes,,,,,,,President,Knowledge Flower,,,,,,,,,,
"BigDataCamp Austin - Dec 10, 2013",9095897073,BigDataCamp,285854737,224889677285855000000,"Nov 6, 2013",Carballido,Augusto ,augusto.carballido@gmail.com,,Carballido,Augusto,,augusto.carballido@gmail.com,1,Attendee,"Dec 10, 2013 at 6:00 PM",,,"Austin, TX, United States",,,austin,224889677,Free Order,USD,0,0,0,0,0,Attending,eTicket,8305 Dove Valley Cove,,Austin,TX,78729,US,,,,,,,Yes,,,,,,,Postdoctoral Scholar,University of Texas at Austin,,,,,,,,,http://datamines.wordpress.com,
"BigDataCamp Austin - Dec 10, 2013",9095897073,BigDataCamp,297082549,233909565297083000000,"Dec 4, 2013",Jackson-Gaspard,Barbara,barbara.gaspard@us.army.mil,,Jackson,Barbara,,barbara.gaspard@us.army.mil,1,Attendee,"Dec 10, 2013 at 6:00 PM",,,"San Antonio, TX, United States",,,,233909565,Free Order,USD,0,0,0,0,0,Attending,eTicket,,,,TX,,US,,,,,,,,,,,,,,DBA,DOD,,,,,,,,,,
"BigDataCamp Austin - Dec 10, 2013",9095897073,BigDataCamp,297953225,234637837297953000000,"Dec 6, 2013",Danziger,Debra,debra@onr.com,,Baker,Brian,,bbaker@onr.com,1,Attendee,"Dec 10, 2013 at 6:00 PM",,,"Austin, TX, United States",,,eanrec101,234637837,Free Order,USD,0,0,0,0,0,Attending,eTicket,,,,TX,,US,,,,,,,,,,,,,,Business Development,OnRamp,,,,,,,,http://onr.com,http://blog.onr.com,
"BigDataCamp Austin - Dec 10, 2013",9095897073,BigDataCamp,282665933,222303837282666000000,"Oct 30, 2013",Zenchenko,Bijaya,bijaya23@gmail.com,,Zenchenko,Bijaya,,bijaya23@gmail.com,1,Attendee,"Dec 10, 2013 at 6:00 PM",,,"Round Rock, TX, United States",,,austin,222303837,Free Order,USD,0,0,0,0,0,Attending,eTicket,16240 Travesia Way,,Austin,TX,78728,US,,,,,,,Yes,,,,,,,Research Engineer,Self,,,,,,,7742679122,,,
"BigDataCamp Austin - Dec 10, 2013",9095897073,BigDataCamp,297771319,234486925297771000000,"Dec 6, 2013",Schultz,Blaine,blaine.schultz@TransVoaynt.com.com,,Schultz,Blaine,,blaine.schultz@transvoyant.com,1,Attendee w/ Donation,"Dec 10, 2013 at 6:00 PM",,,"Austin, TX, United States",,,,234486925,PayPal Completed,USD,11.24,1.24,1.24,0,0,Attending,eTicket,3923 run of the oaks apt d,,austin,TX,78704,US,,,,,,Real-time analytics,Yes,,,,,,,Business Development,TransVoyant,,,,,,,512-329-2852,,,
"BigDataCamp Austin - Dec 10, 2013",9095897073,BigDataCamp,298305805,234932879298306000000,"Dec 8, 2013",Lovett,Brent,brent_lovett@dell.com,,Lovett,Brent,,brent_lovett@dell.com,1,Attendee,"Dec 10, 2013 at 6:00 PM",,,"Houston, TX, United States",,,eanrec101,234932879,Free Order,USD,0,0,0,0,0,Attending,eTicket,,,,TX,,US,,,,,,,No,,,,,,,"Platform Engineering, eDell",Dell,,,,,,,(806) 252-7980,,,
"BigDataCamp Austin - Dec 10, 2013",9095897073,BigDataCamp,296968589,233812815296969000000,"Dec 4, 2013",Avey,Buck,buck_avey@dell.com,,Avey,Buck,,buck_avey@dell.com,1,Attendee,"Dec 10, 2013 at 6:00 PM",,,"Leander, TX, United States",,,2013,233812815,Free Order,USD,0,0,0,0,0,Attending,eTicket,,,,TX,,US,,,,,,,,,,,,,,Director Cloud Services,Dell,,,,,,,,,,
"BigDataCamp Austin - Dec 10, 2013",9095897073,BigDataCamp,294761807,232004415294762000000,"Nov 27, 2013",Budd,Steven,buddsm@mtc.byu.edu,,Budd,Steven,,buddsm@mtc.byu.edu,1,Attendee,"Dec 10, 2013 at 6:00 PM",,,"Springville, UT, United States",,,,232004415,Free Order,USD,0,0,0,0,0,Attending,eTicket,2005 North 900 East,IT Support,Provo,UT,84604,US,,,,,,,Yes,,,,,,,Systems Administrator,Missionary Training Center,,,,,,,8014226996,http://mtc.byu.edu,,
"BigDataCamp Austin - Dec 10, 2013",9095897073,BigDataCamp,298587177,235166153298587000000,"Dec 9, 2013",Ohm,Candace,candace.ann.ohm@gmail.com,,Ohm,Candace,,candace.ann.ohm@gmail.com,1,Attendee,"Dec 10, 2013 at 6:00 PM",,,"Austin, TX, United States",,,,235166153,Free Order,USD,0,0,0,0,0,Attending,eTicket,5905 Glenhollow path,,Austin,TX,78745,US,,,,,,,No,,,,,,,Analytics Developer,Spiceworks,,,,,,,,,,
"BigDataCamp Austin - Dec 10, 2013",9095897073,BigDataCamp,296873921,233732633296874000000,"Dec 4, 2013",Aniszczyk,Chris,caniszczyk@gmail.com,,Aniszczyk,Chris,,caniszczyk@gmail.com,1,Attendee,"Dec 10, 2013 at 6:00 PM",,,"Hammond, LA, United States",,,2013,233732633,Free Order,USD,0,0,0,0,0,Attending,eTicket,,,,TX,,US,,,,,,Mesos,No,,,,,,,Engineering Manager,Twitter,,,,,,,,http://aniszczyk.org,http://aniszczyk.org,
"BigDataCamp Austin - Dec 10, 2013",9095897073,BigDataCamp,289188669,227527037289189000000,"Nov 13, 2013",Justice,Robert,CannondaleRob@gmail.com,,Justice,Robert,,CannondaleRob@gmail.com,1,Attendee,"Dec 10, 2013 at 6:00 PM",,,"Round Rock, TX, United States",,,,227527037,Free Order,USD,0,0,0,0,0,Attending,eTicket,4049 Cargill Dr,,Round Rock,TX,78681,US,,,,,,,Yes,,,,,,,Designated Support Engineer,Cloudera,,,,,,,,http://www.cloudera.com,,
"BigDataCamp Austin - Dec 10, 2013",9095897073,BigDataCamp,287579539,226220457287580000000,"Nov 10, 2013",Brotherton,Casey,cbrotherton@cloudera.com,,Brotherton,Casey,,cbrotherton@cloudera.com,1,Attendee,"Dec 10, 2013 at 6:00 PM",,,"Austin, TX, United States",,,eanrec101,226220457,Free Order,USD,0,0,0,0,0,Attending,eTicket,,,,TX,,US,,,,,,,Yes,,,,,,,Customer Operations Engineer supporting Hadoop,Cloudera,,,,,,,,,,
"BigDataCamp Austin - Dec 10, 2013",9095897073,BigDataCamp,297354417,234141631297354000000,"Dec 5, 2013",Krish,Chandra,chankrish0@gmail.com,,Krish,Chandra,,chankrish0@gmail.com,1,Attendee,"Dec 10, 2013 at 6:00 PM",,,"Austin, TX, United States",,,austin,234141631,Free Order,USD,0,0,0,0,0,Attending,eTicket,,,Austin,TX,78753,US,,,,,,Social Data Analytics,Yes,,,,,,,Senior Manager,iLink Systems Inc.,,,,,,,,,,
"BigDataCamp Austin - Dec 10, 2013",9095897073,BigDataCamp,287443507,226112455287443000000,"Nov 9, 2013",Holden,Chip,cholden@gmail.com,,Holden,Chip,,cholden@gmail.com,1,Attendee,"Dec 10, 2013 at 6:00 PM",,,Unknown Location,,,eanrecfb101,226112455,Free Order,USD,0,0,0,0,0,Attending,eTicket,,,Austin,TX,78759,US,,,,,,,No,,,,,,,Principal Architect,Zenoss,,,,,,,,,,
"BigDataCamp Austin - Dec 10, 2013",9095897073,BigDataCamp,282729539,222355235282730000000,"Oct 30, 2013",Larson,Chris,chris@chrislarson.me,,Larson,Chris,,chris@chrislarson.me,1,Attendee,"Dec 10, 2013 at 6:00 PM",,,United States,,,austin,222355235,Free Order,USD,0,0,0,0,0,Attending,eTicket,11500 N Mopac Expwy,,Austin,TX,78759,US,,,,,,,Yes,,,,,,,Staff Software Engineer,National Instruments,,,,,,,,,http://chrislarson.me,
"BigDataCamp Austin - Dec 10, 2013",9095897073,BigDataCamp,282503879,222171621282504000000,"Oct 30, 2013",Aniszczyk,Chris,chrisa@twitter.com,,Aniszczyk,Chris,,chrisa@twitter.com,1,Attendee,"Dec 10, 2013 at 6:00 PM",,,"Hammond, LA, United States",,,austin,222171621,Free Order,USD,0,0,0,0,0,Attending,eTicket,,,,TX,,US,,,,,,Mesos,No,,,,,,,Engineering Manager,Twitter,,,,,,,,http://aniszczyk.org,http://aniszczyk.org,
"BigDataCamp Austin - Dec 10, 2013",9095897073,BigDataCamp,298744973,235297565298745000000,"Dec 9, 2013",h,chris,chrismail@gmail.com,,h,chris,,chrismail@gmail.com,1,Attendee,"Dec 10, 2013 at 6:00 PM",,,"Austin, TX, United States",,,eanrec101,235297565,Free Order,USD,0,0,0,0,0,Attending,eTicket,2009 Alguno Rd,,Austin,TX,78757,US,,,,,,,No,,,,,,,student,MakerSquare,,,,,,,,,,
"BigDataCamp Austin - Dec 10, 2013",9095897073,BigDataCamp,297648061,234383193297648000000,"Dec 5, 2013",Doig,Christine,christine.doig.cardet@gmail.com,,Doig,Christine,,christine.doig.cardet@gmail.com,1,Attendee,"Dec 10, 2013 at 6:00 PM",,,United States,,,,234383193,Free Order,USD,0,0,0,0,0,Attending,eTicket,,,,TX,,US,,,,,,,No,,,,,,,Data analyst,-,,,,,,,,,,
"BigDataCamp Austin - Dec 10, 2013",9095897073,BigDataCamp,297564191,234314221297564000000,"Dec 5, 2013",Zavaleta,Chris,chriszavaleta@gmail.com,,Zavaleta,Chris,,chriszavaleta@gmail.com,1,Attendee,"Dec 10, 2013 at 6:00 PM",,,"Wimberley, TX, United States",,,,234314221,Free Order,USD,0,0,0,0,0,Attending,eTicket,One Dell Way,,Round Rock,TX,78682,US,,,,,,,,,,,,,,Solutions Architect,"Dell, Inc.",,,,,,,5128429610,,,
"BigDataCamp Austin - Dec 10, 2013",9095897073,BigDataCamp,295832647,232881089295833000000,"Dec 2, 2013",Kumar,C.K.,alliances4pca@gmail.com,,Kumar,C.K.,,CK@SenteAdvisory.com,1,Attendee,"Dec 10, 2013 at 6:00 PM",,,"Austin, TX, United States",,,epop,232881089,Free Order,USD,0,0,0,0,0,Attending,eTicket,,,,TX,,US,,,,,,,No,,,,,,,Partner,Sente Advisory Services,,,,,,,,,,
"BigDataCamp Austin - Dec 10, 2013",9095897073,BigDataCamp,298554439,235138659298554000000,"Dec 9, 2013",Heath,Clint,clint@cloudera.com,,Heath,Clint,,clint@cloudera.com,1,Attendee,"Dec 10, 2013 at 6:00 PM",,,"Round Rock, TX, United States",,,,235138659,Free Order,USD,0,0,0,0,0,Attending,eTicket,,,,TX,,US,,,,,,,Yes,,,,,,,Community Manager,Cloudera,,,,,,,,http://community.cloudera.com,http://blog.cloudera.com/blog/2013/11/approaches-to-backup-and-disaster-recovery-in-hbase/,
"BigDataCamp Austin - Dec 10, 2013",9095897073,BigDataCamp,298750975,235302505298751000000,"Dec 9, 2013",Putti,Lakshmikanth,contactputti@gmail.com,,Putti,Lakshmikanth,,contactputti@gmail.com,1,Attendee,"Dec 10, 2013 at 6:00 PM",,,"Singapore, Singapore",,,es2,235302505,Free Order,USD,0,0,0,0,0,Attending,eTicket,"Punggol, Field",,Singapore,822110,,SG,,,,,,,Yes,,,,,,,Sr IT Admin,DB,,,,,,,,,,
"BigDataCamp Austin - Dec 10, 2013",9095897073,BigDataCamp,297493727,234256359297494000000,"Dec 5, 2013",Cope,Jonathan,cope.jonathan@gmail.com,,Cope,Jonathan,,cope.jonathan@gmail.com,1,Attendee,"Dec 10, 2013 at 6:00 PM",,,"Austin, TX, United States",,,,234256359,Free Order,USD,0,0,0,0,0,Attending,eTicket,,,,TX,,US,,,,,,,,,,,,,,Student,Texas State University,,,,,,,,,,
"BigDataCamp Austin - Dec 10, 2013",9095897073,BigDataCamp,297253037,234054915297253000000,"Dec 4, 2013",Buerstatte,Craig,craig.buerstatte@gmail.com,,Buerstatte,Craig,,craig.buerstatte@gmail.com,1,Attendee,"Dec 10, 2013 at 6:00 PM",,,"Austin, TX, United States",,,,234054915,Free Order,USD,0,0,0,0,0,Attending,eTicket,,,,TX,,US,,,,,,,No,,,,,,,student,Coursera,,,,,,,,,,
"BigDataCamp Austin - Dec 10, 2013",9095897073,BigDataCamp,285640547,224716411285640000000,"Nov 6, 2013",Shackleton,Craig,craigrshackleton@gmail.com,,Shackleton,Craig,,craigrshackleton@gmail.com,1,Attendee,"Dec 10, 2013 at 6:00 PM",,,Unknown Location,,,eanddiscrelecrbl,224716411,Free Order,USD,0,0,0,0,0,Attending,eTicket,,,,,,US,,,,,,,No,,,,,,,Engineering Manager,Semiconductor,,,,,,,,,,
"BigDataCamp Austin - Dec 10, 2013",9095897073,BigDataCamp,292125083,229894073292125000000,"Nov 20, 2013",Dobbins,David,david.dobbins@rackspace.com,,Dobbins,David,,david.dobbins@rackspace.com,1,Attendee,"Dec 10, 2013 at 6:00 PM",,,"San Antonio, TX, United States",,,,229894073,Free Order,USD,0,0,0,0,0,Attending,eTicket,,,,TX,,US,,,,,,,No,,,,,,,Engineering Manager,Rackspace,,,,,,,,,,
"BigDataCamp Austin - Dec 10, 2013",9095897073,BigDataCamp,298737939,235291723298738000000,"Dec 9, 2013",Inbar,David,david.inbar@gmail.com,,Inbar,David,,david.inbar@gmail.com,1,Attendee,"Dec 10, 2013 at 6:00 PM",,,"San Francisco, CA, United States",,,,235291723,Free Order,USD,0,0,0,0,0,Attending,eTicket,,,,TX,,US,,,,,,,No,,,,,,,CEO,20/20 Strategies,,,,,,,5126583943,,,
"BigDataCamp Austin - Dec 10, 2013",9095897073,BigDataCamp,293419687,230914277293420000000,"Nov 23, 2013",Blomquist,David,david@tentra.com,,Blomquist,David,,david@tentra.com,1,Attendee,"Dec 10, 2013 at 6:00 PM",,,"Austin, TX, United States",,,,230914277,Free Order,USD,0,0,0,0,0,Attending,eTicket,4020 Berkman Dr,,Austin,TX,78723,US,,,,,,,Yes,,,,,,,President,Tentra Corp,,,,,,,5124288885,www.tentra.com,,
"BigDataCamp Austin - Dec 10, 2013",9095897073,BigDataCamp,298718115,235275069298718000000,"Dec 9, 2013",Gattala,Deepak,Deepak_Gattala@Dell.com,,Gattala,Deepak,,Deepak_Gattala@Dell.com,1,Attendee,"Dec 10, 2013 at 6:00 PM",,,"Austin, TX, United States",,,,235275069,Free Order,USD,0,0,0,0,0,Attending,eTicket,,,,TX,,US,,,,,,,Yes,,,,,,,Sr Advisor,DELL,,,,,,,,,,
"BigDataCamp Austin - Dec 10, 2013",9095897073,BigDataCamp,298557677,235141275298558000000,"Dec 9, 2013",Enloe,David,denloe@cloudera.com,,Enloe,David,,denloe@cloudera.com,1,Attendee,"Dec 10, 2013 at 6:00 PM",,,"Austin, TX, United States",,,,235141275,Free Order,USD,0,0,0,0,0,Attending,eTicket,3904 Mocha Trl,,Austin,TX,78728,US,,,,,,,No,,,,,,,Customer Operations Engineer,"Cloduera, Inc",,,,,,,5122944932,http://www.cloudera.com,,
"BigDataCamp Austin - Dec 10, 2013",9095897073,BigDataCamp,282634453,222277859282634000000,"Oct 30, 2013",Nielsen,Dave,dnielsen@gmail.com,,Nielsen,Dave,,dnielsen@gmail.com,1,Attendee,"Dec 10, 2013 at 6:00 PM",,,"Roseville, CA, United States",,,austin,222277859,Free Order,USD,0,0,0,0,0,Attending,eTicket,1046 Mercy Street,,Mountain View,CA,94041,US,,,,,,Intro to Big Data,Yes,,,,,,,Facilitator,BigDataCamp,,,,,,,,http://bigdatacamp.org,http://twitter.com/davenielsen,
"BigDataCamp Austin - Dec 10, 2013",9095897073,BigDataCamp,297783197,234496729297783000000,"Dec 6, 2013",Moser,Don ,don.moser@windhaveninsurance.com,,Moser,Don ,,don.moser@windhaveninsurance.com,1,Attendee w/ Donation,"Dec 10, 2013 at 6:00 PM",,,"Miami Beach, FL, United States",,,eanrec101,234496729,PayPal Completed,USD,26.62,1.62,1.62,0,0,Attending,eTicket,5835 Blue Lagoon Drive,Suite 401,Miami,FL,33126,US,,,,,,,No,,,,,,,Chief Operating Officer,Windhaven Insurance,,,,,,,7867094808,,,
"BigDataCamp Austin - Dec 10, 2013",9095897073,BigDataCamp,298752269,235303591298752000000,"Dec 9, 2013",Seet,Evangeline,e_seet@yahoo.com,,Seet,Evangeline,,e_seet@yahoo.com,1,Attendee,"Dec 10, 2013 at 6:00 PM",,,"Hutto, TX, United States",,,,235303591,Free Order,USD,0,0,0,0,0,Attending,eTicket,,,,TX,,US,,,,,,,,,,,,,,Sr Systems Engineer,EA,,,,,,,,,,
"BigDataCamp Austin - Dec 10, 2013",9095897073,BigDataCamp,298052687,234721463298053000000,"Dec 6, 2013",Zipp,Emily,emily.zipp@insideview.com,,Zipp,Emily,,emily.zipp@insideview.com,1,Attendee,"Dec 10, 2013 at 6:00 PM",,,Unknown Location,,,eanrec102,234721463,Free Order,USD,0,0,0,0,0,Attending,eTicket,,,,,,,,,,,,,No,,,,,,,Sales Executive,InsideView,,,,,,,,,,
"BigDataCamp Austin - Dec 10, 2013",9095897073,BigDataCamp,298805253,235347899298805000000,"Dec 9, 2013",Tokarev,Eugene,etokarev@gmail.com,,Tokarev,Eugene,,etokarev@gmail.com,1,Attendee,"Dec 10, 2013 at 6:00 PM",,,"Austin, TX, United States",,,,235347899,Free Order,USD,0,0,0,0,0,Attending,eTicket,10608 California Cove,Apt/Suite,Austin,TX,78739,US,,,,,,,Yes,,,,,,,Sr Software Engineer,HomeAway,,,,,,,,http://www.homeaway.com,,
"BigDataCamp Austin - Dec 10, 2013",9095897073,BigDataCamp,282517613,222182791282518000000,"Oct 30, 2013",Coté,Michal,eventbrite@coteindustries.com,,Coté,Michal,,eventbrite@coteindustries.com,1,Attendee,"Dec 10, 2013 at 6:00 PM",,,"Austin, TX, United States",,,austin,222182791,Free Order,USD,0,0,0,0,0,Attending,eTicket,,,,TX,,US,,,,,,,Yes,,,,,,,"Research Director, Infrastructure Software",451 Research,,,,,,,,http://www.451research.com,http://www.cote.io,
"BigDataCamp Austin - Dec 10, 2013",9095897073,BigDataCamp,282630735,222274823282631000000,"Oct 30, 2013",Quarto-vonTivadar,John,eventbrite@johnquarto.com,,Quarto-vonTivadar,John,,eventbrite@johnquarto.com,1,Attendee,"Dec 10, 2013 at 6:00 PM",,,"Austin, TX, United States",,,austin,222274823,Free Order,USD,0,0,0,0,0,Attending,eTicket,,,,TX,,US,,,,,,,No,,,,,,,Chief Scientist,Always Be Testing,,,,,,,,,,
"BigDataCamp Austin - Dec 10, 2013",9095897073,BigDataCamp,297249595,234051737297250000000,"Dec 4, 2013",Quarto,John,Eventbrite@johnquarto.com,,Quarto-vonTivadar,John,,Eventbrite@johnquarto.com,1,Attendee,"Dec 10, 2013 at 6:00 PM",,,"Austin, TX, United States",,,,234051737,Free Order,USD,0,0,0,0,0,Attending,eTicket,,,,TX,,US,,,,,,,No,,,,,,,chief scientist,-,,,,,,,,,,
"BigDataCamp Austin - Dec 10, 2013",9095897073,BigDataCamp,298069631,234736029298070000000,"Dec 7, 2013",soares,felipe,felipe.soares@agcocorp.com,,soares,felipe,,felipe.soares@agcocorp.com,1,Attendee,"Dec 10, 2013 at 6:00 PM",,,"Lisbon, Portugal",,,,234736029,Free Order,USD,0,0,0,0,0,Attending,eTicket,"carvalho monteiro 252, 401",,porto alegre,rs,90470100,BR,,,,,,,No,,,,,,,Sr. IT Director,AGCO Corp.,,,,,,,,,,
"BigDataCamp Austin - Dec 10, 2013",9095897073,BigDataCamp,294853005,232080743294853000000,"Nov 27, 2013",Zou,Feng,fzou@mmm.com,,Zou,Feng,,fzou@mmm.com,1,Attendee,"Dec 10, 2013 at 6:00 PM",,,United States,,,,232080743,Free Order,USD,0,0,0,0,0,Attending,eTicket,,,,TX,,US,,,,,,,No,,,,,,,Senior Data Analyst,3M,,,,,,,,,,
"BigDataCamp Austin - Dec 10, 2013",9095897073,BigDataCamp,298921119,235443801298921000000,"Dec 10, 2013",Aiyer,Ganesh,ganesh_aiyer@dell.com,,Aiyer,Ganesh,,ganesh_aiyer@dell.com,1,Attendee,"Dec 10, 2013 at 6:00 PM",,,"Austin, TX, United States",,,,235443801,Free Order,USD,0,0,0,0,0,Attending,eTicket,,,,TX,,US,,,,,,,No,,,,,,,Director,Dell,,,,,,,,,,
"BigDataCamp Austin - Dec 10, 2013",9095897073,BigDataCamp,282897811,222490199282898000000,"Oct 31, 2013",Stettler,Garrett,garrettstettler@gmail.com,,Stettler,Garrett,,garrettstettler@gmail.com,1,Attendee,"Dec 10, 2013 at 6:00 PM",,,"Austin, TX, United States",,,es2,222490199,Free Order,USD,0,0,0,0,0,Attending,eTicket,,,,TX,,US,,,,,,,No,,,,,,,Sr. Prod. Dev. Engineer,AT&T Labs,,,,,,,,http://www.corp.att.com/attlabs/about/,,
"BigDataCamp Austin - Dec 10, 2013",9095897073,BigDataCamp,296406233,233351265296406000000,"Dec 3, 2013",Lesniewicz,Greg,glesniewicz@splunk.com,,Lesniewicz,Greg,,glesniewicz@splunk.com,1,Attendee w/ Donation,"Dec 10, 2013 at 6:00 PM",,,"Houston, TX, United States",,,,233351265,PayPal Completed,USD,11.24,1.24,1.24,0,0,Attending,eTicket,11002 Crestmore,,Houston,TX,77096,US,,,,,,,Yes,,,,,,,Regional Sales Manager ,Splunk,,,,,,,713-876-8002,http://splunk.com,,
"BigDataCamp Austin - Dec 10, 2013",9095897073,BigDataCamp,298476847,235073881298477000000,"Dec 9, 2013",Hablinski,Stephen ,globalsteve@hotmail.com,,Hablinski,Stephen ,,globalsteve@hotmail.com,1,Attendee w/ Donation,"Dec 10, 2013 at 6:00 PM",,,"Miami Beach, FL, United States",,,eanrec101,235073881,PayPal Completed,USD,26.62,1.62,1.62,0,0,Attending,eTicket,5835 Blue Lagoon Drive,Suite 401,Miami,FL,33126,US,,,,,,,No,,,,,,,Actuary,Windhaven Insurance,,,,,,,7867094808,,,
"BigDataCamp Austin - Dec 10, 2013",9095897073,BigDataCamp,296729381,233612861296729000000,"Dec 3, 2013",Grandhi,Ramesh,grandhi.ramesh@outlook.com,,Grandhi,Ramesh,,grandhi.ramesh@outlook.com,1,Attendee,"Dec 10, 2013 at 6:00 PM",,,"Round Rock, TX, United States",,,epop,233612861,Free Order,USD,0,0,0,0,0,Attending,eTicket,,,,TX,,US,,,,,,,No,,,,,,,software engineer,this,,,,,,,,,,
"BigDataCamp Austin - Dec 10, 2013",9095897073,BigDataCamp,297683833,234412949297684000000,"Dec 5, 2013",ALMON,Harold,haroldalmon@gmail.com,,ALMON,Harold,,haroldalmon@gmail.com,1,Attendee,"Dec 10, 2013 at 6:00 PM",,,Unknown Location,,,eiosdiscctgyconf,234412949,Free Order,USD,0,0,0,0,0,Attending,eTicket,,,,,,US,,,,,,Four Errors on Each Business Card,Yes,,,,,,,Business Etiquette Consultant,School of Etiquette,,,,,,,,http://baesoe.com/,,
"BigDataCamp Austin - Dec 10, 2013",9095897073,BigDataCamp,298534173,235121985298534000000,"Dec 9, 2013",Pavlovsky,Igor,igor_1@me.com,,Pavlovsky,Igor,,igor_1@me.com,1,Attendee,"Dec 10, 2013 at 6:00 PM",,,"Austin, TX, United States",,,,235121985,Free Order,USD,0,0,0,0,0,Attending,eTicket,,,,TX,,US,,,,,,,No,,,,,,,Chief Scientist,Applied Nanotech Inc,,,,,,,,,,
"BigDataCamp Austin - Dec 10, 2013",9095897073,BigDataCamp,298964079,235479345298964000000,"Dec 10, 2013",rashid,iqbal,irashid@mcpgov.com,,rashid,iqbal,,irashid@mcpgov.com,1,Attendee,"Dec 10, 2013 at 6:00 PM",,,"San Antonio, TX, United States",,,,235479345,Free Order,USD,0,0,0,0,0,Attending,eTicket,1565 Creek St,,San Marcos,CA,92078,US,,,,,,,Yes,,,,,,,gm,mcpgov,,,,,,,7602743859,http://www.mcpgov.com,,
"BigDataCamp Austin - Dec 10, 2013",9095897073,BigDataCamp,297929607,234618049297930000000,"Dec 6, 2013",Esquivel,Israel ,israel.esquivel@dshs.state.tx.us,,Esquivel,Israel ,,israel.esquivel@dshs.state.tx.us,1,Attendee,"Dec 10, 2013 at 6:00 PM",,,"Austin, TX, United States",,,,234618049,Free Order,USD,0,0,0,0,0,Attending,eTicket,1100 W 49th. St, ,Austin,TX,78756,US,,,,,,Data Virtualizatin,Yes,,,,,,,Data Architect,State of Texas,,,,,,,512-776-6688,www.dshs.state.tx.us/,,
"BigDataCamp Austin - Dec 10, 2013",9095897073,BigDataCamp,296490507,233421949296490000000,"Dec 3, 2013",Ivanov,Ivelin,ivelin117@gmail.com,,Ivanov,Ivelin,,ivelin117@gmail.com,1,Attendee,"Dec 10, 2013 at 6:00 PM",,,"Austin, TX, United States",,,2013,233421949,Free Order,USD,0,0,0,0,0,Attending,eTicket,,,,TX,,US,,,,,,,No,,,,,,,CEO,"TeleStax, Inc.",,,,,,,,http://www.telestax.com,,
"BigDataCamp Austin - Dec 10, 2013",9095897073,BigDataCamp,296964865,233809653296965000000,"Dec 4, 2013",Heisel,Patrick,james.heisel@gm.com,,Heisel,Patrick,,james.heisel@gm.com,1,Attendee,"Dec 10, 2013 at 6:00 PM",,,"Novi, MI, United States",,,2013,233809653,Free Order,USD,0,0,0,0,0,Attending,eTicket,,,,TX,,US,,,,,,,Yes,,,,,,,Software Test Analyst,General Motors,,,,,,,,,http://jheisel.com,
"BigDataCamp Austin - Dec 10, 2013",9095897073,BigDataCamp,296908557,233761731296908000000,"Dec 4, 2013",Celko,Joe,jcelko212@earthlink.net,,Celko,Joe,,jcelko212@earthlink.net,1,Attendee,"Dec 10, 2013 at 6:00 PM",,,"Austin, TX, United States",,,,233761731,Free Order,USD,0,0,0,0,0,Attending,eTicket,4301 Kilgore Ln,,Austin,TX,78727,US,,,,,,"A look at Standards for data; ANSI, ISO, Industry specific, etc. ",Yes,,,,,,,author/consultant,self,,,,,,,512-845-7871,,,
"BigDataCamp Austin - Dec 10, 2013",9095897073,BigDataCamp,295853749,232898669295854000000,"Dec 2, 2013",Weaver,Chris,jchrisweaver@gmail.com,,Weaver,Chris,,jchrisweaver@gmail.com,1,Attendee,"Dec 10, 2013 at 6:00 PM",,,"Cedar Park, TX, United States",,,es2,232898669,Free Order,USD,0,0,0,0,0,Attending,eTicket,,,,TX,,US,,,,,,,No,,,,,,,CTO,Ube,,,,,,,,,,
"BigDataCamp Austin - Dec 10, 2013",9095897073,BigDataCamp,292636251,230302169292636000000,"Nov 21, 2013",Lowry,Jess,jessica.lowry@gmail.com,,Lowry,Jess,,jessica.lowry@gmail.com,1,Attendee,"Dec 10, 2013 at 6:00 PM",,,"Austin, TX, United States",,,es2,230302169,Free Order,USD,0,0,0,0,0,Attending,eTicket,,,,,,US,,,,,,,,,,,,,,Founder,Key to the Street,,,,,,,,,,
"BigDataCamp Austin - Dec 10, 2013",9095897073,BigDataCamp,282514325,222180133282514000000,"Oct 30, 2013",Fisher,Jeff,jf@jwfisher.com,,Fisher,Jeff,,jf@jwfisher.com,1,Attendee,"Dec 10, 2013 at 6:00 PM",,,"Cedar Park, TX, United States",,,austin,222180133,Free Order,USD,0,0,0,0,0,Attending,eTicket,,,Austin,TX,,US,,,,,,,Yes,,,,,,,Consultant,Consultant,,,,,,,,,,
"BigDataCamp Austin - Dec 10, 2013",9095897073,BigDataCamp,282895107,222488099282895000000,"Oct 31, 2013",Pratt,James,jhp96001@gmail.com,,Pratt,James,,jhp96001@gmail.com,1,Attendee,"Dec 10, 2013 at 6:00 PM",,,"Austin, TX, United States",,,es2,222488099,Free Order,USD,0,0,0,0,0,Attending,eTicket,,,,TX,78681,US,,,,,,,No,,,,,,,LMTS,AT&T Labs,,,,,,,,http://labs.att.com,,
"BigDataCamp Austin - Dec 10, 2013",9095897073,BigDataCamp,297786695,234499693297787000000,"Dec 6, 2013",Freeze,Jim,jim.freeze@clutchanalytics.com,,Freeze,Jim,,jim.freeze@clutchanalytics.com,1,Attendee w/ Donation,"Dec 10, 2013 at 6:00 PM",,,"Miami Beach, FL, United States",,,eanrec101,234499693,PayPal Completed,USD,26.62,1.62,1.62,0,0,Attending,eTicket,8310-1 N Capital of Texas Hwy ,Suite 195,Austin,FL,78731,US,,,,,,,No,,,,,,,Chief Technical Officer,Windhaven Insurance,,,,,,,7867094808,,,
"BigDataCamp Austin - Dec 10, 2013",9095897073,BigDataCamp,297780491,234494423297780000000,"Dec 6, 2013",Whited,Jimmy,jimmy.whited@windhaveninsurance.com,,Whited,Jimmy,,jimmy.whited@windhaveninsurance.com,1,Attendee w/ Donation,"Dec 10, 2013 at 6:00 PM",,,"Miami Beach, FL, United States",,,eanrec101,234494423,PayPal Completed,USD,26.62,1.62,1.62,0,0,Attending,eTicket,5835 Blue Lagoon Drive,Suite 401,Miami,FL,33126,US,,,,,,,No,,,,,,,President & CEO,Windhaven Insurance,,,,,,,7867094801,,,
"BigDataCamp Austin - Dec 10, 2013",9095897073,BigDataCamp,291824377,229652639291824000000,"Nov 19, 2013",Whittaker,John,john.whittaker@software.dell.com,,Whittaker,John,,john.whittaker@software.dell.com,1,Attendee,"Dec 10, 2013 at 6:00 PM",,,"Aliso Viejo, CA, United States",,,,229652639,Free Order,USD,0,0,0,0,0,Attending,eTicket,18 Beaconsfield,,Dove Canyon,CA,92679,US,,,,,,,Yes,,,,,,,Sr. Director,Dell Software - Information Management Group,,,,,,,949-754-8645,http://software.dell.com/IM,www.linkedin.com/in/johnwhittaker/,
"BigDataCamp Austin - Dec 10, 2013",9095897073,BigDataCamp,298388399,235000911298388000000,"Dec 8, 2013",Hendrickson,Joshua,josh@phagephage.com,,Hendrickson,Joshua,,josh@phagephage.com,1,Attendee,"Dec 10, 2013 at 6:00 PM",,,"Austin, TX, United States",,,2013,235000911,Free Order,USD,0,0,0,0,0,Attending,eTicket,10101 W Parmer Ln,Apt 334,Austin,TX,78717,US,,,,,,,Yes,,,,,,,Technician,Luminex,,,,,,,,,,
"BigDataCamp Austin - Dec 10, 2013",9095897073,BigDataCamp,298229737,234870213298230000000,"Dec 7, 2013",Rock,Joshua,joshuarock7@gmail.com,,Rock,Joshua,,joshuarock7@gmail.com,1,Attendee,"Dec 10, 2013 at 6:00 PM",,,"Austin, TX, United States",,,eanrec101,234870213,Free Order,USD,0,0,0,0,0,Attending,eTicket,,,,TX,,US,,,,,,,,,,,,,,n/a,none,,,,,,,,,,
"BigDataCamp Austin - Dec 10, 2013",9095897073,BigDataCamp,298538677,235125827298539000000,"Dec 9, 2013",Earl,JR,jre@vast.com,,Earl,JR,,jre@vast.com,1,Attendee,"Dec 10, 2013 at 6:00 PM",,,"Austin, TX, United States",,,,235125827,Free Order,USD,0,0,0,0,0,Attending,eTicket,,,,TX,,US,,,,,,Spark,No,,,,,,,Infrastructure Architect,"Vast.com, Inc.",,,,,,,,,,
"BigDataCamp Austin - Dec 10, 2013",9095897073,BigDataCamp,296218985,233199753296219000000,"Dec 2, 2013",Sterkel,Justin,js@3side.com,,Sterkel,Justin,,js@3side.com,1,Attendee,"Dec 10, 2013 at 6:00 PM",,,"Pflugerville, TX, United States",,,,233199753,Free Order,USD,0,0,0,0,0,Attending,eTicket,,,,TX,,US,,,,,,,Yes,,,,,,,DataMart Dev Team Lead,Texas HHSC,,,,,,,,,,
"BigDataCamp Austin - Dec 10, 2013",9095897073,BigDataCamp,296413027,233357179296413000000,"Dec 3, 2013",Tommaney,Jim,jtommaney@calpont.com,,Tommaney,Jim,,jtommaney@calpont.com,1,Attendee,"Dec 10, 2013 at 6:00 PM",,,"Plano, TX, United States",,,,233357179,Free Order,USD,0,0,0,0,0,Attending,eTicket,807 Youpon Dr,,Allen,TX,75002,US,,,,,,,No,,,,,,,CTO,Calpont Corporation,,,,,,,,http://www.calpont.com,,
"BigDataCamp Austin - Dec 10, 2013",9095897073,BigDataCamp,298005699,234682199298006000000,"Dec 6, 2013",Srinivasan,Arjun,junamail@gmail.com,,Srinivasan,Arjun,,junamail@gmail.com,1,Attendee,"Dec 10, 2013 at 6:00 PM",,,"Austin, TX, United States",,,,234682199,Free Order,USD,0,0,0,0,0,Attending,eTicket,,,,TX,,US,,,,,,,,,,,,,,Past President,eventsNdates,,,,,,,,,,
"BigDataCamp Austin - Dec 10, 2013",9095897073,BigDataCamp,296864849,233725129296865000000,"Dec 4, 2013",Westphal,Jay,jwgoodlife@yahoo.com,,Westphal,Jay,,jwgoodlife@yahoo.com,1,Attendee,"Dec 10, 2013 at 6:00 PM",,,"Austin, TX, United States",,,,233725129,Free Order,USD,0,0,0,0,0,Attending,eTicket,4501 Whispering Valley Dr #6,,Austin,TX,78727,US,,,,,,,Yes,,,,,,,Program Specialist,TCEQ State of Texas,,,,,,,512-239-5705,www5.tceq.state.tx.us/texaer/index.cfm,,
"BigDataCamp Austin - Dec 10, 2013",9095897073,BigDataCamp,286777027,225630411286777000000,"Nov 8, 2013",Vemishetty,Kalyanramu,kalyanramu@gmail.com,,Vemishetty,Kalyanramu,,kalyanramu@gmail.com,1,Attendee,"Dec 10, 2013 at 6:00 PM",,,"Austin, TX, United States",,,austin,225630411,Free Order,USD,0,0,0,0,0,Attending,eTicket,,,,TX,,US,,,,,,,No,,,,,,,Systems Engineer,NI,,,,,,,,,,
"BigDataCamp Austin - Dec 10, 2013",9095897073,BigDataCamp,282874791,222472107282875000000,"Oct 31, 2013",Gaekwad,Karthik,karthik.gaekwad@gmail.com,,Gaekwad,Karthik,,karthik.gaekwad@gmail.com,1,Attendee,"Dec 10, 2013 at 6:00 PM",,,"Austin, TX, United States",,,austin,222472107,Free Order,USD,0,0,0,0,0,Attending,eTicket,14301 Mowsbury Dr,,Austin,TX,78717,US,,,,,,Practical bigdata tips- how do I run hadoop mapreduce for mysql/mongodb etc.,Yes,,,,,,,Senior Web Software Engineer,Mentor Graphics Corp,,,,,,,5129173286,,,
"BigDataCamp Austin - Dec 10, 2013",9095897073,BigDataCamp,287287711,225984647287288000000,"Nov 9, 2013",Packwood,Kellie,kelliepackwood@gmail.com,,Packwood,Kellie,,kelliepackwood@gmail.com,1,Attendee,"Dec 10, 2013 at 6:00 PM",,,Unknown Location,,,eanddiscrelecrbl,225984647,Free Order,USD,0,0,0,0,0,Attending,eTicket,,,,,,US,,,,,,,Yes,,,,,,,Software developer,ATS,,,,,,,,,,
"BigDataCamp Austin - Dec 10, 2013",9095897073,BigDataCamp,298548651,235133853298549000000,"Dec 9, 2013",Ravi,Kumar,kumarr_00@yahoo.com,,Ravi,Kumar,,kumarr_00@yahoo.com,1,Attendee,"Dec 10, 2013 at 6:00 PM",,,"Cedar Park, TX, United States",,,,235133853,Free Order,USD,0,0,0,0,0,Attending,eTicket,,,,TX,,US,,,,,,,Yes,,,,,,,Customer Operations Engineer,Cloudera,,,,,,,,,,
"BigDataCamp Austin - Dec 10, 2013",9095897073,BigDataCamp,299020575,235523509299021000000,"Dec 10, 2013",Vanek,Lenka,lenka.vanek@software.dell.com,,Vanek,Lenka,,lenka.vanek@software.dell.com,1,Attendee,"Dec 10, 2013 at 6:00 PM",,,"Austin, TX, United States",,,,235523509,Free Order,USD,0,0,0,0,0,Attending,eTicket,5 Polaris Way,,Aliso Viejo,CA,,US,,,,,,,,,,,,,,"Sr. Director, R&D",DELL,,,,,,,,,,
"BigDataCamp Austin - Dec 10, 2013",9095897073,BigDataCamp,297007567,233845579297008000000,"Dec 4, 2013",Albrecht,Michael,lightsurfer2012@gmail.com,,Albrecht,Michael,,lightsurfer2012@gmail.com,1,Attendee,"Dec 10, 2013 at 6:00 PM",,,"Austin, TX, United States",,,eivtefrnd,233845579,Free Order,USD,0,0,0,0,0,Attending,eTicket,5221 McCormick Mountain Dr,,Austin,TX,78734,US,,,,,,,Yes,,,,,,,Writer/Research,Post Fossil Communications,,,,,,,512-497-2803,,,
"BigDataCamp Austin - Dec 10, 2013",9095897073,BigDataCamp,289937601,228136653289938000000,"Nov 14, 2013",James,Liya ,liya.james@idean.com,,James,Liya ,,liya.james@idean.com,1,Attendee,"Dec 10, 2013 at 6:00 PM",,,"Lafayette, CA, United States",,,,228136653,Free Order,USD,0,0,0,0,0,Attending,eTicket,,,,TX,,US,,,,,,Designing for Big Data ,No,,,,,,,Creative Director,Idean ,,,,,,,,http://www.idean.com,,
"BigDataCamp Austin - Dec 10, 2013",9095897073,BigDataCamp,293498617,230977231293499000000,"Nov 23, 2013",James,Liya ,liya@idean.com,,James,Liya ,,liya@idean.com,1,Attendee,"Dec 10, 2013 at 6:00 PM",,,"Austin, TX, United States",,,es2,230977231,Free Order,USD,0,0,0,0,0,Attending,eTicket,,,,TX,,US,,,,,,I can do a session on UX Design ,Yes,,,,,,,Creative Director ,Idean ,,,,,,,,http://www.idean.com,,
"BigDataCamp Austin - Dec 10, 2013",9095897073,BigDataCamp,296880949,233738507296881000000,"Dec 4, 2013",Maxfield,Lynn,lmaxfield@tmk-ipsco.com,,Maxfield,Lynn,,lmaxfield@tmk-ipsco.com,1,Attendee,"Dec 10, 2013 at 6:00 PM",,,"Cypress, TX, United States",,,,233738507,Free Order,USD,0,0,0,0,0,Attending,eTicket,,,,TX,,US,,,,,,,Yes,,,,,,,Senior Database Administrator,TMK-IPSCO,,,,,,,832-678-5605,,,
"BigDataCamp Austin - Dec 10, 2013",9095897073,BigDataCamp,296568347,233486457296568000000,"Dec 3, 2013",Cook,Thomas,loki_austin@sbcglobal.net,,Cook,Thomas,,loki_austin@sbcglobal.net,1,Attendee,"Dec 10, 2013 at 6:00 PM",,,"Houston, TX, United States",,,,233486457,Free Order,USD,0,0,0,0,0,Attending,eTicket,3104 encino verde,,Austin,TX,78730,US,,,,,,,Yes,,,,,,,Big Data and Analytics Sales Engineer,IBM,,,,,,,,http://www.ibm.com,,
"BigDataCamp Austin - Dec 10, 2013",9095897073,BigDataCamp,298804681,235347387298805000000,"Dec 9, 2013",Leclerc,Louis,louis@leclerc.com,,Leclerc,Louis,,louis@leclerc.com,1,Attendee,"Dec 10, 2013 at 6:00 PM",,,"Round Rock, TX, United States",,,,235347387,Free Order,USD,0,0,0,0,0,Attending,eTicket,,,,TX,,US,,,,,,,,,,,,,,Project Manager,Leclerc Consulting,,,,,,,,,,
"BigDataCamp Austin - Dec 10, 2013",9095897073,BigDataCamp,298406587,235015303298407000000,"Dec 8, 2013",Gonzalez-Villasenor,Patricia,macysgirl1@gmail.com,,Gonzalez-Villasenor,PATRICIA,,macysgirl1@gmail.com,1,Attendee,"Dec 10, 2013 at 6:00 PM",,,"Austin, TX, United States",,,,235015303,Free Order,USD,0,0,0,0,0,Attending,eTicket,8701 Bluffstone Cove. Apt. 11308,,Austin,TX,78759,US,,,,,,,Yes,,,,,,,Technical Support,AISD,,,,,,,,,,
"BigDataCamp Austin - Dec 10, 2013",9095897073,BigDataCamp,298006665,234682983298007000000,"Dec 6, 2013",Davey,Marcel,madbada@gmail.com,,Davey,Marcel,,madbada@gmail.com,1,Attendee,"Dec 10, 2013 at 6:00 PM",,,"Austin, TX, United States",,,eanrec101,234682983,Free Order,USD,0,0,0,0,0,Attending,eTicket,,,,TX,,US,,,,,,,,,,,,,,Software Engineer,AMD,,,,,,,,,,
"BigDataCamp Austin - Dec 10, 2013",9095897073,BigDataCamp,298551497,235136245298552000000,"Dec 9, 2013",Ganta,Madhu,madhuganta@yahoo.com,,Ganta,Madhu,,madhuganta@yahoo.com,1,Attendee,"Dec 10, 2013 at 6:00 PM",,,"Round Rock, TX, United States",,,,235136245,Free Order,USD,0,0,0,0,0,Attending,eTicket,,,,TX,,US,,,,,,,,,,,,,,Solutions Architect,Cloudera,,,,,,,,,,
"BigDataCamp Austin - Dec 10, 2013",9095897073,BigDataCamp,298638627,235209097298639000000,"Dec 9, 2013",Zehra,Mahe,mahezehra@gmail.com,,Zehra,Mahe,,mahezehra@gmail.com,1,Attendee,"Dec 10, 2013 at 6:00 PM",,,"Round Rock, TX, United States",,,,235209097,Free Order,USD,0,0,0,0,0,Attending,eTicket,4019 Galena Hills Dr.,,Round Rock,TX,78681,US,,,,,,,Yes,,,,,,,Chief Operating Officer,FiveRivers Technologies,,,,,,,,http://www.fiveriverstech.com,,
"BigDataCamp Austin - Dec 10, 2013",9095897073,BigDataCamp,289184917,227523983289185000000,"Nov 13, 2013",Silvia,Marc ,marcsilvia@live.com,,Silvia,Marc ,,marcsilvia@live.com,1,Attendee,"Dec 10, 2013 at 6:00 PM",,,"Austin, TX, United States",,,,227523983,Free Order,USD,0,0,0,0,0,Attending,eTicket,,,,TX,,US,,,,,,,No,,,,,,,Builder of Things,MCS,,,,,,,,,,
"BigDataCamp Austin - Dec 10, 2013",9095897073,BigDataCamp,298587117,235166097298587000000,"Dec 9, 2013",Gonzalez,Martha ,martha_gonzalez@dell.com,,Gonzalez,Martha,,martha_gonzalez@dell.com,1,Attendee,"Dec 10, 2013 at 6:00 PM",,,"Austin, TX, United States",,,,235166097,Free Order,USD,0,0,0,0,0,Attending,eTicket,4512 Whitehall cove,,Austin ,TX,78730,US,,,,,,,,,,,,,,Prog Mgr,Dell,,,,,,,512-728-6977,,,
"BigDataCamp Austin - Dec 10, 2013",9095897073,BigDataCamp,296408737,233353423296409000000,"Dec 3, 2013",Cohen,Matt,matt@onespot.com,,Cohen,Matt,,matt@onespot.com,1,Attendee,"Dec 10, 2013 at 6:00 PM",,,"Austin, TX, United States",,,2013,233353423,Free Order,USD,0,0,0,0,0,Attending,eTicket,PO Box 66071,,Austin,TX,78766,US,,,,,,"Amazon Redshift: Introduction, Tips and Tricks (willing to do it myself)",Yes,,,,,,,Founder & President,OneSpot,,,,,,,800 618 0768,http://onespot.com,http://www.onespot.com/blog/,
"BigDataCamp Austin - Dec 10, 2013",9095897073,BigDataCamp,296409735,233354299296410000000,"Dec 3, 2013",Loukianov,Max,max.loukianov@gmail.com,,Loukianov,Max,,max.loukianov@gmail.com,1,Attendee,"Dec 10, 2013 at 6:00 PM",,,United States,,,2013,233354299,Free Order,USD,0,0,0,0,0,Attending,eTicket,,,,TX,78758,US,,,,,,,Yes,,,,,,,CTO,Gimme!Deals,,,,,,,,http://www.getgimme.com,,
"BigDataCamp Austin - Dec 10, 2013",9095897073,BigDataCamp,296078695,233085519296079000000,"Dec 2, 2013",Conway,Mark,mconway@collectability.com,,Conway,Mark,,mconway@collectability.com,1,Attendee,"Dec 10, 2013 at 6:00 PM",,,"Austin, TX, United States",,,,233085519,Free Order,USD,0,0,0,0,0,Attending,eTicket,3506 Cloudy Ridge Road,,Austin,TX,78734,US,,,,,,,,,,,,,,Founder,Apperational,,,,,,,,,,
"BigDataCamp Austin - Dec 10, 2013",9095897073,BigDataCamp,298313549,234939175298314000000,"Dec 8, 2013",Arnett,Melissa,melissajo_@hotmail.com,,Arnett,Melissa,,melissajo_@hotmail.com,1,Attendee,"Dec 10, 2013 at 6:00 PM",,,Unknown Location,,,eanddiscsear,234939175,Free Order,USD,0,0,0,0,0,Attending,eTicket,,,,TX,78701,US,,,,,,,,,,,,,,analyst,Austin locals,,,,,,,,,,
"BigDataCamp Austin - Dec 10, 2013",9095897073,BigDataCamp,289537095,227812301289537000000,"Nov 14, 2013",Madianos,Greg,mgmadian@yahoo.com,,Madianos,Greg,,mgmadian@yahoo.com,1,Attendee,"Dec 10, 2013 at 6:00 PM",,,"Austin, TX, United States",,,erec,227812301,Free Order,USD,0,0,0,0,0,Attending,eTicket,,,,TX,,US,,,,,,,,,,,,,,Product Line Director,SolarBridge,,,,,,,,,,
"BigDataCamp Austin - Dec 10, 2013",9095897073,BigDataCamp,296910795,233763705296911000000,"Dec 4, 2013",Masterson,Michael,mlmasterson@gmail.com,,Masterson,Michael,,mlmasterson@gmail.com,1,Attendee,"Dec 10, 2013 at 6:00 PM",,,"Benton, AR, United States",,,,233763705,Free Order,USD,0,0,0,0,0,Attending,eTicket,,,,TX,,US,,,,,,,No,,,,,,,Strategy & Biz Dev,Compuware APM,,,,,,,512-555-5555,http://compuware.com/apm,,
"BigDataCamp Austin - Dec 10, 2013",9095897073,BigDataCamp,298730757,235285683298731000000,"Dec 9, 2013",Pal,Monica,monica@aerospike.com,,Pal,Monica,,monica@aerospike.com,1,Attendee,"Dec 10, 2013 at 6:00 PM",,,"Mountain View, CA, United States",,,,235285683,Free Order,USD,0,0,0,0,0,Attending,eTicket,"2525 E Charleston Rd, #201",,Mountain View,CA,94043,US,,,,,,,Yes,,,,,,,CMO,Aerospike,,,,,,,4086566586,,,
"BigDataCamp Austin - Dec 10, 2013",9095897073,BigDataCamp,294906419,232126067294906000000,"Nov 27, 2013",West,Mike,mwest.misc@gmail.com,,West,Mike,,mwest.misc@gmail.com,1,Attendee,"Dec 10, 2013 at 6:00 PM",,,"Austin, TX, United States",,,,232126067,Free Order,USD,0,0,0,0,0,Attending,eTicket,"11203 Ranch Road 2222, #303",,Austin,TX,78730,US,,,,,,,Yes,,,,,,,Founder,People Analytics Startup,,,,,,,469-406-4699,http://www.linkedin.com/in/michaelcwest,,
"BigDataCamp Austin - Dec 10, 2013",9095897073,BigDataCamp,286865977,225701561286866000000,"Nov 8, 2013",Land,Matt,mwfrankland@gmail.com,,Land,Matt,,mwfrankland@gmail.com,1,Attendee,"Dec 10, 2013 at 6:00 PM",,,Unknown Location,,,eanrec101,225701561,Free Order,USD,0,0,0,0,0,Attending,eTicket,PO Box 202832,,Austin,TX,78720,US,,,,,,,No,,,,,,,Principal Developer,SaleAMP,,,,,,,9192647118,http://www.saleamp.com/,,
"BigDataCamp Austin - Dec 10, 2013",9095897073,BigDataCamp,288323075,226825155288323000000,"Nov 12, 2013",Narvekar,Sunil,narvekar.sunil@gmail.com,,Narvekar,Sunil,,narvekar.sunil@gmail.com,1,Attendee,"Dec 10, 2013 at 6:00 PM",,,"Austin, TX, United States",,,eanrec101,226825155,Free Order,USD,0,0,0,0,0,Attending,eTicket,,,,TX,,US,,,,,,,No,,,,,,,Lead Software Engineer,"University of Texas, Austin",,,,,,,,,,
"BigDataCamp Austin - Dec 10, 2013",9095897073,BigDataCamp,296875309,233733813296875000000,"Dec 4, 2013",Maggio,Nick,nimaggio11@gmail.com,,Maggio,Nick,,nimaggio11@gmail.com,1,Attendee,"Dec 10, 2013 at 6:00 PM",,,Unknown Location,,,,233733813,Free Order,USD,0,0,0,0,0,Attending,eTicket,4425 Sacred Arrow Dr.,,Austin,TX,78735,US,,,,,,Usability,No,,,,,,,Editor,On Campus Sports,,,,,,,,http://www.oncampussports.com/,,
"BigDataCamp Austin - Dec 10, 2013",9095897073,BigDataCamp,296123433,233121767296123000000,"Dec 2, 2013",Sangani,Nilesh,nsangs@yahoo.com,,Sangani,Nilesh,,nsangs@yahoo.com,1,Attendee,"Dec 10, 2013 at 6:00 PM",,,"Austin, TX, United States",,,,233121767,Free Order,USD,0,0,0,0,0,Attending,eTicket,,,,TX,,US,,,,,,,Yes,,,,,,,Sr. Consultant,Pivotal,,,,,,,,http://gopivotal.com,,
"BigDataCamp Austin - Dec 10, 2013",9095897073,BigDataCamp,298867975,235400677298868000000,"Dec 10, 2013",Okeeffe,Patrick,patrick.okeeffe@software.dell.com,,Okeeffe,Patrick,,patrick.okeeffe@software.dell.com,1,Attendee,"Dec 10, 2013 at 6:00 PM",,,Unknown Location,,,,235400677,Free Order,USD,0,0,0,0,0,Attending,eTicket,5/55 Southbank Blvd,,Southbank,VIC,3132,AU,,,,,,,Yes,,,,,,,"Director, R&D",Dell,,,,,,,,,,
"BigDataCamp Austin - Dec 10, 2013",9095897073,BigDataCamp,296477151,233410753296477000000,"Dec 3, 2013",schramm,patrick,patrickschramm@gmail.com,,schramm,patrick,,patrickschramm@gmail.com,1,Attendee,"Dec 10, 2013 at 6:00 PM",,,"Austin, TX, United States",,,2013,233410753,Free Order,USD,0,0,0,0,0,Attending,eTicket,1423 briarcliff blvd,,austin,TX,78723,US,,,,,,,,,,,,,,architect,OTEX,,,,,,,5126574019,,,
"BigDataCamp Austin - Dec 10, 2013",9095897073,BigDataCamp,299029997,235531363299030000000,"Dec 10, 2013",Swedeen,Paul,paul.swedeen@dps.texas.gov,,Swedeen,Paul,,paul.swedeen@dps.texas.gov,1,Attendee,"Dec 10, 2013 at 6:00 PM",,,"Austin, TX, United States",,,,235531363,Free Order,USD,0,0,0,0,0,Attending,eTicket,112 W 55 1/2 Street,,Austin,TX,787751,US,,,,,,,No,,,,,,,Technical Team Lead,Texas Dept. of Public Safety,,,,,,,512-424-5122,,,
"BigDataCamp Austin - Dec 10, 2013",9095897073,BigDataCamp,289352877,227659173289353000000,"Nov 13, 2013",von Hippel,Paul,paulvonhippel@yahoo.com,,von Hippel,Paul,,paulvonhippel@yahoo.com,1,Attendee,"Dec 10, 2013 at 6:00 PM",,,"Austin, TX, United States",,,,227659173,Free Order,USD,0,0,0,0,0,Attending,eTicket,,,,TX,,US,,,,,,,Yes,,,,,,,Professor,UT Austin,,,,,,,,,,
"BigDataCamp Austin - Dec 10, 2013",9095897073,BigDataCamp,296965555,233810215296966000000,"Dec 4, 2013",Bravo,Peter,pcbravo@outlook.com,,Bravo,Peter,,pcbravo@outlook.com,1,Attendee,"Dec 10, 2013 at 6:00 PM",,,"Dallas, TX, United States",,,,233810215,Free Order,USD,0,0,0,0,0,Attending,eTicket,515 E. Palm Valley Blvd,# 113,Round Rock,TX,78664,US,,,,,,,Yes,,,,,,,Owner/Consultant,PC Bravo Tecnology Services,,,,,,,(805) 312-0056,,,
"BigDataCamp Austin - Dec 10, 2013",9095897073,BigDataCamp,296149065,233142869296149000000,"Dec 2, 2013",Sanchez,Pedro,pdsanch1@gmail.com,,Sanchez,Pedro,,pdsanch1@gmail.com,1,Attendee,"Dec 10, 2013 at 6:00 PM",,,"Georgetown, TX, United States",,,2013,233142869,Free Order,USD,0,0,0,0,0,Attending,eTicket,,,,TX,78660,US,,,,,,,,,,,,,,Web Developer,Self_Employed,,,,,,,,,,
"BigDataCamp Austin - Dec 10, 2013",9095897073,BigDataCamp,294661323,231922991294661000000,"Nov 27, 2013",Harris,Pete,pete@a-teamgroup.com,,Harris,Pete,,pete@a-teamgroup.com,1,Attendee,"Dec 10, 2013 at 6:00 PM",,,"Austin, TX, United States",,,,231922991,Free Order,USD,0,0,0,0,0,Attending,eTicket,"711 West 32nd Street, #143",,Austin,TX,78705,US,,,,,,,No,,,,,,,Editor,A-Team Group,,,,,,,9173797287,http://www.a-teamgroup.com,,
"BigDataCamp Austin - Dec 10, 2013",9095897073,BigDataCamp,299011399,235516257299011000000,"Dec 10, 2013",Fritz,Phil,pfritz@us.ibm.com,,Fritz,Phil,,pfritz@us.ibm.com,1,Attendee,"Dec 10, 2013 at 6:00 PM",,,"Austin, TX, United States",,,,235516257,Free Order,USD,0,0,0,0,0,Attending,eTicket,,,,TX,,US,,,,,,,Yes,,,,,,,Program Director,IBM,,,,,,,,,,
"BigDataCamp Austin - Dec 10, 2013",9095897073,BigDataCamp,298507203,235099261298507000000,"Dec 9, 2013",Whited,Jimmy,jimmy.whited@windhaveninsurance.com,,Tinney,Phoebe,,phoebe.tinney@gmail.com,1,Attendee w/ Donation,"Dec 10, 2013 at 6:00 PM",,,"Miami Beach, FL, United States",,,eanrec101,235099261,PayPal Completed,USD,26.62,1.62,1.62,0,0,Attending,eTicket,5835 Blue Lagoon Drive,Suite 401,Miami,FL,33126,US,,,,,,,No,,,,,,,Actuary,Windhaven Insurance,,,,,,,7867094808,,,
"BigDataCamp Austin - Dec 10, 2013",9095897073,BigDataCamp,296858461,233719989296859000000,"Dec 4, 2013",Mehta,Raj,prajmehta@gmail.com,,Mehta,Raj,,prajmehta@gmail.com,1,Attendee,"Dec 10, 2013 at 6:00 PM",,,"Austin, TX, United States",,,,233719989,Free Order,USD,0,0,0,0,0,Attending,eTicket,,,austin,TX,78727,US,,,,,,,Yes,,,,,,,Founder,ClikServ Inc.,,,,,,,5126960438,,,
"BigDataCamp Austin - Dec 10, 2013",9095897073,BigDataCamp,294460871,231759705294461000000,"Nov 26, 2013",Kadiyala,Prasad,prasad394@gmail.com,,Kadiyala,Prasad,,prasad.kadiyala@mu-sigma.com,1,Attendee,"Dec 10, 2013 at 6:00 PM",,,"Austin, TX, United States",,,,231759705,Free Order,USD,0,0,0,0,0,Attending,eTicket,,,,TX,,US,,,,,,,Yes,,,,,,,Associate,Mu Sigma Inc,,,,,,,510-325-4292,,,
"BigDataCamp Austin - Dec 10, 2013",9095897073,BigDataCamp,282496859,222165957282497000000,"Oct 30, 2013",Kadiyala,Prasad,prasad394@gmail.com,,Kadiyala,Prasad,,prasad394@gmail.com,1,Attendee,"Dec 10, 2013 at 6:00 PM",,,"Austin, TX, United States",,,austin,222165957,Free Order,USD,0,0,0,0,0,Attending,eTicket,3101 wells branch pkwy,APT 1321,Austin,TX,78728,US,,,,,,,Yes,,,,,,,Associate,Mu Sigma,,,,,,,,,,
"BigDataCamp Austin - Dec 10, 2013",9095897073,BigDataCamp,298509623,235101291298510000000,"Dec 9, 2013",Teich,Paul,pteich@alumni.utexas.net,,Teich,Paul,,pteich@alumni.utexas.net,1,Attendee,"Dec 10, 2013 at 6:00 PM",,,"Austin, TX, United States",,,,235101291,Free Order,USD,0,0,0,0,0,Attending,eTicket,8311 Doe Meadow Dr.,,Austin,TX,78749,US,,,,,,,Yes,,,,,,,CTO and Senior Analyst,Moor Insights & Strategy,,,,,,,5127690155,www.moorinsightsstrategy.com,http://www.moorinsightsstrategy.com/blog-analysis/,
"BigDataCamp Austin - Dec 10, 2013",9095897073,BigDataCamp,285566555,224657495285566000000,"Nov 6, 2013",Sampath,Ramesh,ramesh@sampathweb.com,,Sampath,Ramesh,,ramesh@sampathweb.com,1,Attendee,"Dec 10, 2013 at 6:00 PM",,,"Cedar Park, TX, United States",,,es2,224657495,Free Order,USD,0,0,0,0,0,Attending,eTicket,Po box 20381:,,Austin,TX,78720,US,,,,,,Building Recommendation Systems,No,,,,,,,0,..,,,,,,,0,,,
"BigDataCamp Austin - Dec 10, 2013",9095897073,BigDataCamp,297194983,234006041297195000000,"Dec 4, 2013",Hammelman,Randy,randy@conducivesi.com,,Hammelman,Randy,,randy@conducivesi.com,1,Attendee w/ Donation,"Dec 10, 2013 at 6:00 PM",,,"Austin, TX, United States",,,eemailordconf,234006041,PayPal Completed,USD,21.49,1.49,1.49,0,0,Attending,eTicket,1108 Lavaca St,#110-246,Austin,TX,78701,US,,,,,,,No,,,,,,,President,Conducive Consulting,,,,,,,512-551-0660,http://www.conducivesi.com,,
"BigDataCamp Austin - Dec 10, 2013",9095897073,BigDataCamp,297761799,234478879297762000000,"Dec 6, 2013",Chapman,Ray,ray_chapman@dell.com,,Chapman,Ray,,ray_chapman@dell.com,1,Attendee w/ Donation,"Dec 10, 2013 at 6:00 PM",,,"Round Rock, TX, United States",,,,234478879,PayPal Completed,USD,6.12,1.12,1.12,0,0,Attending,eTicket,,,,TX,,US,,,,,,,No,,,,,,,BI&A Big Data Practice Lead,Dell,,,,,,,5123545469,,,
"BigDataCamp Austin - Dec 10, 2013",9095897073,BigDataCamp,298599959,235176969298600000000,"Dec 9, 2013",Bradley,Roark,rbradley@tableausoftware.com,,Bradley,Roark,,rbradley@tableausoftware.com,1,Attendee,"Dec 10, 2013 at 6:00 PM",,,"Seattle, WA, United States",,,,235176969,Free Order,USD,0,0,0,0,0,Attending,eTicket,,,,TX,,US,,,,,,Visualization best practices,No,,,,,,,Sales Area Manager,Tableau Software,,,,,,,,,,
"BigDataCamp Austin - Dec 10, 2013",9095897073,BigDataCamp,299025299,235527431299025000000,"Dec 10, 2013",Bello,Remi,remi_bello@dell.com,,Bello,Remi,,remi_bello@dell.com,1,Attendee,"Dec 10, 2013 at 6:00 PM",,,"Austin, TX, United States",,,,235527431,Free Order,USD,0,0,0,0,0,Attending,eTicket,"507 Pressler Street, #3129",,Austin,TX,78703,US,,,,,,,Yes,,,,,,,Software Services Solution Architect ,Dell,,,,,,,512-723-1463,www.dell.com,,
"BigDataCamp Austin - Dec 10, 2013",9095897073,BigDataCamp,298401199,235010907298401000000,"Dec 8, 2013",Gupta,Ritu,ritugupta_07@yahoo.com,,Gupta,Ritu,,ritugupta_07@yahoo.com,1,Attendee,"Dec 10, 2013 at 6:00 PM",,,Unknown Location,,,,235010907,Free Order,USD,0,0,0,0,0,Attending,eTicket,11 nick,,Austin,TX,78727,US,,,,,,,Yes,,,,,,,Data architect,3M,,,,,,,5123888827,,,
"BigDataCamp Austin - Dec 10, 2013",9095897073,BigDataCamp,298755391,235306219298755000000,"Dec 9, 2013",Felps,Robert,rjf@thirdrock.com,,Felps,Robert,,rjf@thirdrock.com,1,Attendee,"Dec 10, 2013 at 6:00 PM",,,"Round Rock, TX, United States",,,eanrec101,235306219,Free Order,USD,0,0,0,0,0,Attending,eTicket,,,Round Rock,TX,78681,US,,,,,,"swift, gluster",No,,,,,,,COO/VP Consulting,Third Rock,,,,,,,,http://thirdrock.com,,
"BigDataCamp Austin - Dec 10, 2013",9095897073,BigDataCamp,282535173,222197309282535000000,"Oct 30, 2013",Cadenhead,Robert,robert.cadenhead@gmail.com,,Cadenhead,Robert,,robert.cadenhead@gmail.com,1,Attendee,"Dec 10, 2013 at 6:00 PM",,,"Austin, TX, United States",,,austin,222197309,Free Order,USD,0,0,0,0,0,Attending,eTicket,3644 Ranch Creek Dr.,,Austin,TX,78730,US,,,,,,,Yes,,,,,,,Consultant,Independent,,,,,,,5126959447,,,
"BigDataCamp Austin - Dec 10, 2013",9095897073,BigDataCamp,296569989,233487847296570000000,"Dec 3, 2013",bassett,ronald,ronbassett@sbcglobal.net,,bassett,ronald,,ronbassett@sbcglobal.net,1,Attendee,"Dec 10, 2013 at 6:00 PM",,,"Austin, TX, United States",,,,233487847,Free Order,USD,0,0,0,0,0,Attending,eTicket,17061 conway springs ct.,,austin,TX,78717,US,,,,,,,No,,,,,,,Consultant,Digital Logic,,,,,,,,,,
"BigDataCamp Austin - Dec 10, 2013",9095897073,BigDataCamp,283221829,222747235283222000000,"Oct 31, 2013",O'Connor,Ryan,ryanaoconnor@hotmail.com,,O'Connor,Ryan,,ryanaoconnor@hotmail.com,1,Attendee,"Dec 10, 2013 at 6:00 PM",,,"Pflugerville, TX, United States",,,austin,222747235,Free Order,USD,0,0,0,0,0,Attending,eTicket,,,,TX,,US,,,,,,,Yes,,,,,,,Senior Business Analyst,Texas Department of Public Safety,,,,,,,,http://www.linkedin.com/in/ryanoconnor,datathenewoil.com,
"BigDataCamp Austin - Dec 10, 2013",9095897073,BigDataCamp,298640119,235210399298640000000,"Dec 9, 2013",Hussain,Saad,saad@vdiworks.com,,Hussain,Saad,,saad@vdiworks.com,1,Attendee,"Dec 10, 2013 at 6:00 PM",,,"Austin, TX, United States",,,,235210399,Free Order,USD,0,0,0,0,0,Attending,eTicket,4019 Galena Hills Dr.,,Round ROck,TX,78681,US,,,,,,,Yes,,,,,,,President & CEO,VDIworks,,,,,,,512 333 2844,http://www.vdiworks.com,,
"BigDataCamp Austin - Dec 10, 2013",9095897073,BigDataCamp,292576919,230255065292577000000,"Nov 21, 2013",vallikkat,sasi,sasivm@yahoo.com,,vallikkat,sasi,,sasivm@yahoo.com,1,Attendee,"Dec 10, 2013 at 6:00 PM",,,Unknown Location,,,,230255065,Free Order,USD,0,0,0,0,0,Attending,eTicket,,,,,78613,US,,,,,,,,,,,,,,Software Consultant,Dell,,,,,,,,,,
"BigDataCamp Austin - Dec 10, 2013",9095897073,BigDataCamp,298523231,235112797298523000000,"Dec 9, 2013",Schorn,Eric,schorn@gocougs.wsu.edu,,Schorn,Eric,,schorn@gocougs.wsu.edu,1,Attendee,"Dec 10, 2013 at 6:00 PM",,,"Austin, TX, United States",,,,235112797,Free Order,USD,0,0,0,0,0,Attending,eTicket,,,,TX,,US,,,,,,,No,,,,,,,N/A,Student,,,,,,,,,,
"BigDataCamp Austin - Dec 10, 2013",9095897073,BigDataCamp,297795577,234507149297796000000,"Dec 6, 2013",Jensen,Scott,scott_jensen@dell.com,,Jensen,Scott,,scott_jensen@dell.com,1,Attendee w/ Donation,"Dec 10, 2013 at 6:00 PM",,,"Austin, TX, United States",,,,234507149,PayPal Completed,USD,2.02,1.02,1.02,0,0,Attending,eTicket,112 Rocky Pond,,Hollis,NH,3049,US,,,,,,Yarn/MRv2,No,,,,,,,Sr Manager Software Development,Dell,,,,,,,6035895843,,,
"BigDataCamp Austin - Dec 10, 2013",9095897073,BigDataCamp,297350407,234138319297350000000,"Dec 5, 2013",ludera,sean,jumpinjehosophat@gmail.com,,ludera,sean,,sean.ludera@cbigconsulting.com,1,Attendee,"Dec 10, 2013 at 6:00 PM",,,"Austin, TX, United States",,,,234138319,Free Order,USD,0,0,0,0,0,Attending,eTicket,9900 inca lane,,austin,TX,78733,US,,,,,,,Yes,,,,,,,consultant,CBIG Consulting,,,,,,,,http://www.chicagobigroup.com,,
"BigDataCamp Austin - Dec 10, 2013",9095897073,BigDataCamp,298100337,234761735298100000000,"Dec 7, 2013",Gangidi,Sekhar,sekhar.gangidi@austintexas.gov,,Gangidi,Sekhar,,sekhar.gangidi@austintexas.gov,1,Attendee,"Dec 10, 2013 at 6:00 PM",,,"Austin, TX, United States",,,eanrec101,234761735,Free Order,USD,0,0,0,0,0,Attending,eTicket,7221 Fabion Drive,,Austin,TX,78759,US,,,,,,,No,,,,,,,IT Supervisor,City of Austin,,,,,,,,,,
"BigDataCamp Austin - Dec 10, 2013",9095897073,BigDataCamp,298423409,235029095298423000000,"Dec 8, 2013",Selwyn,Francisco,Selwyn.desouza@kit.ae,,Selwyn,Francisco,,Selwyn.desouza@kit.ae,1,Attendee,"Dec 10, 2013 at 6:00 PM",,,"Dubai, United Arab Emirates",,,,235029095,Free Order,USD,0,0,0,0,0,Attending,eTicket,,,,TX,,US,,,,,,,,,,,,,,Genaral Amnager,KIT,,,,,,,,,,
"BigDataCamp Austin - Dec 10, 2013",9095897073,BigDataCamp,298591801,235170045298592000000,"Dec 9, 2013",Gonzalez,Samuel,sgonzac@gmail.com,,Gonzalez,Samuel,,sgonzac@gmail.com,1,Attendee,"Dec 10, 2013 at 6:00 PM",,,"Austin, TX, United States",,,,235170045,Free Order,USD,0,0,0,0,0,Attending,eTicket,,,,TX,,US,,,,,,,Yes,,,,,,,Director,NYLIC,,,,,,,,,,
"BigDataCamp Austin - Dec 10, 2013",9095897073,BigDataCamp,284837867,224063921284838000000,"Nov 4, 2013",Warman,Shaun,shaunwarman1@gmail.com,,Warman,Shaun,,shaunwarman1@gmail.com,1,Attendee,"Dec 10, 2013 at 6:00 PM",,,"Austin, TX, United States",,,es2,224063921,Free Order,USD,0,0,0,0,0,Attending,eTicket,,,,TX,,US,,,,,,,,,,,,,,Software Engineer,Sotera Defense,,,,,,,,,,
"BigDataCamp Austin - Dec 10, 2013",9095897073,BigDataCamp,298057415,234725593298057000000,"Dec 6, 2013",Amal,Joe,sherwinamal@yahoo.com,,Amal,Joe,,sherwinamal@yahoo.com,1,Attendee,"Dec 10, 2013 at 6:00 PM",,,"Austin, TX, United States",,,eanrec101,234725593,Free Order,USD,0,0,0,0,0,Attending,eTicket,,,,TX,,US,,,,,,,,,,,,,,CITY BIM PRACTICE LEAD,SOGETI - a Capgemini Company,,,,,,,,,,
"BigDataCamp Austin - Dec 10, 2013",9095897073,BigDataCamp,296859547,233720933296860000000,"Dec 4, 2013",Kamma,Sridhar,skamma@lifesize.com,,Kamma,Sridhar,,skamma@lifesize.com,1,Attendee,"Dec 10, 2013 at 6:00 PM",,,"Austin, TX, United States",,,,233720933,Free Order,USD,0,0,0,0,0,Attending,eTicket,,,,TX,,US,,,,,,,No,,,,,,,Senior Business Analyst,"LifeSize Communications, Inc.",,,,,,,,,,
"BigDataCamp Austin - Dec 10, 2013",9095897073,BigDataCamp,296437897,233377697296438000000,"Dec 3, 2013",Levitt,Jason,slimandslam@gmail.com,,Levitt,Jason,,slimandslam@gmail.com,1,Attendee,"Dec 10, 2013 at 6:00 PM",,,"Austin, TX, United States",,,,233377697,Free Order,USD,0,0,0,0,0,Attending,eTicket,,,Austin,TX,78704,US,,,,,,,Yes,,,,,,,Consultant,ME,,,,,,,,,,
"BigDataCamp Austin - Dec 10, 2013",9095897073,BigDataCamp,297099357,233924171297099000000,"Dec 4, 2013",Martyak,Stephen,smartyak@hoovers.com,,Martyak,Stephen,,smartyak@hoovers.com,1,Attendee,"Dec 10, 2013 at 6:00 PM",,,"Austin, TX, United States",,,,233924171,Free Order,USD,0,0,0,0,0,Attending,eTicket,,,,TX,,US,,,,,,,No,,,,,,,"Leader, DBA",D&B,,,,,,,,,,
"BigDataCamp Austin - Dec 10, 2013",9095897073,BigDataCamp,290269047,228404285290269000000,"Nov 15, 2013",Shroff,Sanjay,sshroff@gmail.com,,Shroff,Sanjay,,sshroff@gmail.com,1,Attendee,"Dec 10, 2013 at 6:00 PM",,,"San Diego, CA, United States",,,eorg,228404285,Free Order,USD,0,0,0,0,0,Attending,eTicket,523 clauser dr,,milpitas,CA,95035,US,,,,,,,Yes,,,,,,,Arch,Itl,,,,,,,4086005211,,,
"BigDataCamp Austin - Dec 10, 2013",9095897073,BigDataCamp,285882695,224912203285883000000,"Nov 6, 2013",Meschiari,Stefano,stefano@astro.as.utexas.edu,,Meschiari,Stefano,,stefano@astro.as.utexas.edu,1,Attendee w/ Donation,"Dec 10, 2013 at 6:00 PM",,,"Austin, TX, United States",,,austin,224912203,PayPal Completed,USD,11.24,1.24,1.24,0,0,Attending,eTicket,,,,TX,,US,,,,,,,Yes,,,,,,,Postdoctoral fellow,UT Austin,,,,,,,,,,
"BigDataCamp Austin - Dec 10, 2013",9095897073,BigDataCamp,296874687,233733273296875000000,"Dec 4, 2013",Torres,Steven,sttorres@hotmail.com,,Torres,Steven,,sttorres@hotmail.com,1,Attendee,"Dec 10, 2013 at 6:00 PM",,,"Austin, TX, United States",,,,233733273,Free Order,USD,0,0,0,0,0,Attending,eTicket,,,,TX,,US,,,,,,,,,,,,,,Programmer,Texas,,,,,,,,,,
"BigDataCamp Austin - Dec 10, 2013",9095897073,BigDataCamp,297871383,234569951297871000000,"Dec 6, 2013",Vasan,Srini,svasan@eshipglobal.com,,Vasan,Srini,,svasan@eshipglobal.com,1,Attendee,"Dec 10, 2013 at 6:00 PM",,,"Frisco, TX, United States",,,2013,234569951,Free Order,USD,0,0,0,0,0,Attending,eTicket,5800 Campus Circle,,Irving ,TX,75063,US,,,,,,blog,Yes,,,,,,,VP,eShipGlobal,,,,,,,972-1518-1775,http://www.eshipglobal.com,http://blogs.eshipglobal.com,
"BigDataCamp Austin - Dec 10, 2013",9095897073,BigDataCamp,296899715,233754225296900000000,"Dec 4, 2013",Dwyer,Tamara,tamara@tamaradwyer.com,,Dwyer,Tamara,,tamara@tamaradwyer.com,1,Attendee,"Dec 10, 2013 at 6:00 PM",,,"Clarkston, MI, United States",,,2013,233754225,Free Order,USD,0,0,0,0,0,Attending,eTicket,6113 Abilene Trail,,Austin,TX,78749,US,,,,,,,,,,,,,,Test lead,General Motors,,,,,,,,,,
"BigDataCamp Austin - Dec 10, 2013",9095897073,BigDataCamp,298403821,235013077298404000000,"Dec 8, 2013",Reyes,Therese,therese.reyes@hcvt.com,,Reyes,Therese,,therese.reyes@hcvt.com,1,Attendee,"Dec 10, 2013 at 6:00 PM",,,United States,,,,235013077,Free Order,USD,0,0,0,0,0,Attending,eTicket,,,,TX,,US,,,,,,,,,,,,,,Network Admin,HCVT,,,,,,,,,,
"BigDataCamp Austin - Dec 10, 2013",9095897073,BigDataCamp,297912757,234604285297913000000,"Dec 6, 2013",Overton,Tom,thomasmoverton@yahoo.com,,Overton,Tom,,thomasmoverton@yahoo.com,1,Attendee,"Dec 10, 2013 at 6:00 PM",,,"Austin, TX, United States",,,eanrec101,234604285,Free Order,USD,0,0,0,0,0,Attending,eTicket,,,,TX,,US,,,,,,Good data analytics books.,Yes,,,,,,,Data miner and programmer,Consultant,,,,,,,512-553-5531,,,
"BigDataCamp Austin - Dec 10, 2013",9095897073,BigDataCamp,297172407,233986701297172000000,"Dec 4, 2013",Hoogasian,Tim,tim.hoogasian@yahoo.com,,Hoogasian,Tim,,tim.hoogasian@yahoo.com,1,Attendee,"Dec 10, 2013 at 6:00 PM",,,"Leander, TX, United States",,,,233986701,Free Order,USD,0,0,0,0,0,Attending,eTicket,,,,TX,,US,,,,,,,Yes,,,,,,,Technical Marketing Consultant,Dell,,,,,,,,,,
"BigDataCamp Austin - Dec 10, 2013",9095897073,BigDataCamp,296801809,233674181296802000000,"Dec 4, 2013",Meinke,Tod,tod@sbrdesign.com,,Meinke,Tod,,tod@sbrdesign.com,1,Attendee,"Dec 10, 2013 at 6:00 PM",,,"Austin, TX, United States",,,,233674181,Free Order,USD,0,0,0,0,0,Attending,eTicket,,,,TX,,US,,,,,,,No,,,,,,,Data Architect,MAP Healthcare Management,,,,,,,,,,
"BigDataCamp Austin - Dec 10, 2013",9095897073,BigDataCamp,287631707,226262793287632000000,"Nov 10, 2013",Harrington,Tom,tomh@mc2tech.com,,Harrington,Tom,,tomh@mc2tech.com,1,Attendee,"Dec 10, 2013 at 6:00 PM",,,"San Jose, CA, United States",,,austin,226262793,Free Order,USD,0,0,0,0,0,Attending,eTicket,,,,TX,,US,,,,,,,No,,,,,,,Staff Engineer,VMware,,,,,,,,,,
"BigDataCamp Austin - Dec 10, 2013",9095897073,BigDataCamp,298411079,235019069298411000000,"Dec 8, 2013",Torres,Juan,tony.torres54@gmail.com,,Torres,Juan,,tony.torres54@gmail.com,1,Attendee,"Dec 10, 2013 at 6:00 PM",,,"Austin, TX, United States",,,eanrec101,235019069,Free Order,USD,0,0,0,0,0,Attending,eTicket,,,,TX,,US,,,,,,,Yes,,,,,,,Student,The University of Texas At Austin,,,,,,,,,,
"BigDataCamp Austin - Dec 10, 2013",9095897073,BigDataCamp,297613507,234354695297613000000,"Dec 5, 2013",Venkataraman,Venkat,Venkat_Venkataraman@dell.com,,Venkataraman,Venkat,,Venkat_Venkataraman@dell.com,1,Attendee,"Dec 10, 2013 at 6:00 PM",,,"Austin, TX, United States",,,,234354695,Free Order,USD,0,0,0,0,0,Attending,eTicket,9516 Ketona Cove,,Austin,TX,78759,US,,,,,,Big Data Analytics,Yes,,,,,,,Senior Marketing Consultant,Dell,,,,,,,,http://dell.com,,
"BigDataCamp Austin - Dec 10, 2013",9095897073,BigDataCamp,298610981,235186185298611000000,"Dec 9, 2013",Dharia,Vikas,vikas_dharia@yahoo.com,,Dharia,Vikas,,vikas_dharia@yahoo.com,1,Attendee,"Dec 10, 2013 at 6:00 PM",,,"San Francisco, CA, United States",,,,235186185,Free Order,USD,0,0,0,0,0,Attending,eTicket,12301 Research Blvd,,Austin,TX,78759,US,,,,,,,Yes,,,,,,,Lead Engineer,Visa,,,,,,,,,,
"BigDataCamp Austin - Dec 10, 2013",9095897073,BigDataCamp,298893555,235421775298894000000,"Dec 10, 2013",Ponangi,Preethi Vinayak,vinayakponangi@gmail.com,,Ponangi,Preethi Vinayak,,vinayakponangi@gmail.com,1,Attendee,"Dec 10, 2013 at 6:00 PM",,,"Austin, TX, United States",,,,235421775,Free Order,USD,0,0,0,0,0,Not Attending,eTicket,,,,TX,,US,,,,,,,Yes,,,,,,,Principal Software Engineer,Dell,,,,,,,,,,
"BigDataCamp Austin - Dec 10, 2013",9095897073,BigDataCamp,296216937,233198055296217000000,"Dec 2, 2013",Reddy,Vema,vr1080@gmail.com,,Reddy,Vema,,vr1080@gmail.com,1,Attendee,"Dec 10, 2013 at 6:00 PM",,,"Austin, TX, United States",,,,233198055,Free Order,USD,0,0,0,0,0,Attending,eTicket,,,,TX,,US,,,,,,,,,,,,,,Engineer,Tekmos,,,,,,,,,,
"BigDataCamp Austin - Dec 10, 2013",9095897073,BigDataCamp,284427017,223729443284427000000,"Nov 4, 2013",Watt,Steve,wattsteve@yahoo.com,,Watt,Steve,,wattsteve@yahoo.com,1,Attendee,"Dec 10, 2013 at 6:00 PM",,,"Cedar Park, TX, United States",,,austin,223729443,Free Order,USD,0,0,0,0,0,Attending,eTicket,,,,TX,,US,,,,,,Hadoop Interoperability,No,,,,,,,Hadoop Chief Architect,Red Hat,,,,,,,,www.redhat.com,,
"BigDataCamp Austin - Dec 10, 2013",9095897073,BigDataCamp,282879971,222476291282880000000,"Oct 31, 2013",Wickett,James,wickett@gmail.com,,Wickett,James,,wickett@gmail.com,1,Attendee,"Dec 10, 2013 at 6:00 PM",,,"Pflugerville, TX, United States",,,austin,222476291,Free Order,USD,0,0,0,0,0,Attending,eTicket,18212 Mammoth Cave Blvd,,Pflugerville,TX,78660,US,,,,,,Securing your Big Data!,Yes,,,,,,,Sr. DevOps Engineer,Mentor Graphics Co.,,,,,,,(512) 425-3023,http://theagileadmin.com/,http://blog.wickett.me/,
"BigDataCamp Austin - Dec 10, 2013",9095897073,BigDataCamp,297186751,233998841297187000000,"Dec 4, 2013",Roper,Walter ,wrope2@uis.edu,,Roper,Walter ,,wrope2@uis.edu,1,Attendee,"Dec 10, 2013 at 6:00 PM",,,"Austin, TX, United States",,,,233998841,Free Order,USD,0,0,0,0,0,Attending,eTicket,12124 RR 620 N,,Austin,TX,78755,US,,,,,,"Big Data - Hadoop-MapR vs. Traditional Transactional Database (Oracle, DB2).  Can they coexist?  And are companies doing more than lip service",Yes,,,,,,,Bioinformatics - Finance,University of Illinois,,,,,,,512-351-2268,,,
