Order #,Event Name,Event ID,Organizer Name,Attendee #,Barcode #,Order Date,Buyer Last Name,Buyer First Name,Buyer Email,Prefix,Last Name,First Name,Suffix,Email,Quantity,Ticket Type,Date Attending,Device #,Check-In Date,IP Location,Discount,Group,Affiliate,Order Type,Currency,Total Paid,Fees Paid,Eventbrite Fees,Eventbrite Payment Processing,Tax Paid,Attendee Status,Ticket Delivery Method,Home Address 1,Home Address 2,Home City,Home State,Home Zip,Home Country,Home Phone,Cell Phone,Gender,Age,Birth Date,What topics are you interested in?,Would you like to receive Ops-related information from our sponsors?,Shipping Address 1,Shipping Address 2,Shipping City,Shipping State,Shipping Zip,Shipping Country,Job Title,Company,Work Address 1,Work Address 2,Work City,Work State,Work Zip,Work Country,Work Phone,Website,Blog,Notes
13084393,svDevOps Meet-Up: DevOps Toolchain,743811761,SVDevOps,17365612,,"Jun 28, 2010",Joshi,Suyash,suyashcjoshi@gmail.com,,Joshi,Suyash,,suyashcjoshi@gmail.com,1,Attendee,"Jul 6, 2010 at 6:30 PM",,,"San Francisco, CA, United States",,,,Free Order,USD,0.00,0.00,0.00,0.00,0.00,Attending,eTicket,,,,,,,,,,,,Mobile and Social Media,No,,,,,,,Freelancer,Self Employed,,,,,,,,,,
13092018,svDevOps Meet-Up: DevOps Toolchain,743811761,SVDevOps,17375249,,"Jun 28, 2010",Berger,Robert,rberger@runa.com,,Berger,Robert,,rberger@runa.com,1,Attendee,"Jul 6, 2010 at 6:30 PM",,,"Hayward, CA, United States",,,,Free Order,USD,0.00,0.00,0.00,0.00,0.00,Attending,eTicket,,,,,,,,,,,,"Chef, running a local private cloud for testing before rendering to EC2",No,,,,,,,CTO,Runa Inc.,,,,,,,,http://www.runa.com,http://blog.ibd.com,
13115683,svDevOps Meet-Up: DevOps Toolchain,743811761,SVDevOps,17405215,,"Jun 29, 2010",Edwards,Damon,damon@dtosolutions.com,,Edwards,Damon,,damon@dtosolutions.com,1,Attendee,"Jul 6, 2010 at 6:30 PM",,,"San Francisco, CA, United States",,,,Free Order,USD,0.00,0.00,0.00,0.00,0.00,Attending,eTicket,,,,,,,,,,,,DevOps!,No,,,,,,,,DTO Solutions,,,,,,,,http://dtosolutions.com,http://dev2ops.org,
13115711,svDevOps Meet-Up: DevOps Toolchain,743811761,SVDevOps,17405245,,"Jun 29, 2010",Honor,Alex,alex@dtosolutions.com,,Honor,Alex,,alex@dtosolutions.com,1,Attendee,"Jul 6, 2010 at 6:30 PM",,,"San Francisco, CA, United States",,,,Free Order,USD,0.00,0.00,0.00,0.00,0.00,Attending,eTicket,,,,,,,,,,,,devops,No,,,,,,,,DTO Solutions,,,,,,,,http://dtosolutions.com,http://dev2ops.org,
13117002,svDevOps Meet-Up: DevOps Toolchain,743811761,SVDevOps,17406907,,"Jun 29, 2010",Sanchez,Ricardo,rsanchez.jayhawk@gmail.com,,Sanchez,Ricardo,,rsanchez.jayhawk@gmail.com,1,Attendee,"Jul 6, 2010 at 6:30 PM",,,United States,,,,Free Order,USD,0.00,0.00,0.00,0.00,0.00,Attending,eTicket,,,,,,,,,,,,"Cloud management, Command&Control Ops, Agile Operations",Yes,,,,,,,,Independent Consultant,,,,,,,,http://linkedin.com/in/ricardojsanchez,,
13117075,svDevOps Meet-Up: DevOps Toolchain,743811761,SVDevOps,17406992,,"Jun 29, 2010",Lampitt,Andrew,alampitt@zagile.com,,Lampitt,Andrew,,alampitt@zagile.com,1,Attendee,"Jul 6, 2010 at 6:30 PM",,,"Lafayette, CA, United States",,,,Free Order,USD,0.00,0.00,0.00,0.00,0.00,Attending,eTicket,,,,,,,,,,,,"methodologies, engineering management dashboards",Yes,,,,,,,Marketing and Business Development,zAgile,,,,,,,,http://www.zagile.com,http://www.zagile.com/blogs/TheSCurve.html,
13121653,svDevOps Meet-Up: DevOps Toolchain,743811761,SVDevOps,17413426,,"Jun 30, 2010",Horn,Alan,deorth@gmail.com,,Horn,Alan,,deorth@gmail.com,1,Attendee,"Jul 6, 2010 at 6:30 PM",,,"Redwood City, CA, United States",,,,Free Order,USD,0.00,0.00,0.00,0.00,0.00,Attending,eTicket,,,,,,,,,,,,*,No,,,,,,,,,,,,,,,,,,
13122868,svDevOps Meet-Up: DevOps Toolchain,743811761,SVDevOps,17414884,,"Jun 30, 2010",DAmico,Nate,daminate@hotmail.com,,DAmico,Nate,,daminate@hotmail.com,1,Attendee,"Jul 6, 2010 at 6:30 PM",,,"El Cerrito, CA, United States",,,,Free Order,USD,0.00,0.00,0.00,0.00,0.00,Attending,eTicket,,,,,,,,,,,,IT Ops,No,,,,,,,,,,,,,,,,,,
13126842,svDevOps Meet-Up: DevOps Toolchain,743811761,SVDevOps,17419925,,"Jun 30, 2010",Nielsen,Dave,dnielsen@gmail.com,,Nielsen,Dave,,dnielsen@gmail.com,1,Attendee,"Jul 6, 2010 at 6:30 PM",,,"Downers Grove, IL, United States",,,,Free Order,USD,0.00,0.00,0.00,0.00,0.00,Attending,eTicket,,,,,,,,,,,,DevOps Toolchains,Yes,,,,,,,Co-founder,"OpsCamp, CloudCamp",,,,,,,,http://www.opscamp.org,http://twitter.com/davenielsen,
13134835,svDevOps Meet-Up: DevOps Toolchain,743811761,SVDevOps,17430000,,"Jun 30, 2010",Ducea,Marius,marius.ducea@gmail.com,,Ducea,Marius,,marius.ducea@gmail.com,1,Attendee,"Jul 6, 2010 at 6:30 PM",,,"San Francisco, CA, United States",,,,Free Order,USD,0.00,0.00,0.00,0.00,0.00,Attending,eTicket,,,,,,,,,,,,"devops, culture, tools, automation, scale, etc.",No,,,,,,,,Promet Soutions,,,,,,,,http://promethost.com,http://www.ducea.com,
13159449,svDevOps Meet-Up: DevOps Toolchain,743811761,SVDevOps,17460600,,"Jul 1, 2010",Bentley,Isaac,isaac@isaacbentley.org,,Bentley,Isaac,,isaac@isaacbentley.org,1,Attendee,"Jul 6, 2010 at 6:30 PM",,,"San Francisco, CA, United States",,,,Free Order,USD,0.00,0.00,0.00,0.00,0.00,Attending,eTicket,,,,,,,,,,,,DevOps!,No,,,,,,,Production Operations Admin,TeleNav Inc,,,,,,,,http://telenav.com,,
13175027,svDevOps Meet-Up: DevOps Toolchain,743811761,SVDevOps,17480216,,"Jul 1, 2010",Pruitt,Jeremy,jpruitt@juniper.net,,Pruitt,Jeremy,,jpruitt@juniper.net,1,Attendee,"Jul 6, 2010 at 6:30 PM",,,"Fremont, CA, United States",,,,Free Order,USD,0.00,0.00,0.00,0.00,0.00,Attending,eTicket,,,,,,,,,,,,"Infrastructure as code, requirements gathering (especially for PFE and infrastructure), kanban in operations",No,,,,,,,IT Operations Manager,Juniper Networks,,,,,,,,http://www.juniper.net/,,
13175258,svDevOps Meet-Up: DevOps Toolchain,743811761,SVDevOps,17480554,,"Jul 1, 2010",Calvo,Jerome,jerome@dreamface.org,,Calvo,Jerome,,jerome@dreamface.org,1,Attendee,"Jul 6, 2010 at 6:30 PM",,,"Mountain View, CA, United States",,,,Free Order,USD,0.00,0.00,0.00,0.00,0.00,Attending,eTicket,,,,,,,,,,,,Architecture and best practices,No,,,,,,,West Coast Office,Dreamface Interactive,,,,,,,,http://dreamface.org/,http://dreamface.org/blog,
13176156,svDevOps Meet-Up: DevOps Toolchain,743811761,SVDevOps,17481674,,"Jul 2, 2010",Ercen,Ceren,ceren@ercen.com,,Ercen,Ceren,,ceren@ercen.com,1,Attendee,"Jul 6, 2010 at 6:30 PM",,,"San Francisco, CA, United States",,,,Free Order,USD,0.00,0.00,0.00,0.00,0.00,Attending,eTicket,,,,,,,,,,,,"puppet and chef deployments, capistrano change deployment, converting live,unmanaged environments into version-controlled, tool-deployed infrastructure.",Yes,,,,,,,,,,,,,,,,,,
13186973,svDevOps Meet-Up: DevOps Toolchain,743811761,SVDevOps,17495255,,"Jul 2, 2010",Ramanathan,Rag,ragr@yahoo.com,,Ramanathan,Rag,,ragr@yahoo.com,1,Attendee,"Jul 6, 2010 at 6:30 PM",,,"San Jose, CA, United States",,,,Free Order,USD,0.00,0.00,0.00,0.00,0.00,Attending,eTicket,,,,,,,,,,,,na,Yes,,,,,,,Product Management,TBD,,,,,,,,,,
13188044,svDevOps Meet-Up: DevOps Toolchain,743811761,SVDevOps,17496718,,"Jul 2, 2010",Walsh,Rich,rwalsh@att.net,,Walsh,Rich,,rwalsh@att.net,1,Attendee,"Jul 6, 2010 at 6:30 PM",,,"Los Altos, CA, United States",,,,Free Order,USD,0.00,0.00,0.00,0.00,0.00,Attending,eTicket,,,,,,,,,,,,"Really, any topic under the DevOps umbrella.  I enjoyed all the sessions at DevOps Days last week.",Yes,,,,,,,,,,,,,,,,,,
13191212,svDevOps Meet-Up: DevOps Toolchain,743811761,SVDevOps,17500821,,"Jul 2, 2010",Yamamoto,Keiichi,kyama55@tisus.com,,Yamamoto,Keiichi,,kyama55@tisus.com,1,Attendee,"Jul 6, 2010 at 6:30 PM",,,"Mountain View, CA, United States",,,,Free Order,USD,0.00,0.00,0.00,0.00,0.00,Attending,eTicket,,,,,,,,,,,,Development Tools/Methodology,Yes,,,,,,,Tech Researcher,"TIS R&D Center, Inc.",,,,,,,,,,
13191258,svDevOps Meet-Up: DevOps Toolchain,743811761,SVDevOps,17500906,,"Jul 2, 2010",Smith,Scott,scott@ohlol.net,,Smith,Scott,,scott@ohlol.net,1,Attendee,"Jul 6, 2010 at 6:30 PM",,,"San Francisco, CA, United States",,,,Free Order,USD,0.00,0.00,0.00,0.00,0.00,Attending,eTicket,,,,,,,,,,,,UNIX,No,,,,,,,,,,,,,,,,,,
13191308,svDevOps Meet-Up: DevOps Toolchain,743811761,SVDevOps,17500962,,"Jul 2, 2010",Handly,Paul,paulh@meebo-inc.com,,Handly,Paul,,paulh@meebo-inc.com,1,Attendee,"Jul 6, 2010 at 6:30 PM",,,"San Ramon, CA, United States",,,,Free Order,USD,0.00,0.00,0.00,0.00,0.00,Attending,eTicket,,,,,,,,,,,,"Devops workflow, tools, best practices, networking",No,,,,,,,,Meebo,,,,,,,,,,
13201619,svDevOps Meet-Up: DevOps Toolchain,743811761,SVDevOps,17514187,,"Jul 3, 2010",Taylor,Lloyd,Devops@netelder.com,,Taylor,Lloyd,,Devops@netelder.com,1,Attendee,"Jul 6, 2010 at 6:30 PM",,,United States,,,,Free Order,USD,0.00,0.00,0.00,0.00,0.00,Attending,eTicket,,,,,,,,,,,,X,No,,,,,,,President,NetElder Associates,,,,,,,,http://Netelder.com,,
13212281,svDevOps Meet-Up: DevOps Toolchain,743811761,SVDevOps,17527501,,"Jul 4, 2010",Finnegan,Isaac,ifinnegan@proofpoint.com,,Finnegan,Isaac,,ifinnegan@proofpoint.com,1,Attendee,"Jul 6, 2010 at 6:30 PM",,,"Modesto, CA, United States",,,,Free Order,USD,0.00,0.00,0.00,0.00,0.00,Attending,eTicket,,,,,,,,,,,,Sa tools. Devops,No,,,,,,,sa/tools,Proofpoint Inc.,,,,,,,,http://www.proofpoint.com,,
13227280,svDevOps Meet-Up: DevOps Toolchain,743811761,SVDevOps,17545870,,"Jul 5, 2010",Nugent,Ray,rnugent@yahoo.com,,Nugent,Ray,,rnugent@yahoo.com,1,Attendee,"Jul 6, 2010 at 6:30 PM",,,"San Francisco, CA, United States",,,,Free Order,USD,0.00,0.00,0.00,0.00,0.00,Attending,eTicket,,,,,,,,,,,,DevOps tools for Cloud provisioning and management,Yes,,,,,,,CEO,Smartscale Systems,,,,,,,,http://www.smartscalesystems.com,,
13228608,svDevOps Meet-Up: DevOps Toolchain,743811761,SVDevOps,17547534,,"Jul 6, 2010",Watters,James,wattersjames@gmail.com,,Watters,James,,wattersjames@gmail.com,1,Attendee,"Jul 6, 2010 at 6:30 PM",,,"Sunnyvale, CA, United States",,,,Free Order,USD,0.00,0.00,0.00,0.00,0.00,Attending,eTicket,,,,,,,,,,,,cloud infrastructure,No,,,,,,,Cloud Development,VMware,,,,,,,,,http://wattersjames.posterous.com,
13228855,svDevOps Meet-Up: DevOps Toolchain,743811761,SVDevOps,17547817,,"Jul 6, 2010",Jones,Clyde,slash5toaster@gmail.com,,Jones,Clyde,,slash5toaster@gmail.com,1,Attendee,"Jul 6, 2010 at 6:30 PM",,,"Palo Alto, CA, United States",,,,Free Order,USD,0.00,0.00,0.00,0.00,0.00,Attending,eTicket,,,,,,,,,,,,"Operations stacks
Monitoring
distributed computing",Yes,,,,,,,Sr Operations Developer,Exelixis,,,,,,,,,,
13234222,svDevOps Meet-Up: DevOps Toolchain,743811761,SVDevOps,17554310,,"Jul 6, 2010",Shortland,Anthony,anthony@dtosolutions.com,,Shortland,Anthony,,anthony@dtosolutions.com,1,Attendee,"Jul 6, 2010 at 6:30 PM",,,"Mountain View, CA, United States",,,,Free Order,USD,0.00,0.00,0.00,0.00,0.00,Attending,eTicket,,,,,,,,,,,,Toolchain,No,,,,,,,Professional Services,,,,,,,,,,,
13236509,svDevOps Meet-Up: DevOps Toolchain,743811761,SVDevOps,17557103,,"Jul 6, 2010",Benson,Robert,rbensonpaloalto@netscape.net,,Benson,Robert,,rbensonpaloalto@netscape.net,1,Attendee,"Jul 6, 2010 at 6:30 PM",,,"San Jose, CA, United States",,,,Free Order,USD,0.00,0.00,0.00,0.00,0.00,Attending,eTicket,,,,,,,,,,,,overview,No,,,,,,,,,,,,,,,,,,
13241627,svDevOps Meet-Up: DevOps Toolchain,743811761,SVDevOps,17563683,,"Jul 6, 2010",Le Nadan,Gildas,3ntr0p13+eventbrite@gmail.com,,Le Nadan,Gildas,,3ntr0p13+eventbrite@gmail.com,1,Attendee,"Jul 6, 2010 at 6:30 PM",,,"San Jose, CA, United States",,,,Free Order,USD,0.00,0.00,0.00,0.00,0.00,Attending,eTicket,,,,,,,,,,,,IT refoundation :),No,,,,,,,freelance,,,,,,,,,,http://blog.endemics.info/,
13242320,svDevOps Meet-Up: DevOps Toolchain,743811761,SVDevOps,17564507,,"Jul 6, 2010",Gray,Adam,adam@meebo-inc.com,,Gray,Adam,,adam@meebo-inc.com,1,Attendee,"Jul 6, 2010 at 6:30 PM",,,"San Ramon, CA, United States",,,,Free Order,USD,0.00,0.00,0.00,0.00,0.00,Attending,eTicket,,,,,,,,,,,,"automation, automatic response, configuration",No,,,,,,,,Meebo,,,,,,,,,,
13244906,svDevOps Meet-Up: DevOps Toolchain,743811761,SVDevOps,17567600,,"Jul 6, 2010",Hathaway,Bill,bill.hathaway@gmail.com,,Hathaway,Bill,,bill.hathaway@gmail.com,1,Attendee,"Jul 6, 2010 at 6:30 PM",,,"Santa Clara, CA, United States",,,zvents,Free Order,USD,0.00,0.00,0.00,0.00,0.00,Attending,eTicket,,,,,,,,,,,,open-source and commercial tools for managing automated deployments and operations,No,,,,,,,Solutions Architect,Versatile,,,,,,,,http://versatile.com/,http://twitter.com/billhathaway,
