Event Name,Event ID,Organizer Name,Attendee #,Barcode #,Order Date,Buyer Last Name,Buyer First Name,Buyer Email,Prefix,Last Name,First Name,Suffix,Email,Quantity,Ticket Type,Date Attending,Device #,Check-In Date,IP Location,Discount,Group,Affiliate,Order #,Order Type,Currency,Total Paid,Fees Paid,Eventbrite Fees,Eventbrite Payment Processing,Tax Paid,Attendee Status,Ticket Delivery Method,Home Address 1,Home Address 2,Home City,Home State,Home Zip,Home Country,Home Phone,Cell Phone,Gender,Age,Birth Date,Please suggest a topic for an unconference session,Would you like to receive BigData-related emails from our event sponsors.,Shipping Address 1,Shipping Address 2,Shipping City,Shipping State,Shipping Zip,Shipping Country,Job Title,Company,Work Address 1,Work Address 2,Work City,Work State,Work Zip,Work Country,Work Phone,Website,Blog,Notes
"BigDataCamp NYC @CloudExpo - June 13, 2012",3337619911,BigDataCamp,102536361,80588111102536361001,"Apr 10, 2012",Nielsen,Dave,dnielsen@gmail.com,,Nielsen,Dave,,dnielsen@gmail.com,1,Attendee,"Jun 13, 2012 at 5:30 PM",,,Russia,,,,80588111,Free Order,USD,0.00,0.00,0.00,0.00,0.00,Attending,eTicket,1046 Mercy Street,,Mountain View,CA,94041,US,,,,,,,Yes,,,,,,,Co-founder,CloudCamp,,,,,,,415-531-6674,http://www.cloudcamp.org,http://twitter.com/davenielsen,
"BigDataCamp NYC @CloudExpo - June 13, 2012",3337619911,BigDataCamp,102744999,80754157102744999001,"Apr 11, 2012",Ovalle,Maria,Movall59@gmail.com,,Ovalle,Maria,,Movall59@gmail.com,1,Attendee,"Jun 13, 2012 at 5:30 PM",,,"Brooklyn, NY, United States",,,esearch2,80754157,Free Order,USD,0.00,0.00,0.00,0.00,0.00,Attending,eTicket,,,,NY,,US,,,,,,,,,,,,,,Accounts Payable,Consultant,,,,,,,,,,
"BigDataCamp NYC @CloudExpo - June 13, 2012",3337619911,BigDataCamp,102888717,80867793102888717001,"Apr 11, 2012",melendez,rafael,neoclectic@gmail.com,,melendez,rafael,,neoclectic@gmail.com,1,Attendee,"Jun 13, 2012 at 5:30 PM",,,"Hillsborough, NJ, United States",,,es1,80867793,Free Order,USD,0.00,0.00,0.00,0.00,0.00,Attending,eTicket,121 w 27th st,suite 1101,new york,NY,10001,US,,,,,,,Yes,,,,,,,senior project manager,setty and associates,,,,,,,9084192059,http://www.settty.com,,
"BigDataCamp NYC @CloudExpo - June 13, 2012",3337619911,BigDataCamp,104871425,82410485104871425001,"Apr 19, 2012",Labroo,Shagun,shagunl@aditi.com,,Labroo,Shagun,,shagunl@aditi.com,1,Attendee,"Jun 13, 2012 at 5:30 PM",,,"New York, NY, United States",,,auto,82410485,Free Order,USD,0.00,0.00,0.00,0.00,0.00,Attending,eTicket,,,,NY,,US,,,,,,,,,,,,,,Business Development Manager,Aditi,,,,,,,,,,
"BigDataCamp NYC @CloudExpo - June 13, 2012",3337619911,BigDataCamp,114008720,89434124114008720001,"May 29, 2012",Krasnich,Anna,akrasnich@columnit.com,,Krasnich,Anna,,akrasnich@columnit.com,1,Attendee,"Jun 13, 2012 at 5:30 PM",,,"New York, NY, United States",,,,89434124,Free Order,USD,0.00,0.00,0.00,0.00,0.00,Attending,eTicket,,,,NY,,US,,,,,,,No,,,,,,,Business Development Manager,Column IT,,,,,,,941-228-3155,http://www.columnit.com,,
"BigDataCamp NYC @CloudExpo - June 13, 2012",3337619911,BigDataCamp,114653136,89941048114653136001,"May 31, 2012",Poeta,Francis,fpoeta@pandminc.com,,Poeta,Francis,,fpoeta@pandminc.com,1,Attendee,"Jun 13, 2012 at 5:30 PM",,,"Fairview, NJ, United States",,,,89941048,Free Order,USD,0.00,0.00,0.00,0.00,0.00,Attending,eTicket,,,,NY,07010,US,,,,,,hadop for non finacials,Yes,,,,,,,CTA,artemisX,,,,,,,,,,
"BigDataCamp NYC @CloudExpo - June 13, 2012",3337619911,BigDataCamp,115021490,90223808115021490001,"Jun 2, 2012",Bhujbal,Vidya,vidya_bhujbal@yahoo.com,,Bhujbal,Vidya,,vidya_bhujbal@yahoo.com,1,Attendee,"Jun 13, 2012 at 5:30 PM",,,"Bridgewater, NJ, United States",,,,90223808,Free Order,USD,0.00,0.00,0.00,0.00,0.00,Attending,eTicket,morristown road,,Basking Ridge,NJ,,US,,,,,,,,,,,,,,Architect,UHG,,,,,,,,,,
"BigDataCamp NYC @CloudExpo - June 13, 2012",3337619911,BigDataCamp,115440984,90553796115440984001,"Jun 5, 2012",Williams,Alex,alexhwilliams@gmail.com,,Williams,Alex,,alexhwilliams@gmail.com,1,Attendee,"Jun 13, 2012 at 5:30 PM",,,"Orlando, FL, United States",,,,90553796,Free Order,USD,0.00,0.00,0.00,0.00,0.00,Attending,eTicket,7015 N.Kellogg St.,,Portland,OR,97203,US,,,,,,Data aggregation as a byproduct of data gravity and a signal for data as a service trends.,,,,,,,,Editor,SiliconAngle,,,,,,,5034736237,http://siliconangle.com,http://devopsangle.com,
"BigDataCamp NYC @CloudExpo - June 13, 2012",3337619911,BigDataCamp,115480090,90585218115480090001,"Jun 5, 2012",Morris,Florence,florence.morris@gmail.com,,Morris,Florence,,florence.morris@gmail.com,1,Attendee,"Jun 13, 2012 at 5:30 PM",,,"New York, NY, United States",,,,90585218,Free Order,USD,0.00,0.00,0.00,0.00,0.00,Attending,eTicket,,,,NY,,US,,,,,,,Yes,,,,,,,Project Lead,CFS,,,,,,,,,,
"BigDataCamp NYC @CloudExpo - June 13, 2012",3337619911,BigDataCamp,116014666,91007302116014666001,"Jun 7, 2012",Falkoff,James,falkoff@longworth.com,,Falkoff,James,,falkoff@longworth.com,1,Attendee,"Jun 13, 2012 at 5:30 PM",,,"Boston, MA, United States",,,,91007302,Free Order,USD,0.00,0.00,0.00,0.00,0.00,Attending,eTicket,1050 Winter Street,Suite 2600,Waltham,MA,02451,US,,,,,,,,,,,,,,Venture Capital Analyst,Longworth Venture Partners,,,,,,,2173906396,,,
"BigDataCamp NYC @CloudExpo - June 13, 2012",3337619911,BigDataCamp,116015320,91007820116015320001,"Jun 7, 2012",press,aviva,avivapress@verizon.net,,press,aviva,,avivapress@verizon.net,1,Attendee,"Jun 13, 2012 at 5:30 PM",,,"Woodhaven, NY, United States",,,,91007820,Free Order,USD,0.00,0.00,0.00,0.00,0.00,Attending,eTicket,,,,NY,,US,,,,,,,,,,,,,,publisher,digital media,,,,,,,,,,
"BigDataCamp NYC @CloudExpo - June 13, 2012",3337619911,BigDataCamp,116182186,91138830116182186001,"Jun 7, 2012",Thurman,Audree,aud1@audsplace.com,,Thurman,Audree,,aud1@audsplace.com,1,Attendee,"Jun 13, 2012 at 5:30 PM",,,"Phoenix, AZ, United States",,,,91138830,Free Order,USD,0.00,0.00,0.00,0.00,0.00,Attending,eTicket,2210 N 38th Street,,Phoenix,NY,85008,US,,,,,,,Yes,,,,,,,Senior Software Architect,Adon Netowrk,,,,,,,6024058200,http://audsplace.com,,
"BigDataCamp NYC @CloudExpo - June 13, 2012",3337619911,BigDataCamp,116308260,91237874116308260001,"Jun 8, 2012",Marostica,Meghan,meghan@code42.com,,Marostica,Meghan,,meghan@code42.com,1,Attendee,"Jun 13, 2012 at 5:30 PM",,,"Minneapolis, MN, United States",,,,91237874,Free Order,USD,0.00,0.00,0.00,0.00,0.00,Attending,eTicket,1 Main Street SE Suite 400,,Minneapolis,MN,55414,US,,,,,,"No topic suggestion, I am coming to see the organization of your unconference in my research to host a similar type of event in the near future.",No,,,,,,,Event Manager,"Code 42 Software, Inc",,,,,,,,http://crashplanproe.com,,
"BigDataCamp NYC @CloudExpo - June 13, 2012",3337619911,BigDataCamp,116349192,91269660116349192001,"Jun 8, 2012",Sysoev,KIrill,iam@onnet.su,,Sysoev,KIrill,,iam@onnet.su,1,Attendee,"Jun 13, 2012 at 5:30 PM",,,"Saint Petersburg, Russia",,,,91269660,Free Order,USD,0.00,0.00,0.00,0.00,0.00,Attending,eTicket,,,,,,RU,,,,,,,No,,,,,,,manager,OnNet communications ,,,,,,,,http://onnet.su,,
"BigDataCamp NYC @CloudExpo - June 13, 2012",3337619911,BigDataCamp,116355654,91274752116355654001,"Jun 8, 2012",Patel,Rupen,rupenp@yahoo.com,,Patel,Rupen,,rupenp@yahoo.com,1,Attendee,"Jun 13, 2012 at 5:30 PM",,,"Atlanta, GA, United States",,,,91274752,Free Order,USD,0.00,0.00,0.00,0.00,0.00,Attending,eTicket,,,,NY,,US,,,,,,Near real time big data processing,No,,,,,,,CTO,Mercurium,,,,,,,,,,
"BigDataCamp NYC @CloudExpo - June 13, 2012",3337619911,BigDataCamp,116688918,91537714116688918001,"Jun 10, 2012",Simpson,Nancy,nsimpson@kpmg.com,,Simpson,Nancy,,nsimpson@kpmg.com,1,Attendee,"Jun 13, 2012 at 5:30 PM",,,"New York, NY, United States",,,,91537714,Free Order,USD,0.00,0.00,0.00,0.00,0.00,Attending,eTicket,,,,NY,,US,,,,,,,No,,,,,,,Advisory Director,KPMG LLP,,,,,,,,,,
"BigDataCamp NYC @CloudExpo - June 13, 2012",3337619911,BigDataCamp,116694550,91542348116694550001,"Jun 10, 2012",Negri,Daniel,danielgomesnegri@gmail.com,,Negri,Daniel,,danielgomesnegri@gmail.com,1,Attendee,"Jun 13, 2012 at 5:30 PM",,,"Pompton Lakes, NJ, United States",,,erec2,91542348,Free Order,USD,0.00,0.00,0.00,0.00,0.00,Attending,eTicket,Gorge Ave,,Cliffside Park,NJ,07010,US,,,,,,,No,,,,,,,Sr. IT Analyst,Stefanini,,,,,,,,,http://blog.danielnegri.com,
"BigDataCamp NYC @CloudExpo - June 13, 2012",3337619911,BigDataCamp,116694764,91542504116694764001,"Jun 10, 2012",Aires,Ludmilla,ludaires@gmail.com,,Aires,Ludmilla,,ludaires@gmail.com,1,Attendee,"Jun 13, 2012 at 5:30 PM",,,"Pompton Lakes, NJ, United States",,,erec2,91542504,Free Order,USD,0.00,0.00,0.00,0.00,0.00,Attending,eTicket,Gorge Ave,,Cliffside Park,NJ,07010,US,,,,,,,No,,,,,,,Quality Manager ,Stefanini,,,,,,,,,,
"BigDataCamp NYC @CloudExpo - June 13, 2012",3337619911,BigDataCamp,116909162,91714000116909162001,"Jun 11, 2012",bythrow,john,jsbythro@gmail.com,,bythrow,john,,jsbythro@gmail.com,1,Attendee,"Jun 13, 2012 at 5:30 PM",,,"Bronx, NY, United States",,,,91714000,Free Order,USD,0.00,0.00,0.00,0.00,0.00,Attending,eTicket,44 watrous rd,,bolton,CT,06043,US,,,,,,"What is Hadoop, can I host it privately or is ir hosted only?",Yes,,,,,,,systems engineer,opensky,,,,,,,,,,
"BigDataCamp NYC @CloudExpo - June 13, 2012",3337619911,BigDataCamp,116946366,91742698116946366001,"Jun 11, 2012",Thompson,Matthew,thompsonml1@gmail.com,,Thompson,Matthew,,thompsonml1@gmail.com,1,Attendee,"Jun 13, 2012 at 5:30 PM",,,"New York, NY, United States",,,,91742698,Free Order,USD,0.00,0.00,0.00,0.00,0.00,Attending,eTicket,,,,NY,,US,,,,,,SIEM in big data environments.,No,,,,,,,IT Specialist,US Army,,,,,,,,,,
"BigDataCamp NYC @CloudExpo - June 13, 2012",3337619911,BigDataCamp,117046434,91821828117046434001,"Jun 12, 2012",Hoskins,Mike,mike.hoskins@pervasive.com,,Hoskins,Mike,,mike.hoskins@pervasive.com,1,Attendee,"Jun 13, 2012 at 5:30 PM",,,"Round Rock, TX, United States",,,,91821828,Free Order,USD,0.00,0.00,0.00,0.00,0.00,Attending,eTicket,,,,NY,,US,,,,,,,No,,,,,,,"CTO, GM of Big Data Products and Solutions",Pervasive,,,,,,,512-231-6710,http://pervasive.com,,
"BigDataCamp NYC @CloudExpo - June 13, 2012",3337619911,BigDataCamp,117170318,91919438117170318001,"Jun 12, 2012",Tseng,Edward,Edwardtseng@gmail.com,,Tseng,Edward,,Edwardtseng@gmail.com,1,Attendee,"Jun 13, 2012 at 5:30 PM",,,"New York, NY, United States",,,es1,91919438,Free Order,USD,0.00,0.00,0.00,0.00,0.00,Attending,eTicket,,,,NY,,US,,,,,,,,,,,,,,MBA,USC Marshall School of Business,,,,,,,,,,
