Order #,Event Name,Event ID,Organizer Name,Attendee #,Barcode #,Order Date,Buyer Last Name,Buyer First Name,Buyer Email,Prefix,Last Name,First Name,Suffix,Email,Quantity,Ticket Type,Date Attending,Device #,Check-In Date,IP Location,Discount,Group,Affiliate,Order Type,Currency,Total Paid,Fees Paid,Eventbrite Fees,Eventbrite Payment Processing,Tax Paid,Attendee Status,Ticket Delivery Method,Home Address 1,Home Address 2,Home City,Home State,Home Zip,Home Country,Home Phone,Cell Phone,Gender,Age,Birth Date,What topics are you interested in?,Would you like to receive Ops-related information from our sponsors?,Shipping Address 1,Shipping Address 2,Shipping City,Shipping State,Shipping Zip,Shipping Country,Job Title,Company,Work Address 1,Work Address 2,Work City,Work State,Work Zip,Work Country,Work Phone,Website,Blog,Notes
15467647,SVDevOps Meet-up: OpenStack,851666357,SVDevOps,20325063,,"Sep 9, 2010",Jainendra,Rohit,rjainendra@serena.com,,Jainendra,Rohit,,rjainendra@serena.com,1,Attendee,"Sep 28, 2010 at 6:30 PM",,,"San Francisco, CA, United States",,,esli,Free Order,USD,0.00,0.00,0.00,0.00,0.00,Attending,eTicket,,,,,,,,,,,,Interaction between development and operations teams,Yes,,,,,,,Sr. Director of ALM Development,Serena Software,,,,,,,,,,
15476621,SVDevOps Meet-up: OpenStack,851666357,SVDevOps,20336869,,"Sep 9, 2010",Brodie,Steve,sbrodie@serena.com,,Brodie,Steve,,sbrodie@serena.com,1,Attendee,"Sep 28, 2010 at 6:30 PM",,,United States,,,esli,Free Order,USD,0.00,0.00,0.00,0.00,0.00,Attending,eTicket,,,,,,,,,,,,release automation,Yes,,,,,,,VP Products,Serena Software,,,,,,,,http://www.serena.com,,
15622723,SVDevOps Meet-up: OpenStack,851666357,SVDevOps,20523173,,"Sep 10, 2010",Toudjarski,Peter,tudjarski@yahoo.com,,Toudjarski,Peter,,tudjarski@yahoo.com,1,Attendee,"Sep 28, 2010 at 6:30 PM",,,"Burbank, CA, United States",,,esli,Free Order,USD,0.00,0.00,0.00,0.00,0.00,Attending,eTicket,,,,,,,,,,,,"release management, deployment strategies and metrics",No,,,,,,,Sr. Manager SW Development,,,,,,,,,,,
15758447,SVDevOps Meet-up: OpenStack,851666357,SVDevOps,20690963,,"Sep 13, 2010",Srivastava,Ankit ,ankit.22@gmail.com,,Srivastava,Ankit ,,ankit.22@gmail.com,1,Attendee,"Sep 28, 2010 at 6:30 PM",,,"Fremont, CA, United States",,,esli,Free Order,USD,0.00,0.00,0.00,0.00,0.00,Attending,eTicket,,,,,,,,,,,,Dev-ops,No,,,,,,,,,,,,,,,,,,
16288635,SVDevOps Meet-up: OpenStack,851666357,SVDevOps,21357031,,"Sep 19, 2010",F.,Ardy,ardy_f@yahoo.com,,F.,Ardy,,ardy_f@yahoo.com,1,Attendee,"Sep 28, 2010 at 6:30 PM",,,"Sunnyvale, CA, United States",,,,Free Order,USD,0.00,0.00,0.00,0.00,0.00,Attending,eTicket,,,,,,,,,,,,open authentication,No,,,,,,,,,,,,,,,,,,
