Order #,Event Name,Event ID,Organizer Name,Attendee #,Barcode #,Order Date,Buyer Last Name,Buyer First Name,Buyer Email,Prefix,Last Name,First Name,Suffix,Email,Quantity,Ticket Type,Date Attending,Device #,Check-In Date,IP Location,Discount,Group,Affiliate,Order Type,Currency,Total Paid,Fees Paid,Eventbrite Fees,Eventbrite Payment Processing,Tax Paid,Attendee Status,Ticket Delivery Method,Home Address 1,Home Address 2,Home City,Home State,Home Zip,Home Country,Home Phone,Cell Phone,Gender,Age,Birth Date,What topics are you interested in?,Would you like to receive Ops-related information from our sponsors?,Shipping Address 1,Shipping Address 2,Shipping City,Shipping State,Shipping Zip,Shipping Country,Job Title,Company,Work Address 1,Work Address 2,Work City,Work State,Work Zip,Work Country,Work Phone,Website,Blog,Notes
12815890,OpsCamp Seattle - POSTPONED,691769100,OpsCamp,17026570,1281589017026570000,"Jun 16, 2010",Hall,Adron,adronhall@gmail.com,,Hall,Adron,,adronhall@gmail.com,1,Attendee,"Jun 26, 2010 at 9:00 AM",,,United States,,,,Free Order,USD,0,0,0,0,0,Attending,eTicket,,,,,,,,,,,,Cloud technology in general.,No,,,,,,,Sr Consultant,Logic20/20,,,,,,,,http://compositecode.com,http://compositecode.com,
12673801,OpsCamp Seattle - POSTPONED,691769100,OpsCamp,16851182,1267380116851180000,"Jun 11, 2010",Hanson,Brian,brian.hanson@theplatform.com,,Hanson,Brian,,brian.hanson@theplatform.com,1,Attendee,"Jun 26, 2010 at 9:00 AM",,,"Seattle, WA, United States",,,,Free Order,USD,0,0,0,0,0,Attending,eTicket,,,,,,,,,,,,"Config Mgmt, java code deployment",No,,,,,,,"Director, IT and Operations",thePlatform,,,,,,,,http://www.theplatform.com,,
12517490,OpsCamp Seattle - POSTPONED,691769100,OpsCamp,16659987,1251749016659990000,"Jun 7, 2010",Eden,Darrin,darrin@heavywater.ca,,Eden,Darrin,,darrin@heavywater.ca,1,Attendee,"Jun 26, 2010 at 9:00 AM",,,"Vancouver, BC, Canada",,,,Free Order,USD,0,0,0,0,0,Attending,eTicket,,,,,,,,,,,,DevOps and how to build stuff... ;-),No,,,,,,,Principal,"Heavy Water Software, In.c",,,,,,,,http://heavywater.ca,http://simplicity.heavywater.ca,
12167910,OpsCamp Seattle - POSTPONED,691769100,OpsCamp,16225738,1216791016225740000,"May 24, 2010",Hervey,Stephanie,definitelystephanie@gmail.com,,Hervey,Stephanie,,definitelystephanie@gmail.com,1,Attendee,"Jun 26, 2010 at 9:00 AM",,,"Bellevue, WA, United States",,,,Free Order,USD,0,0,0,0,0,Attending,eTicket,,,,,,,,,,,,where does cloud fit in a LAMP config.,No,,,,,,,,,,,,,,,,,,
12932438,OpsCamp Seattle - POSTPONED,691769100,OpsCamp,17172435,,"Jun 21, 2010",,,kevin@fixit-solutions.com,,Karwaski,Kevin,,kevin@fixit-solutions.com,1,Attendee,"Jun 26, 2010 at 9:00 AM",,,"Portland, OR, United States",,,,Free Order,USD,0,0,0,0,0,Attending,eTicket,,,,,,,,,,,,"Building hybrid cloud solutions, cloud security, scalability",No,,,,,,,,,,,,,,,,,,
12521193,OpsCamp Seattle - POSTPONED,691769100,OpsCamp,16664647,1252119316664650000,"Jun 7, 2010",Porter,Sean,sean@gastownlabs.com,,Wrixon,Kimberly,,kimwrixon@gmail.com,1,Attendee,"Jun 26, 2010 at 9:00 AM",,,"North Vancouver, BC, Canada",,,,Free Order,USD,0,0,0,0,0,Attending,eTicket,,,,,,,,,,,,"automated infrastructure, Sean Porter",No,,,,,,,,,,,,,,,,,,
12517786,OpsCamp Seattle - POSTPONED,691769100,OpsCamp,16660345,1251778616660340000,"Jun 7, 2010",Carruthers,Michael,michaeldcarruthers@gmail.com,,Carruthers,Michael,,michaeldcarruthers@gmail.com,1,Attendee,"Jun 26, 2010 at 9:00 AM",,,"Vancouver, BC, Canada",,,,Free Order,USD,0,0,0,0,0,Attending,eTicket,,,,,,,,,,,,"Ruby, Ruby on Rails, Automation, Chef.",Yes,,,,,,,DevOps,CloudySunday,,,,,,,,http://cloudysunday.com,http://cloudysunday.com,
12260004,OpsCamp Seattle - POSTPONED,691769100,OpsCamp,16338493,1226000416338490000,"May 27, 2010",Kelly,Mike,mike@mikekellyconsulting.com,,Kelly,Mike,,mike@mikekellyconsulting.com,1,Attendee,"Jun 26, 2010 at 9:00 AM",,,"Bremerton, WA, United States",,,,Free Order,USD,0,0,0,0,0,Attending,eTicket,,,,,,,,,,,,"diagnostics, logging, monitoring",No,,,,,,,Consultant,Mike Kelly Consulting LLC,,,,,,,,http://www.mikekellyconsulting.com,http://blogs.msdn.com/mikekelly,
12461204,OpsCamp Seattle - POSTPONED,691769100,OpsCamp,16590491,1246120416590490000,"Jun 4, 2010",Temple,Nicholas,nict@msn.com,,Temple,Nicholas,,nict@msn.com,1,Attendee,"Jun 26, 2010 at 9:00 AM",,,"Kent, WA, United States",,,,Free Order,USD,0,0,0,0,0,Attending,eTicket,,,,,,,,,,,,"Career,  Operations, Project management, product management, cloud computing.",Yes,,,,,,,Project Manager,,,,,,,,,,,
12521193,OpsCamp Seattle - POSTPONED,691769100,OpsCamp,16664648,1252119316664650000,"Jun 7, 2010",Porter,Sean,sean@gastownlabs.com,,Porter,Sean,,sean@gastownlabs.com,1,Attendee,"Jun 26, 2010 at 9:00 AM",,,"North Vancouver, BC, Canada",,,,Free Order,USD,0,0,0,0,0,Attending,eTicket,,,,,,,,,,,,automated infrastructure,No,,,,,,,Co-founder & Cloud Architect,Gastown Labs,,,,,,,,http://gastownlabs.com,http://portertech.ca,
11969275,OpsCamp Seattle - POSTPONED,691769100,OpsCamp,15978112,1196927515978110000,"May 17, 2010",Rajagopal,Selva,selva@veradistech.com,,Rajagopal,Selva,,selva@veradistech.com,1,Attendee,"Jun 26, 2010 at 9:00 AM",,,"Bothell, WA, United States",,,,Free Order,USD,0,0,0,0,0,Attending,eTicket,,,,,,,,,,,,cloud computing business opportunities,No,,,,,,,Architect,Veradis Technologies LLC,,,,,,,,http://www.veradistech.com,,
12516739,OpsCamp Seattle - POSTPONED,691769100,OpsCamp,16659059,1251673916659060000,"Jun 7, 2010",,,williams.joe@gmail.com,,williams,joe,,williams.joe@gmail.com,1,Attendee,"Jun 26, 2010 at 9:00 AM",,,"Seattle, WA, United States",,,,Free Order,USD,0,0,0,0,0,Attending,eTicket,,,,,,,,,,,,ops,No,,,,,,,Infrastructure Engineer,Cloudant,,,,,,,,http://cloudant.com,http://joeandmotorboat.com,
