Order #,Event Name,Event ID,Organizer Name,Attendee #,Barcode #,Order Date,Buyer Last Name,Buyer First Name,Buyer Email,Prefix,Last Name,First Name,Suffix,Email,Quantity,Ticket Type,Date Attending,Device #,Check-In Date,IP Location,Discount,Group,Affiliate,Order Type,Currency,Total Paid,Fees Paid,Eventbrite Fees,Eventbrite Payment Processing,Tax Paid,Attendee Status,Ticket Delivery Method,Home Address 1,Home Address 2,Home City,Home State,Home Zip,Home Country,Home Phone,Cell Phone,Gender,Age,Birth Date,What topics are you interested in?,Would you like to receive Ops-related information from our sponsors?,Shipping Address 1,Shipping Address 2,Shipping City,Shipping State,Shipping Zip,Shipping Country,Job Title,Company,Work Address 1,Work Address 2,Work City,Work State,Work Zip,Work Country,Work Phone,Website,Blog,Notes
18463977,"OpsCamp San Jose - Nov 9, 2010",947501001,OpsCamp,24083145,,"Oct 13, 2010",Tretton,Aveline,sub@fumail.net,,Tretton,Aveline,,sub@fumail.net,1,Attendee,"Nov 9, 2010 at 9:00 AM",,,"Moscow, Russia",,,,Free Order,USD,0.00,0.00,0.00,0.00,0.00,Attending,eTicket,,,,,,,,,,,,World of Warcraft,Yes,,,,,,,,,,,,,,,,,,
18807443,"OpsCamp San Jose - Nov 9, 2010",947501001,OpsCamp,24509533,,"Oct 18, 2010",Vyakaranam,Ravikumar,ravi1521@yahoo.com,,Vyakaranam,Ravikumar,,ravi1521@yahoo.com,1,Attendee,"Nov 9, 2010 at 9:00 AM",,,United States,,,,Free Order,USD,0.00,0.00,0.00,0.00,0.00,Attending,eTicket,,,,,,,,,,,,SA,No,,,,,,,Senior Consultant,Self Employed,,,,,,,,,,
19350607,"OpsCamp San Jose - Nov 9, 2010",947501001,OpsCamp,25191283,,"Oct 24, 2010",Scientific,Independent,isra@dfwonline.net,,Scientific,Independent,,isra@dfwonline.net,1,Attendee,"Nov 9, 2010 at 9:00 AM",,,"La Jolla, CA, United States",,,,Free Order,USD,0.00,0.00,0.00,0.00,0.00,Attending,eTicket,,,,,,,,,,,,"computational genomics, virtualization, network administration, security",Yes,,,,,,,Researcher,ISRA,,,,,,,,,,
19666003,"OpsCamp San Jose - Nov 9, 2010",947501001,OpsCamp,25587173,,"Oct 27, 2010",Burnett,Allan,aburnett@vmware.com,,Burnett,Allan,,aburnett@vmware.com,1,Attendee,"Nov 9, 2010 at 9:00 AM",,,Unknown Location,,,,Free Order,USD,0.00,0.00,0.00,0.00,0.00,Attending,eTicket,,,,,,,,,,,,"automation, monitoring",No,,,,,,,Operations Architect,VMware,,,,,,,,,,
19701069,"OpsCamp San Jose - Nov 9, 2010",947501001,OpsCamp,25632239,,"Oct 27, 2010",Brescia,Erica,erica@bitrock.com,,Brescia,Erica,,erica@bitrock.com,1,Attendee,"Nov 9, 2010 at 9:00 AM",,,"Oakland, CA, United States",,,,Free Order,USD,0.00,0.00,0.00,0.00,0.00,Attending,eTicket,,,,,,,,,,,,"cloud, open source, ec2, rackspace, openstack",No,,,,,,,CEO,BitNami.org,,,,,,,,http://www.bitnami.org,http://bitnami.org/blog,
19796435,"OpsCamp San Jose - Nov 9, 2010",947501001,OpsCamp,25748723,,"Oct 28, 2010",Crowley,Richard,r@rcrowley.org,,Crowley,Richard,,r@rcrowley.org,1,Attendee,"Nov 9, 2010 at 9:00 AM",,,"San Francisco, CA, United States",,,,Free Order,USD,0.00,0.00,0.00,0.00,0.00,Attending,eTicket,,,,,,,,,,,,Configuration management (particularly dependency management) and deploy automation.,No,,,,,,,CTO,DevStructure,,,,,,,,http://devstructure.com/,http://rcrowley.org/,
19810633,"OpsCamp San Jose - Nov 9, 2010",947501001,OpsCamp,25766137,,"Oct 28, 2010",Nielsen,Eric,ericnielsenphd@gmail.com,,Nielsen,Eric,,ericnielsenphd@gmail.com,1,Attendee,"Nov 9, 2010 at 9:00 AM",,,"Moraga, CA, United States",,,zvents,Free Order,USD,0.00,0.00,0.00,0.00,0.00,Attending,eTicket,,,,,,,,,,,,Managing large scale PaaS,No,,,,,,,Chief Architect,CA technologies,,,,,,,,http://www.ca.com/ondemand,,
19839001,"OpsCamp San Jose - Nov 9, 2010",947501001,OpsCamp,25800427,,"Oct 29, 2010",Davis,Nathaniel,key88@rocketmail.com,,Davis,Nathaniel,,key88@rocketmail.com,1,Attendee,"Nov 9, 2010 at 9:00 AM",,,"South San Francisco, CA, United States",,,,Free Order,USD,0.00,0.00,0.00,0.00,0.00,Attending,eTicket,,,,,,,,,,,,.,Yes,,,,,,,IT Systems Administrator,NAT,,,,,,,,,,
19860213,"OpsCamp San Jose - Nov 9, 2010",947501001,OpsCamp,25828045,,"Oct 29, 2010",Berger,Robert,rberger@runa.com,,Berger,Robert,,rberger@runa.com,1,Attendee,"Nov 9, 2010 at 9:00 AM",,,"Hayward, CA, United States",,,,Free Order,USD,0.00,0.00,0.00,0.00,0.00,Attending,eTicket,,,,,,,,,,,,"HBase, EC2, Chef, Hiring DevOps folks",No,,,,,,,CTO,Runa Inc.,,,,,,,,http://workatruna.com,http://blog.ibd.com,
19862031,"OpsCamp San Jose - Nov 9, 2010",947501001,OpsCamp,25830221,,"Oct 29, 2010",Ducea,Marius,marius.ducea@gmail.com,,Ducea,Marius,,marius.ducea@gmail.com,1,Attendee,"Nov 9, 2010 at 9:00 AM",,,"Sunnyvale, CA, United States",,,,Free Order,USD,0.00,0.00,0.00,0.00,0.00,Attending,eTicket,,,,,,,,,,,,"Operation, automation, scalability.",No,,,,,,,CTO,Promet Solutions,,,,,,,,http://www.ducea.com,,
19862301,"OpsCamp San Jose - Nov 9, 2010",947501001,OpsCamp,25830509,,"Oct 29, 2010",Divakar,MP,Microlytica@gmail.com,,Divakar,MP,,Microlytica@gmail.com,1,Attendee,"Nov 9, 2010 at 9:00 AM",,,"Sunnyvale, CA, United States",,,,Free Order,USD,0.00,0.00,0.00,0.00,0.00,Attending,eTicket,,,,,,,,,,,,"1. Integration of energy monitoring in Open Source Tools for Enterprise/Data Center Admin

2. Same as above for Industrial automation (OPC Servers).

3. Security management in Open Source Environment (context: 1 & 2 above).",No,,,,,,,Consultant,,,,,,,,,,,
19884279,"OpsCamp San Jose - Nov 9, 2010",947501001,OpsCamp,25857503,,"Oct 29, 2010",Cook,Jason,jasonc@simpleideas.org,,Cook,Jason,,jasonc@simpleideas.org,1,Attendee with donation,"Nov 9, 2010 at 9:00 AM",,,"San Francisco, CA, United States",,,,PayPal Completed,USD,26.61,1.61,1.61,0.00,0.00,Attending,eTicket,,,,,,,,,,,,"Automation
Metrics
Alerting",No,,,,,,,Ops Engineer,Wikia,,,,,,,,http://www.wikia.com,http://blog.simpleideas.org,
19884975,"OpsCamp San Jose - Nov 9, 2010",947501001,OpsCamp,25858377,,"Oct 29, 2010",LaBo,Justin,justinlabo@hotmail.com,,LaBo,Justin,,jlabo@sheetmusicplus.com,1,Attendee,"Nov 9, 2010 at 9:00 AM",,,"Anaheim, CA, United States",,,,Free Order,USD,0.00,0.00,0.00,0.00,0.00,Attending,eTicket,,,,,,,,,,,,EverythinG,Yes,,,,,,,Technical Analyst,Sheet Music Plus,,,,,,,,http://Sheetmusicplus.com,,
19895703,"OpsCamp San Jose - Nov 9, 2010",947501001,OpsCamp,25871873,,"Oct 29, 2010",Leung,KC,kc@papitv.com,,Leung,KC,,kc@papitv.com,1,Attendee,"Nov 9, 2010 at 9:00 AM",,,"San Francisco, CA, United States",,,,Free Order,USD,0.00,0.00,0.00,0.00,0.00,Attending,eTicket,,,,,,,,,,,,Everything,Yes,,,,,,,Director ,Papitv.com,,,,,,,,http://www.papitv.com,http://www.alwayson.papitv.com,
19993751,"OpsCamp San Jose - Nov 9, 2010",947501001,OpsCamp,25993721,,"Nov 1, 2010",Naik,Sachin,sachin.u.naik@gmail.com,,Naik,Sachin,,sachin.u.naik@gmail.com,1,Attendee,"Nov 9, 2010 at 9:00 AM",,,"Sunnyvale, CA, United States",,,,Free Order,USD,0.00,0.00,0.00,0.00,0.00,Attending,eTicket,,,,,,,,,,,,"- Cloud infrastructure management
- Simple DB Management for the cloud",Yes,,,,,,,,,,,,,,,,,,
20045199,"OpsCamp San Jose - Nov 9, 2010",947501001,OpsCamp,26056683,,"Nov 1, 2010",Horowitz,Jonah,jonah@jonahhorowitz.com,,Horowitz,Jonah,,jonah@jonahhorowitz.com,1,Attendee,"Nov 9, 2010 at 9:00 AM",,,"Redwood City, CA, United States",,,,Free Order,USD,0.00,0.00,0.00,0.00,0.00,Attending,eTicket,,,,,,,,,,,,"Devops, automation",No,,,,,,,Operations Architect,Looksmart,,,,,,,,http://looksmart.com,,
20063053,"OpsCamp San Jose - Nov 9, 2010",947501001,OpsCamp,26079127,,"Nov 1, 2010",Hinkle,Mark,mrhinkle@gmail.com,,Hinkle,Mark,,mrhinkle@gmail.com,1,Attendee,"Nov 9, 2010 at 9:00 AM",,,"Cary, NC, United States",,,,Free Order,USD,0.00,0.00,0.00,0.00,0.00,Attending,eTicket,,,,,,,,,,,,"devops, cloud",Yes,,,,,,,VP of Community,Zenoss,,,,,,,,http://zenoss.org,http://socializedsoftware.com,
20087497,"OpsCamp San Jose - Nov 9, 2010",947501001,OpsCamp,26110951,,"Nov 1, 2010",Metcalf,Chad,metcalfc@gmail.com,,Metcalf,Chad,,metcalfc@gmail.com,1,Attendee,"Nov 9, 2010 at 9:00 AM",,,"San Francisco, CA, United States",,,,Free Order,USD,0.00,0.00,0.00,0.00,0.00,Attending,eTicket,,,,,,,,,,,,"Provisioning, commissioning, monitoring.",No,,,,,,,,,,,,,,,,,,
20148401,"OpsCamp San Jose - Nov 9, 2010",947501001,OpsCamp,26186137,,"Nov 2, 2010",Gray,Kevin,kgray@dyn.com,,Gray,Kevin,,kgray@dyn.com,1,Attendee,"Nov 9, 2010 at 9:00 AM",,,"Manchester, NH, United States",,,,Free Order,USD,0.00,0.00,0.00,0.00,0.00,Attending,eTicket,,,,,,,,,,,,DevOps Gameday,No,,,,,,,Tech Integrator,Dyn Inc,,,,,,,,http://www.dyn.com,http://dyn.com/category/open-dialogue,
20179311,"OpsCamp San Jose - Nov 9, 2010",947501001,OpsCamp,26226011,,"Nov 2, 2010",Sissel,Jordan,jls@semicomplete.com,,Sissel,Jordan,,jls@semicomplete.com,1,Attendee,"Nov 9, 2010 at 9:00 AM",,,"Sebastopol, CA, United States",,,,Free Order,USD,0.00,0.00,0.00,0.00,0.00,Attending,eTicket,,,,,,,,,,,,Being awesome.,No,,,,,,,hacker,Loggly,,,,,,,,http://loggly.com,http://semicomplete.com,
20206027,"OpsCamp San Jose - Nov 9, 2010",947501001,OpsCamp,26261507,,"Nov 3, 2010",Yeseta,Matthew,my.javaarchitect@gmail.com,,Yeseta,Matthew,,my.javaarchitect@gmail.com,1,Attendee,"Nov 9, 2010 at 9:00 AM",,,"Diamond Bar, CA, United States",,,,Free Order,USD,0.00,0.00,0.00,0.00,0.00,Attending,eTicket,,,,,,,,,,,,Cloud Development,No,,,,,,,Lead Web 2.0 Designer,KPIT,,,,,,,,,,
20245405,"OpsCamp San Jose - Nov 9, 2010",947501001,OpsCamp,26308963,,"Nov 3, 2010",Ercen,Ceren,ceren@ercen.com,,Ercen,Ceren,,ceren@ercen.com,1,Attendee,"Nov 9, 2010 at 9:00 AM",,,"Mountain View, CA, United States",,,,Free Order,USD,0.00,0.00,0.00,0.00,0.00,Attending,eTicket,,,,,,,,,,,,"automation, migration to config management, shared tools and toolchains, test-driven monitoring",Yes,,,,,,,Ops,Y!,,,,,,,,,,
20275367,"OpsCamp San Jose - Nov 9, 2010",947501001,OpsCamp,26346021,,"Nov 3, 2010",Peck,Gary,gary+eventbrite@realify.com,,Peck,Gary,,gary+eventbrite@realify.com,1,Attendee,"Nov 9, 2010 at 9:00 AM",,,"Van Nuys, CA, United States",,,,Free Order,USD,0.00,0.00,0.00,0.00,0.00,Attending,eTicket,,,,,,,,,,,,"Log collection and filtering, maintenance automation",No,,,,,,,Sr. Technical Analyst,Goldman Sachs,,,,,,,,,,
20344305,"OpsCamp San Jose - Nov 9, 2010",947501001,OpsCamp,26430501,,"Nov 4, 2010",,,obpits@hotmail.com,,sylvester,scott,,obpits@hotmail.com,1,Attendee,"Nov 9, 2010 at 9:00 AM",,,"Santa Clara, CA, United States",,,,Free Order,USD,0.00,0.00,0.00,0.00,0.00,Attending,eTicket,,,,,,,,,,,,applications available for operations.,No,,,,,,,,,,,,,,,,,,
20393987,"OpsCamp San Jose - Nov 9, 2010",947501001,OpsCamp,26492381,,"Nov 4, 2010",Sigoure,Benoit,tsuna@stumbleupon.com,,Sigoure,Benoit,,tsuna@stumbleupon.com,1,Attendee,"Nov 9, 2010 at 9:00 AM",,,"Sunnyvale, CA, United States",,,,Free Order,USD,0.00,0.00,0.00,0.00,0.00,Attending,eTicket,,,,,,,,,,,,"Scalable distributed systems (storage, serving, monitoring, analytics, etc.).  Building such systems out of cheap commodity machines.",No,,,,,,,Site Reliability Engineer,StumbleUpon,,,,,,,,http://www.stumbleupon.com,http://blog.tsunanet.net,
20421141,"OpsCamp San Jose - Nov 9, 2010",947501001,OpsCamp,26525659,,"Nov 5, 2010",Hakansson,Mikael,hakansso@pacbell.net,,Hakansson,Mikael,,hakansso@pacbell.net,1,Attendee,"Nov 9, 2010 at 9:00 AM",,,"San Francisco, CA, United States",,,,Free Order,USD,0.00,0.00,0.00,0.00,0.00,Attending,eTicket,,,,,,,,,,,,"Ops techniques for cloud based IT infrastructure (Amazon & Rackspace)

capacity planning

",No,,,,,,,,,,,,,,,,,,
20435145,"OpsCamp San Jose - Nov 9, 2010",947501001,OpsCamp,26543353,,"Nov 5, 2010",Kwok,Kennon,kennon@ooyala.com,,Kwok,Kennon,,kennon@ooyala.com,1,Attendee,"Nov 9, 2010 at 9:00 AM",,,United States,,,,Free Order,USD,0.00,0.00,0.00,0.00,0.00,Attending,eTicket,,,,,,,,,,,,"monitoring, config management, scaling",No,,,,,,,,"Ooyala, Inc.",,,,,,,,http://ooyala.com,,
20436249,"OpsCamp San Jose - Nov 9, 2010",947501001,OpsCamp,26544805,,"Nov 5, 2010",Kane,Sean,spkane00@gmail.com,,Kane,Sean,,spkane00@gmail.com,1,Attendee,"Nov 9, 2010 at 9:00 AM",,,"Gresham, OR, United States",,,,Free Order,USD,0.00,0.00,0.00,0.00,0.00,Attending,eTicket,,,,,,,,,,,,"Virtualization, Application Firewalls, and Load Balancing in Linux",No,,,,,,,Lead Systems Engineer,,,,,,,,,,,
20437551,"OpsCamp San Jose - Nov 9, 2010",947501001,OpsCamp,26546473,,"Nov 5, 2010",Walsh,Richard,rwalsh@att.net,,Walsh,Rich,,rwalsh@att.net,1,Attendee,"Nov 9, 2010 at 9:00 AM",,,"San Jose, CA, United States",,,,Free Order,USD,0.00,0.00,0.00,0.00,0.00,Attending,eTicket,,,,,,,,,,,,"My first time attending, so I'm interested in all topics.",Yes,,,,,,,,,,,,,,,,,,
20452469,"OpsCamp San Jose - Nov 9, 2010",947501001,OpsCamp,26566209,,"Nov 5, 2010",Smollett,Sara,ssmollett@gmail.com,,Smollett,Sara,,ssmollett@gmail.com,1,Attendee,"Nov 9, 2010 at 9:00 AM",,,"Mountain View, CA, United States",,,,Free Order,USD,0.00,0.00,0.00,0.00,0.00,Attending,eTicket,,,,,,,,,,,,systems administration,No,,,,,,,Site Reliability Engineer,"Google, Inc",,,,,,,,,,
20460045,"OpsCamp San Jose - Nov 9, 2010",947501001,OpsCamp,26575525,,"Nov 5, 2010",Evans,Martin,martin.evans@relayhealth.com,,Evans,Martin,,martin.evans@relayhealth.com,1,Attendee,"Nov 9, 2010 at 9:00 AM",,,"Denton, TX, United States",,,,Free Order,USD,0.00,0.00,0.00,0.00,0.00,Attending,eTicket,,,,,,,,,,,,"Configuration management
Bare-metal provisioning
Windows",Yes,,,,,,,,RelayHealth,,,,,,,,http://www.relayhealth.com,,
20473437,"OpsCamp San Jose - Nov 9, 2010",947501001,OpsCamp,26592795,,"Nov 5, 2010",salaets,steven,ssalaets@riministreet.com,,salaets,steven,,ssalaets@riministreet.com,1,Attendee,"Nov 9, 2010 at 9:00 AM",,,"San Francisco, CA, United States",,,,Free Order,USD,0.00,0.00,0.00,0.00,0.00,Attending,eTicket,,,,,,,,,,,,security,No,,,,,,,,Rimini Street,,,,,,,,,,
20504023,"OpsCamp San Jose - Nov 9, 2010",947501001,OpsCamp,26632307,,"Nov 6, 2010",Edwards,Damon,damon@dtosolutions.com,,Edwards,Damon,,damon@dtosolutions.com,1,Attendee,"Nov 9, 2010 at 9:00 AM",,,"San Francisco, CA, United States",,,,Free Order,USD,0.00,0.00,0.00,0.00,0.00,Attending,eTicket,,,,,,,,,,,,DevOps and Automated Infrastructure ,No,,,,,,,,DTO Solutions,,,,,,,,http://dtosolutions.com,http://dev2ops.org,
20515985,"OpsCamp San Jose - Nov 9, 2010",947501001,OpsCamp,26648475,,"Nov 6, 2010",Au,Robert,myshkin+opscamp@durak.net,,Au,Robert,,myshkin+opscamp@durak.net,1,Attendee,"Nov 9, 2010 at 9:00 AM",,,"Santa Rosa, CA, United States",,,,Free Order,USD,0.00,0.00,0.00,0.00,0.00,Attending,eTicket,,,,,,,,,,,,"Automation, software engineering patterns for sysadmins",No,,,,,,,,,,,,,,,,,,
20518789,"OpsCamp San Jose - Nov 9, 2010",947501001,OpsCamp,26651787,,"Nov 7, 2010",chen,dean,deanchen1@gmail.com,,chen,dean,,deanchen1@gmail.com,1,Attendee,"Nov 9, 2010 at 9:00 AM",,,"Oakland, CA, United States",,,,Free Order,USD,0.00,0.00,0.00,0.00,0.00,Attending,eTicket,,,,,,,,,,,,"unix programming, administration",Yes,,,,,,,self,self,,,,,,,,,,
20532895,"OpsCamp San Jose - Nov 9, 2010",947501001,OpsCamp,26669099,,"Nov 7, 2010",Ernst,Johannes,jernst@netmesh.us,,Ernst,Johannes,,jernst@netmesh.us,1,Attendee,"Nov 9, 2010 at 9:00 AM",,,"Sunnyvale, CA, United States",,,,Free Order,USD,0.00,0.00,0.00,0.00,0.00,Attending,eTicket,,,,,,,,,,,,Current topics,No,,,,,,,,,,,,,,,,,,
20533083,"OpsCamp San Jose - Nov 9, 2010",947501001,OpsCamp,26669327,,"Nov 7, 2010",,,emailoption@gmail.com,,hartenstein,mark,,emailoption@gmail.com,1,Attendee,"Nov 9, 2010 at 9:00 AM",,,"Mountain View, CA, United States",,,,Free Order,USD,0.00,0.00,0.00,0.00,0.00,Attending,eTicket,,,,,,,,,,,,lisa conference,Yes,,,,,,,,,,,,,,,,,,
20534335,"OpsCamp San Jose - Nov 9, 2010",947501001,OpsCamp,26670749,,"Nov 7, 2010",Srikant,M.,symplectic@gmail.com,,Srikant,M.,,symplectic@gmail.com,1,Attendee,"Nov 9, 2010 at 9:00 AM",,,"San Jose, CA, United States",,,,Free Order,USD,0.00,0.00,0.00,0.00,0.00,Attending,eTicket,,,,,,,,,,,,Data Center Transformation,No,,,,,,,Consultant,,,,,,,,,,,
20548089,"OpsCamp San Jose - Nov 9, 2010",947501001,OpsCamp,26688113,,"Nov 7, 2010",DYCKOFF,HOWARD,howarddy@gmail.com,,DYCKOFF,HOWARD,,howarddy3@att.net,1,Attendee,"Nov 9, 2010 at 9:00 AM",,,"San Francisco, CA, United States",,,,Free Order,USD,0.00,0.00,0.00,0.00,0.00,Attending,eTicket,,,,,,,,,,,,"Actually, I'd like an idea of what the lunch menu might be so I might carry less food with me.  I am a veggie and also have an allergy to gluten - wheat, thus bread and pasta and cookies, etc.
",Yes,,,,,,,,,,,,,,,,,http://technology-events.blogspot.com,
20551501,"OpsCamp San Jose - Nov 9, 2010",947501001,OpsCamp,26692289,,"Nov 7, 2010",,,robione@gmail.com,,Markovic,Rob,,robione@gmail.com,1,Attendee,"Nov 9, 2010 at 9:00 AM",,,"San Jose, CA, United States",,,,Free Order,USD,0.00,0.00,0.00,0.00,0.00,Attending,eTicket,,,,,,,,,,,,"automation, provisioning",Yes,,,,,,,,,,,,,,,,,,
20551905,"OpsCamp San Jose - Nov 9, 2010",947501001,OpsCamp,26692819,,"Nov 7, 2010",,,smasud@sequoialogic.com,,masud,sajjad,,smasud@sequoialogic.com,1,Attendee,"Nov 9, 2010 at 9:00 AM",,,"San Francisco, CA, United States",,,,Free Order,USD,0.00,0.00,0.00,0.00,0.00,Attending,eTicket,,,,,,,,,,,,ops,No,,,,,,,,,,,,,,,,,,
20567449,"OpsCamp San Jose - Nov 9, 2010",947501001,OpsCamp,26711679,,"Nov 8, 2010",,,hliu43@gmail.com,,Liu,Howard,,hliu43@gmail.com,1,Attendee,"Nov 9, 2010 at 9:00 AM",,,"San Jose, CA, United States",,,,Free Order,USD,0.00,0.00,0.00,0.00,0.00,Attending,eTicket,,,,,,,,,,,,I am interested in topic related to cloud computing,Yes,,,,,,,,,,,,,,,,,,
20574391,"OpsCamp San Jose - Nov 9, 2010",947501001,OpsCamp,26719845,,"Nov 8, 2010",Lewis,Brian-Anthony,ba.lewis@yahoo.com,,Lewis,Brian-Anthony,,ba.lewis@yahoo.com,1,Attendee,"Nov 9, 2010 at 9:00 AM",,,"Walnut Creek, CA, United States",,,,Free Order,USD,0.00,0.00,0.00,0.00,0.00,Attending,eTicket,,,,,,,,,,,,Up-scaling a larger fabric environment,No,,,,,,,,,,,,,,,,,,
20606353,"OpsCamp San Jose - Nov 9, 2010",947501001,OpsCamp,26759181,,"Nov 8, 2010",Mack,Tom,tmack@rpath.com,,Mack,Tom,,tmack@rpath.com,1,Attendee,"Nov 9, 2010 at 9:00 AM",,,"Boston, MA, United States",,,,Free Order,USD,0.00,0.00,0.00,0.00,0.00,Attending,eTicket,,,,,,,,,,,,Opscamp,Yes,,,,,,,,,,,,,,,,,,
20606321,"OpsCamp San Jose - Nov 9, 2010",947501001,OpsCamp,26759145,,"Nov 8, 2010",Gilbert,Julie,jgilbert@rpath.com,,Dimeglio,Gabe,,gdimeglio@rpath.com,1,Attendee,"Nov 9, 2010 at 9:00 AM",,,"Raleigh, NC, United States",,,,Free Order,USD,0.00,0.00,0.00,0.00,0.00,Attending,eTicket,,,,,,,,,,,,Lightning Talk,Yes,,,,,,,Professional Services Engineer,rPath,,,,,,,,http://www.rpath.com,,
20635563,"OpsCamp San Jose - Nov 9, 2010",947501001,OpsCamp,26795507,,"Nov 8, 2010",Khan,A. Karriem,ak2webd3@gmail.com,,Khan,A. Karriem,,ak2consulting@gmail.com,1,Attendee,"Nov 9, 2010 at 9:00 AM",,,"Rohnert Park, CA, United States",,,,Free Order,USD,0.00,0.00,0.00,0.00,0.00,Attending,eTicket,,,,,,,,,,,,Ops CloudComputing OSI Model web Performance,Yes,,,,,,,Cloud Expert,GLGroup.com & @AK2WebD3,,,,,,,,http://thebirthofwebd3.blogspot.com/2008/01/birth-of-web-d3_05.html,http://twitter.com/AK2WebD3,
20641743,"OpsCamp San Jose - Nov 9, 2010",947501001,OpsCamp,26803019,,"Nov 8, 2010",Barr,David,barr@stumbleupon.com,,Barr,David,,barr@stumbleupon.com,1,Attendee,"Nov 9, 2010 at 9:00 AM",,,"South San Francisco, CA, United States",,,,Free Order,USD,0.00,0.00,0.00,0.00,0.00,Attending,eTicket,,,,,,,,,,,,System Administration,No,,,,,,,Senior Systems Administrator,StumbleUpon Inc.,,,,,,,,,,
20650283,"OpsCamp San Jose - Nov 9, 2010",947501001,OpsCamp,26813679,,"Nov 8, 2010",Jeng,Naomi,naomijeng@hotmail.com,,Jeng,Naomi,,naomijeng@hotmail.com,1,Attendee,"Nov 9, 2010 at 9:00 AM",,,"San Mateo, CA, United States",,,,Free Order,USD,0.00,0.00,0.00,0.00,0.00,Attending,eTicket,,,,,,,,,,,,Cloud,No,,,,,,,sys admin,self,,,,,,,,,,
20685473,"OpsCamp San Jose - Nov 9, 2010",947501001,OpsCamp,26856367,,"Nov 9, 2010",Tran,My,mtran@vmware.com,,Tran,My,,mtran@vmware.com,1,Attendee,"Nov 9, 2010 at 9:00 AM",,,"Gilroy, CA, United States",,,,Free Order,USD,0.00,0.00,0.00,0.00,0.00,Attending,eTicket,,,,,,,,,,,,automation & management,No,,,,,,,,"VMware, Inc.",,,,,,,,,,
