id,name
1,Tasks
2,"Quantified Car Ideathon Kickoff"
4,"Data Mining Discussion Forum"
6,"BigDataCamp LA 2013"
10,"Quantified Car Ideathon Kickoff #2"
11,"Quantified Car Ideathon Design Emphasis"
12,"Quantified Car Hackathon 2013"
13,"API Forum"
15,"App Ideas"
16,"John's Unconference"
17,"StackUp - CloudCamp for OpenStack"
18,"Rapid Book Publishing: Book Title"
19,"Rapid Book Publishing: Book Content (Creative Online Activities that Enhance Learning)"
20,"Hack Omaha III: With a Vengeance"
21,"StackUp Rochester"
22,"StackUp Austin"
23,"StackUp Seattle"
24,"StackUp SF"
25,"dummy old event"
26,"MarketingCamp SV 2012"
27,"MarketingCamp SV 2015"
28,"MarketingCamp SF 2014"
29,"BigDataCamp Silicon Valley 2014"
30,"CloudCamp Bangladesh 2012"
31,"CLS 2009"
32,"StackUp Raleigh"
33,"SILF 2014"
34,"Silicon Valley Innovation Challenge 2013"
41,"CLS 2009"
51,"CLS West 2011"
61,"Test Event Creatiom"
71,"Test Event Creation"
81,"CLS West 2010"
91,"Stackup Hong Kong"
101,"Stackup Singapore"
111,"Stackup Kuala Lumpur"
121,"Stackup Jakarta"
131,"Stackup Bangalore"
141,"DevOps Workshop - Prep for Social Good Hackathon"
151,"Stackup Singapore 2014"
161,"Symposium for Sandy Hook"
171,"Holiday Party"
181,"StackUp Singapore"
191,CloudCampSF
201,"Social Good Hackathon"
211,"CLS West 2012"
221,"CLS West 2013"
231,"Community Leadership Summit West 2014"
241,"Event from Two Years Ago"
251,"Big Event 2013"
261,"San Francisco Event"
271,"Online Event"
281,"Next Upcoming Event"
291,"Following Upcoming Event"
301,"Stackup Hong Kong 2014"
311,"Stackup: Demos that run on OpenStack"
321,"Test Event with some registration questions"
341,"New Testsdf"
351,"Stackalicious SF"
361,"Big Data Unconference"
371,"Event Creation Test"
381,"Another Event Creation Test"
391,"Big dAta test"
401,"Big Data Camp Unconference"
411,"BigDataCamp LA 2013"
421,"EIA 2014"
431,"Forecast 2014 Hackathon"
441,"Stackup Bangalore 2014"
451,"Deep Dive into Cloud Foundry Internals"
461,"Hack Omaha 1"
471,"Hack Omaha 2"
481,"Hack Omaha 3: With a Vengeance"
491,"Hack Omaha IV - 2014"
501,"CloudCamp London - Internet of Things Special"
511,"CloudCamp Sacramento"
521,"CloudCamp Chicago - Cloud in Action"
531,"BigDataCamp LA 2014"
541,"DataMiningCamp 2009 #1"
551,"DataMiningCamp 2010 #2"
561,"DataMiningCamp 2010 #3"
571,"DataMiningCamp 2011 #4"
581,"DataMiningCamp 2012 #5"
591,"DataMiningCamp 2013 #6"
601,"DataMiningCamp 2014 #7"
611,"CC London 2"
621,"Ye Olde London CC Event"
631,testdfsdfs
641,"NoSQLCamp SF 2011"
651,"Project: Build a Cross Platform Mobile App"
661,"Project: Collaborative API Design"
671,"Deploy OpenStack"
681,"DataScienceCamp Silicon Valley 2014"
691,"CloudCamp Chicago - Public, Private, or Hybrid?"
701,"The Future of Configuration Management by Mark Burgess"
711,"IoTCamp SF @ IoTExpo"
721,"The Future of Config Management by Mark Burgess"
741,"Aerospike on Joyent"
751,"CloudCamp Silicon Valley 08"
761,"CloudCamp Bangladesh @Digital World 2014"
771,"Optimizing Cloud Foundry and OpenStack for large scale deployments"
781,"APIconSF 2014"
791,"APIconSF 2015"
801,"Developer Night"
811,"BigDataCamp LA 2014 Live Stream"
821,"BigDataCamp DC 2014"
831,"Cloud Foundry Hands-on Workshop for DevOps"
841,"BigDataCamp San Diego 2014"
851,"Eucalyptus v4.0 Released"
861,"Rich Wolski of Eucalyptus and v3 Demo"
871,"Build an EC2 Compatible Cloud with Greg DeKoenigsberg"
881,"NoSQLCamp SF 2014"
891,"Developing Apps with a Micro-service Architecture"
901,"DevOpsDays Silicon Valley 2014"
911,test
921,"BigDataCamp Austin 2013"
931,"BigDataCamp Chicago 2011"
941,"BigDataCamp OpenData 2012"
951,"BigDataCamp Chicago 2013"
961,"BigDataCamp @ GovEA"
971,"BigDataCamp DC @FOSE"
981,"BigDataCamp Delhi 2011"
991,"BigDataCamp NYC @CloudExpo 2012"
1001,"BigDataCamp NYC @Strata 2012"
1011,"BigDataCamp NYC @Strata 2013"
1021,"BigDataCamp SV @HadoopSummit 2010"
1031,"ScaleoutCamp @NoSQLNow 2011"
1041,"OpsCamp Austin 2010"
1051,"OpsCamp Boston 2010"
1061,"OpsCamp SF 2010"
1071,"OpsCamp Silicon Valley @LISA"
1081,"MarketingCamp SF 2013"
1091,"BigDataCamp SV @Strata 2011"
1101,"BigDataCamp Silicon Valley @Strata 2012"
1111,"BigDataCamp Silicon Valley @HadoopSummit 2011"
1121,"BigDataCamp Silicon Valley @HadoopSummit 2012"
1131,"BigDataCamp Silicon Valley @CloudExpo 2012"
1141,"BigDataCamp Silicon Valley @Strata 2013"
1151,"BigDataCamp Silicon Valley @Hadoop Summit 2013"
1161,"CloudCamp London - The Banks Verses The Tech Companies. Who Will Win?"
1171,"DevOps Workshop PDX 2011"
1181,"OpsCamp Atlanta (date=TBD)"
1191,"OpsCamp Seattle 2010 (Date=TBD)"
1201,"DevOps Workshop PDX 2011"
1211,"DevOps Workshop PDX 2011"
1221,"DevOps Workshop Atlanta 2011"
1231,"DevOps Toolchain"
1241,"Ruby projects of interest for DevOps"
1251,"A day in the life of a DevOps Sysadmin"
1261,"MarketingCamp LA (Date=TBD)"
1271,OpenStack
1281,"CloudCamp London"
1291,"Community Leadership Summit 2010"
1301,"Community Leadership Summit 2014"
1311,"Community Leadership Summit 2011"
1321,"Community Leadership Summit 2012"
1331,"Community Leadership Summit 2013"
1341,"CloudCamp Winston-Salem Dec 12, 2011"
1351,"CloudCamp Winston-Salem Dec 5, 2013"
1361,"CloudCamp Winnipeg Dec 6, 2010"
1371,"CloudCamp Western Mass April 20, 2010"
1381,"CloudCamp Western Mass April 20, 2010"
1391,"CloudCamp Wellington March 26, 2010"
1401,"CloudCamp Wellington Feb 11, 2011"
1411,"CloudCamp Waterloo March 2, 2011"
1421,"CloudCamp Waterloo Oct 5, 2011"
1431,"CloudCamp @ FOSE July 20, 2011"
1441,"CloudCamp @ FOSE July 20, 2011"
1451,"CloudCamp DC @Cloud & Virtualization Conf Sept 7, 2011"
1461,"CloudCamp DC Oct 11, 2011"
1471,"CloudCamp Federal (Washington, DC) 08"
1481,"CloudCamp Federal @ FOSE on March 10th, 2009"
1491,"CloudCamp Washington, DC  June 17th, 2009"
1501,"CloudCamp @ FOSE March 23, 2010"
1511,"CloudCamp DC @Security Nov 16, 2010"
1521,"CloudCamp DC @CloudCouncil - March 19, 2012"
1531,"CloudCamp Aarhus Oct 11, 2011"
1541,"CloudCamp Aarhus 2012"
1551,"CloudCamp Abidjan 2013"
1561,"CloudCamp Albany Mar 2, 2011"
1571,"CloudCamp Amsterdam in April 2nd, 2009"
1581,"CloudCamp Amsterdam TBD, 2011 - POSTPONED"
1591,"CloudCamp Ankara April, 9 - 2011"
1601,"CloudCamp Antwerp on April 9th, 2009"
1611,"CloudCamp Athens - Oct 1 "
1621,"CloudCamp Atlanta Jan 20th, 2009"
1631,"CloudCamp Atlanta - Oct 28th, '09"
1641,"CloudCamp Mobile @ TechEd, May 16, 2011"
1651,"CloudCamp Auckland Aug. 29th, 2009"
1661,"CloudCamp Auckland Feb 26, 2010"
1671,"CloudCamp Auckland Sept 17, 2010"
1681,"CloudCamp Auckland Feb 2, 2011"
1691,"CloudCamp Austin April 25th, 2009"
1701,"CloudCamp Austin June 10, 2010"
1711,"Cloudy Awards @ Dyn 138 Listening Lounge, Austin"
1721,"CloudCamp Austin @SXSW Mar 14, 2011"
1731,"CloudCamp Austin July 20, 2011"
1741,"CloudCamp Austin @SXSW Mar 11, 2012"
1751,"CloudCamp Baltimore March 9, 2011"
1761,"CloudCamp Banff Oct 6, 2011"
1771,"CloudCamp Bangalore March 29th, 2009"
1781,"CloudCamp Bangalore & Hadoop Summit Feb 28, 2010"
1791,"CloudCamp Bangalore Feb 26, 2011"
1801,"CloudCamp Bangalore Sept 7, 2011"
1811,"CloudCamp for OpenStack Bangalore 2014"
1821,"CloudCamp Bangladesh 2012"
1831,"CloudCamp Barcelona - June 15th, 2009"
1841,"CloudCamp Barcelona -  November, 3 2010"
1851,"CloudCamp Beijing Oct 22, 2010"
1861,"CloudCamp Belo Horizonte, Aug 14, 2010"
1871,"CloudCamp Berlin on April 30th, 2009"
1881,"CloudCamp Berlin on Oct 4th, 2010"
1891,"CloudCamp Berlin on April 8th, 2013"
1901,"CloudCamp Bogotá, Nov 27, 2010"
1911,"CloudCamp Boston  July 29th, 2009"
1921,"CloudCamp Boston Dec. 10th, 2009"
1931,"CloudCamp Boston July 21, 2010"
1941,"CloudCamp Boston Dec 16, 2010"
1951,"Cloud Computing Workshop - Boston"
1961,"CloudCamp Boston (Enterprise) June 2, 2011"
1971,"CloudCamp Boston Oct 6th, 2011"
1981,"CloudCamp Boston 2013"
1991,"CloudCamp Brasília Aug 19, 2010"
2001,"CloudCamp Brasilia April 26, 2011"
2011,"CloudCamp Brisbane June 8, 2010"
2021,"CloudCamp Buenos Aires, May 7, 2010"
2031,"CloudCamp Buenos Aires, Nov 19, 2010"
2041,"CloudCamp Calgary Dec 13, 2010"
2051,"CloudCamp Canberra Oct 13, 2010"
2061,"CloudCamp Canberra Sept 7, 2011"
2071,"CloudCamp Carrboro Aug 6, 2011"
2081,"CloudCamp Cebu July 4, 2012"
2091,"CloudCamp Charlotte Nov 16, 2012"
2101,"CloudCamp Chennai Feb 23, 2010"
2111,"CloudCamp Chennai Feb 19, 2011"
2121,"CloudCamp Chennai Sept 8, 2011"
2131,"CloudCamp Chicago 08"
2141,"CloudCamp Chicago March 5 & 6th, 2010"
2151,"CloudCamp Chicago Nov 1, 2011"
2161,"CloudCamp Chicago 2012"
2171,"CloudCamp Chicago 2013"
2181,"CloudCamp Chicago April 2013"
2191,"CloudCamp Chicago June 2013"
2201,"CloudCamp Christchurch July 23, 2010"
2211,"CloudCamp Christchurch Oct 30th, 2009"
2221,"CloudCamp Cincinnati June 3, 2010"
2231,"Cloud Computing Training"
2241,"CloudCamp Cincinnati June 20, 2011"
2251,"Cloud Computing Workshop - Cincinnati"
2261,"CloudCamp @ WHD on March 19th, 2009"
2271,"CloudCamp @WHD March 22th, 2012"
2281,"CloudCamp Columbus - June 30th, 2009"
2291,"CloudCamp Copenhagen May 22, 2012"
2301,"CloudCamp Cork April 15, 2010"
2311,"CloudCamp Dakar 2014 - TBD"
2321,"CloudCamp Delhi - Feb 20, 2010"
2331,"CloudCamp Delhi Feb 12, 2011"
2341,"CloudCamp @ Glue May 25, 2010"
2351,"CloudCamp @GlueCon May 22, 2012"
2361,"CloudCamp Detroit May 26, 2010"
2371,"CloudCamp Bangladesh 2013"
2381,"CloudCamp Dublin - Sep. 17th, 2009"
2391,"CloudCamp Dublin - April 14, 2010"
2401,"CloudCamp Dunedin July 22, 2010"
2411,"CloudCamp Edmonton Oct 4, 2010"
2421,"CloudCamp Edmonton Mar 13, 2012"
2431,"CloudCamp Frankfurt, Sept 28th"
2441,"CloudCamp Frankfurt @ Powering The Cloud"
2451,"CloudCamp Frankfurt, May 24th, 2012"
2461,"CloudCamp Frankfurt @Powering The Cloud"
2471,"CloudCamp Gateshead May 5, 2010"
2481,"CloudCamp Ghent Oct 20, 2010"
2491,"CloudCamp Ghent Nov 21, 2011"
2501,"CloudCamp Haiti"
2511,"CloudCamp Halifax Nov 1, 2010"
2521,"CloudCamp Hamburg Sept 17, 2010"
2531,"CloudCamp Helsinki, Nov 25, 2010"
2541,"CloudCamp Helsinki 2013"
2551,"CloudCamp for OpenStack Hong Kong 2014"
2561,"CloudCamp Houston 2014 - TBD"
2571,"CloudCamp Hyderabad Feb 25, 2010"
2581,"CloudCamp Hyderabad Feb 23, 2011"
2591,"CloudCamp Indianapolis Jan '09"
2601,"CloudCamp Indianapolis - Oct 27th, 2009"
2611,"CloudCamp Istanbul. September, 23 2010"
2621,"CloudCamp Istanbul. May, 21 2011"
2631,"CloudCamp Istanbul - Sept 23, 2011"
2641,"CloudCamp Jacksonville @CloudCouncil Sept 11, 2012"
2651,"CloudCamp Jakarta Feb 26, 2014"
2661,"CloudCamp Kampala, Uganda 2013 CANCELLED"
2671,"CloudCamp Karachi 2014 - TBD"
2681,"CloudCamp Kuala Lumpur Feb 24, 2014"
2691,"CloudCamp Lagos, May 28, 2011"
2701,"CloudCamp, Lagos"
2711,"CloudCamp Lahore - TBD"
2721,"CloudCamp Lancaster July 27, 2011"
2731,"CloudCamp @ INTEROP on May 18th, 2009"
2741,"Cloud SparkUp @ IIR Telecom Cloud Services Summit"
2751,"CloudCamp Los Angeles, Sept 30th, 2009"
2761,"CloudCamp LA Jan 11, 2011"
2771,"Cloud Mixer LAX Mar 17, 2011"
2781,"CloudCamp LA April 11, 2012"
2791,"CloudCamp Madrid - Nov. 12th, 2009"
2801,"CloudCamp Madrid 2014 - TBD"
2811,"CloudCamp Manila May 23, 2011"
2821,"CloudCamp Melbourne April 1, 2010"
2831,"CloudCamp Melbourne Oct 7, 2010"
2841,"CloudCamp Melbourne Oct 7, 2011"
2851,"CloudCamp Mexico City Nov 10, 2010"
2861,"CloudCamp Milan - September 10th, 2009"
2871,"CloudCamp Milan #2 May 25, 2010"
2881,"CloudCamp Minneapolis April 18th, 2009"
2891,"CloudCamp Minneapolis/St Paul March 2, 2010"
2901,"CloudCamp Twin Cities, March 23, 2011"
2911,"CloudCamp Minsk April 7, 2012"
2921,"CloudCamp Montevideo May 4, 2010"
2931,"CloudCamp Montreal June 4, 2010"
2941,"CloudCamp Montreal Nov 22, 2010"
2951,"CloudCamp Montreal Nov 28, 2011"
2961,"CloudCamp Montreal September 24th, 2013"
2971,"CloudCamp Moscow April 9, 2012"
2981,"CloudCamp Mumbai Sept 15, 2011"
2991,"CloudCamp Munich October 20th, 2009"
3001,"CloudCamp Munich Sept 10, 2011"
3011,"CloudCamp Nanjing 2012"
3021,"CloudCamp Naples Oct 28, 2010"
3031,"CloudCamp Naples Nov 9, 2011"
3041,"CloudCamp New York April 1st, 2009"
3051,"CloudCamp @ INTEROP NY Nov 19, '09"
3061,"CloudCamp NY @ CloudExpo - April 20, 2010"
3071,"CloudCamp New York, Oct 21, 2010"
3081,"CloudCamp NY @ CloudExpo - June 7, 2011"
3091,"CloudCamp NY @CloudExpo, June 12, 2012"
3101,"CloudCamp NYC @CloudExpo, June 11, 2013"
3111,"CloudCamp Newark Aug 1st, 2012"
3121,"CloudCamp Newark 2013"
3131,"CloudCamp Niamey, Niger 2014 TBD"
3141,"CloudCamp North-East England Mar 24th, 2009"
3151,"CloudCamp North-East England July 29th, 2009"
3161,"CloudCamp North - 14 June 2012"
3171,"CloudCamp @ OOPSLA Oct 25th, 2009"
3181,"CloudCamp Ottawa Nov 8, 2010"
3191,"CloudCamp Paris - June 11th, 2009"
3201,"CloudCamp Paris @OWF12"
3211,"CloudCamp Perth April 8, 2010"
3221,"CloudCamp Perth Oct 27, 2010"
3231,"CloudCamp Perth July 22, 2011"
3241,"CloudCamp Philly April 26, 2011"
3251,"CloudCamp Phoenix Oct 24th, 2009"
3261,"CloudCamp Phoenix Nov 6, 2010"
3271,"CloudCamp Pittsburgh 2014 - TBD"
3281,"CloudCamp Portland - June 30th, 2009"
3291,"CloudCamp PDX @ OSCON July 19, 2010"
3301,"ScaleOutCamp PDX July 26, 2011"
3311,"CloudCamp PDX July 18, 2012"
3321,"CloudCamp Prague @ CloudExpo June 21, 2010"
3331,"CloudCamp Pune Feb 27, 2010"
3341,"CloudCamp Pune Feb 5, 2011"
3351,"CloudCamp Pune Sept 3, 2011"
3361,"CloudCamp Quebec Oct 27, 2010"
3371,"CloudCamp Quebec Apr 20, 2011"
3381,"CloudCamp Quebec Oct 26, 2011"
3391,"CloudCamp Recife Nov 26, 2010"
3401,"CloudCamp Recife, 20 de Setembro, 2011"
3411,"CloudCamp Reno @ SPLASH Oct 17, 2010"
3421,"CloudCamp Rio de Janeiro April 27, 2010"
3431,"CloudCamp Rochester March 24, 2012"
3441,"CloudCamp Rotterdam June 15, 2011"
3451,"CloudCamp San Diego Feb 9, 2011"
3461,"CloudCamp San Diego June 14, 2011"
3471,"CloudCamp @ CommunityOne West 2009"
3481,"CloudCamp San Francisco June 24th, 2009"
3491,"CloudCamp San Francisco June 23rd"
3501,"CloudCamp SF @ QCon Nov 4, 2010"
3511,"CloudCamp SF (ISV), May 26, 2011"
3521,"CloudNite SF June 22, 2011"
3531,"CloudCamp SF Feb 1, 2012"
3541,"CloudCamp SF, October 1, 2012"
3551,"CloudCamp San Jose Feb 10, 2011"
3561,"CloudCamp São Paulo, May 3, 2010"
3571,"CloudCamp São Paulo, Aug 10, 2010"
3581,"CloudCamp Scotland Mar 25th, 2009"
3591,"CloudCamp Scotland Sept. 23rd, 2009"
3601,"CloudCamp Seattle Feb 28th, 2009"
3611,"CloudCamp Seattle Feb 3, 2010"
3621,"CloudCamp Seattle Dec 1, 2010"
3631,"Enterprise CloudCamp Seattle June 16, 2011"
3641,"Cloud Computing Workshop - Seattle"
3651,"CloudCamp Seattle April 17, 2012"
3661,"CloudCamp Seoul - Dec 16th, '09"
3671,"CloudCamp Seoul April 4, 2012"
3681,"CloudCamp Shanghai Oct 19, 2010"
3691,"CloudCamp Silicon Valley 08"
3701,"CloudCamp Mixer - after CloudComputingExpo"
3711,"CloudCamp @ CodeCamp, CA - Oct 4th, '09"
3721,"CloudCamp Santa Clara Nov 4th, 2009"
3731,"CloudCamp Silicon Valley @ Cloud Expo Nov 2nd, 2010"
3741,"CANCELLED! CloudCamp @ ZendCon Nov 1, 2010 - CANCELLED"
3751,"CloudCamp Silicon Valley (Enterprise), May 23, 2011"
3761,"Cloud Computing Workshop - Silicon Valley"
3771,"CloudCamp SV @CloudExpo Nov 8, 2011"
3781,"Cloud Computing Workshop - Silicon Valley"
3791,"CloudCamp Silicon Valley Oct 13, 2011"
3801,"OpenCloudWeekend Nov 5, 2011"
3811,"CloudCamp @CloudCouncil - The Future Cloud OS - Dec 13, 2011"
3821,"CloudCamp Silicon Valley @CloudCouncil Dec 11, 2012"
3831,"OpenCloud 2012"
3841,"CloudCamp Silicon Valley May 1st, 2012"
3851,"POSTPONED - OpenCloudWeekend 2012 "
3861,"CloudCamp Silicon Valley ""Mobile"" @GMIC"
3871,"CloudCamp SV @CloudExpo Nov 7, 2012"
3881,"CloudCamp ESL Nov 12, 2012"
3891,"CloudCamp Silicon Valley, June 17, 2013"
3901,"CloudCamp for OpenStack (""Stackup"") @CloudExpo Nov 6, 2013"
3911,"CloudCamp Silkeborg May 24, 2012"
3921,"CloudCamp Singapore Jan 21st, 2009"
3931,"CloudCamp Singapore April 13th, 2009"
3941,"CloudCamp Singapore May 3, 2010"
3951,"CloudCamp Singapore Sept 20, 2010"
3961,"CloudCamp for OpenStack (""Stackup"") Singapore 2014"
3971,"CloudCamp Sorocaba 2011"
3981,"CloudCamp St. Louis Dec. 10th, 2009"
3991,"CloudCamp Stockholm Nov 23, 2011"
4001,"CloudCamp Sydney Aug. 27th, 2009"
4011,"CloudCamp Sydney March 4, 2010"
4021,"CloudCamp Sydney Aug 6, 2010"
4031,"CloudCamp Sydney Feb 25, 2011"
4041,"CloudCamp Sydney July 21, 2011"
4051,"CloudCamp Tampere Oct 6, 2010"
4061,"CloudCamp Tel Aviv Dec 2nd, 2009"
4071,"CloudCamp Tel Aviv Dec 24, 2010"
4081,"CloudCamp Tokyo - Nov 17th, '09"
4091,"CloudCamp Toronto Feb 11th, 2009"
4101,"CloudCamp Toronto July 22nd, 2009"
4111,"CloudCamp Toronto April 6, 2010"
4121,"CloudCamp Toronto Oct 26, 2010"
4131,"CloudCamp Toronto Oct 24, 2011"
4141,"CloudCamp Turin - Dec 2, 2010"
4151,"CloudCamp Valencia, July 13, 2011"
4161,"CloudCamp Vancouver March 13, 2010"
4171,"CloudCamp Vancouver Sept 13, 2010"
4181,"CloudCamp Vancouver Nov 14, 2011"
4191,"CloudCamp Vienna Nov 11, 2011"
4201,"CloudCamp Vienna April 4th, 2012"
4211,"CloudCamp Vienna Oct 10th, 2012"
4221,"CloudCamp - Warrington 2012"
4231,"CloudCamp DC @FOSE Apr 4, 2012"
4241,"CloudCamp DC @TechEXPO East"
4251,"Cloud Computing Workshop - DC"
