Event Name,Event ID,Organizer Name,Attendee #,Barcode #,Order Date,Buyer Last Name,Buyer First Name,Buyer Email,Prefix,Last Name,First Name,Suffix,Email,Quantity,Ticket Type,Date Attending,Device #,Check-In Date,IP Location,Discount,Group,Affiliate,Order #,Order Type,Currency,Total Paid,Fees Paid,Eventbrite Fees,Eventbrite Payment Processing,Tax Paid,Attendee Status,Ticket Delivery Method,Home Address 1,Home Address 2,Home City,Home State,Home Zip,Home Country,Home Phone,Cell Phone,Gender,Age,Birth Date,What topics would you like to discuss at ScaleOutCamp?,Would you like to receive Scale-Out related information from our sponsors?,Shipping Address 1,Shipping Address 2,Shipping City,Shipping State,Shipping Zip,Shipping Country,Job Title,Company,Work Address 1,Work Address 2,Work City,Work State,Work Zip,Work Country,Work Phone,Website,Blog,Notes
"NoSQLCamp SF Oct 3, 2011",2097243913,NoSQLCamp,66406018,5204042466406020000,"Sep 28, 2011",Lamothe,Adrien,a_lamothe@yahoo.com,,Lamothe,Adrien,,a_lamothe@yahoo.com,1,Attendee,"Oct 3, 2011 at 6:00 PM",,,"Berkeley, CA, United States",,,,52040424,Free Order,USD,0,0,0,0,0,Attending,eTicket,,,,,,,,,,,,Nothing in particular.,No,,,,,,,Independent Consultant,,,,,,,,,http://adriensdomain.com,http://adriensdomain.com/weblog/,
"NoSQLCamp SF Oct 3, 2011",2097243913,NoSQLCamp,65579856,5139097065579860000,"Sep 23, 2011",Ullal,Adwait,adwait.ullal@gmail.com,,Ullal,Adwait,,adwait.ullal@gmail.com,1,Attendee,"Oct 3, 2011 at 6:00 PM",,,"Milpitas, CA, United States",,,,51390970,Free Order,USD,0,0,0,0,0,Attending,eTicket,,,,,,,,,,,,Architectural issues w.r.t NoSQL,Yes,,,,,,,CTO,AumSoft Consultants,,,,,,,,,,
"NoSQLCamp SF Oct 3, 2011",2097243913,NoSQLCamp,67025154,5252506267025150000,"Oct 1, 2011",Yazdankhah,Ahmad,ahmad@yazdankhah.com,,Yazdankhah,Ahmad,,ahmad@yazdankhah.com,1,Attendee,"Oct 3, 2011 at 6:00 PM",,,"San Jose, CA, United States",,,,52525062,Free Order,USD,0,0,0,0,0,Attending,eTicket,,,,,,,,,,,,NoSQL,Yes,,,,,,,Softwere Engineer,,,,,,,,,,,
"NoSQLCamp SF Oct 3, 2011",2097243913,NoSQLCamp,67199534,5266464467199530000,"Oct 3, 2011",Khan,"A. ""Karriem""",ak2webd3@gmail.com,,Khan,"A. ""Karriem""",,ak2webd3@gmail.com,1,Attendee,"Oct 3, 2011 at 6:00 PM",,,"Oakland, CA, United States",,,plancast,52664644,Free Order,USD,0,0,0,0,0,Attending,eTicket,,,,,,,,,,,,Micro2 millisecond ssd enabled distributed computing http://thebirthofwebd3.blogspot.com/2008/01/birth-of-web-d3_05.html,Yes,,,,,,,Mobile & Widget Monetization Expert,@AK2WebD3 of GLGroup.com & Basn.org,,,,,,,,http://twitter.com/ak2webd3,http://thebirthofwebd3.blogspot.com,
"NoSQLCamp SF Oct 3, 2011",2097243913,NoSQLCamp,67168406,5263942467168410000,"Oct 3, 2011",Knechtli,Alain,alainknechtli@yahoo.com,,Knechtli,Alain,,alainknechtli@yahoo.com,1,Attendee,"Oct 3, 2011 at 6:00 PM",,,"San Francisco, CA, United States",,,,52639424,Free Order,USD,0,0,0,0,0,Attending,eTicket,,,,,,,,,,,,Metadata and communicating evolving data structures,No,,,,,,,Data Architect,GAP Inc.,,,,,,,,,,
"NoSQLCamp SF Oct 3, 2011",2097243913,NoSQLCamp,66993448,5250023666993450000,"Oct 1, 2011",Boisvert,Alex,alex.boisvert@gmail.com,,Boisvert,Alex,,alex.boisvert@gmail.com,1,Attendee,"Oct 3, 2011 at 6:00 PM",,,"Hayward, CA, United States",,,,52500236,Free Order,USD,0,0,0,0,0,Attending,eTicket,,,,,,,,,,,,"Curious about Accunu and using it with Cassandra, HBase -- or directly from Java.",Yes,,,,,,,Software Engineer / Architect,Bizo,,,,,,,,http://bizo.com,http://dev.bizo.com,
"NoSQLCamp SF Oct 3, 2011",2097243913,NoSQLCamp,66641646,5222419466641650000,"Sep 29, 2011",aliev,farid,alfarid23@gmail.com,,aliev,farid,,alfarid23@gmail.com,1,Attendee,"Oct 3, 2011 at 6:00 PM",,,"San Francisco, CA, United States",,,,52224194,Free Order,USD,0,0,0,0,0,Attending,eTicket,,,,,,,,,,,,NoSql,No,,,,,,,Software Engineer,rg labs,,,,,,,,http://rglabsinc.com,,
"NoSQLCamp SF Oct 3, 2011",2097243913,NoSQLCamp,64223784,5030966864223780000,"Sep 16, 2011",Vazquez Elvira,Alfonso,alfonso.vazquez@gmail.com,,Vazquez Elvira,Alfonso,,alfonso.vazquez@gmail.com,1,Attendee,"Oct 3, 2011 at 6:00 PM",,,"Eton, United Kingdom",,,,50309668,Free Order,USD,0,0,0,0,0,Attending,eTicket,,,,,,,,,,,,"Current TCO of NoSQL
Can you disrupt an existing business with NoSQL or is it just technology? ",Yes,,,,,,,IT Strategy Architect,Telefonica,,,,,,,,,,
"NoSQLCamp SF Oct 3, 2011",2097243913,NoSQLCamp,66874946,5240663266874950000,"Sep 30, 2011",Alseddiq,Hussain,alseddiq_hf@yahoo.com,,Alseddiq,Hussain,,alseddiq_hf@yahoo.com,1,Attendee,"Oct 3, 2011 at 6:00 PM",,,"Oakland, CA, United States",,,erec,52406632,Free Order,USD,0,0,0,0,0,Attending,eTicket,,,,,,,,,,,,-,No,,,,,,,,,,,,,,,,,,
"NoSQLCamp SF Oct 3, 2011",2097243913,NoSQLCamp,66582046,5217743266582050000,"Sep 29, 2011",Kollegger,Andreas,andreas.kollegger@neotechnology.com,,Kollegger,Andreas,,andreas.kollegger@neotechnology.com,1,Attendee,"Oct 3, 2011 at 6:00 PM",,,"Oakland, CA, United States",,,,52177432,Free Order,USD,0,0,0,0,0,Attending,eTicket,,,,,,,,,,,,Neo4j,No,,,,,,,Engineer,Neo Technology,,,,,,,,http://neo4j.org,http://blog.neo4j.org,
"NoSQLCamp SF Oct 3, 2011",2097243913,NoSQLCamp,66913566,5243714266913570000,"Sep 30, 2011",Llavore,Andrew,andrew@datastax.com,,Llavore,Andrew,,andrew@datastax.com,1,Attendee,"Oct 3, 2011 at 6:00 PM",,,"San Carlos, CA, United States",,,,52437142,Free Order,USD,0,0,0,0,0,Attending,eTicket,,,,,,,,,,,,Apache Cassandra,No,,,,,,,Marketing Specialist,DataStax,,,,,,,,,,
"NoSQLCamp SF Oct 3, 2011",2097243913,NoSQLCamp,67089146,5257534667089150000,"Oct 2, 2011",Gu,Yingqi,andrew@desmos.com,,Gu,Yingqi,,andrew@desmos.com,1,Attendee,"Oct 3, 2011 at 6:00 PM",,,"Rio Vista, CA, United States",,,,52575346,Free Order,USD,0,0,0,0,0,Attending,eTicket,,,,,,,,,,,,Deploying noSQL backends for version controlled document management systems,No,,,,,,,CTO,Desmos,,,,,,,,https://www.desmos.com,,
"NoSQLCamp SF Oct 3, 2011",2097243913,NoSQLCamp,65083458,5099711865083460000,"Sep 21, 2011",Twigg,Andy,andy@acunu.com,,Twigg,Andy,,andy@acunu.com,1,Attendee,"Oct 3, 2011 at 6:00 PM",,,"London, United Kingdom",,,,50997118,Free Order,USD,0,0,0,0,0,Attending,eTicket,,,,,,,,,,,,What is cloud? Big data,No,,,,,,,CTO,Acunu,,,,,,,,http://www.acunu.com/,,
"NoSQLCamp SF Oct 3, 2011",2097243913,NoSQLCamp,66834008,5237551466834010000,"Sep 30, 2011",MITTAL,ANIRUDH,anirudh.mittal89@gmail.com,,MITTAL,ANIRUDH,,anirudh.mittal89@gmail.com,1,Attendee,"Oct 3, 2011 at 6:00 PM",,,"San Jose, CA, United States",,,eanrecb,52375514,Free Order,USD,0,0,0,0,0,Attending,eTicket,,,,,,,,,,,,"I am new to this nosql, so i would lke to learn anything and everything",Yes,,,,,,,Software Engineer Intern,Proofpoint,,,,,,,,http://www.proofpoint.com,,
"NoSQLCamp SF Oct 3, 2011",2097243913,NoSQLCamp,66406080,5204048066406080000,"Sep 28, 2011",Salomon,Ariel,ariel.salomon@gmail.com,,Salomon,Ariel,,ariel.salomon@gmail.com,1,Attendee,"Oct 3, 2011 at 6:00 PM",,,"San Francisco, CA, United States",,,,52040480,Free Order,USD,0,0,0,0,0,Attending,eTicket,,,,,,,,,,,,ability to filter data on ingress vs. indexes to access once stored,Yes,,,,,,,Principal Software Engineer,Lookout,,,,,,,,http://mylookout.com,,
"NoSQLCamp SF Oct 3, 2011",2097243913,NoSQLCamp,67017252,5251917867017250000,"Oct 1, 2011",Damle,Ash,ash@medgle.com,,Damle,Ash,,ash@medgle.com,1,Attendee,"Oct 3, 2011 at 6:00 PM",,,"Palo Alto, CA, United States",,,,52519178,Free Order,USD,0,0,0,0,0,Attending,eTicket,,,,,,,,,,,,Migration from SQL to NoSQL,,,,,,,,CEO,MEDgle,,,,,,,,http://www.medgle.com/,http://www.medgle.com/,
"NoSQLCamp SF Oct 3, 2011",2097243913,NoSQLCamp,66518572,5212772266518570000,"Sep 28, 2011",FONACIER,BENNETT,bennett@fonacier.com,,FONACIER,BENNETT,,bennett@fonacier.com,1,Attendee,"Oct 3, 2011 at 6:00 PM",,,"San Ramon, CA, United States",,,,52127722,Free Order,USD,0,0,0,0,0,Attending,eTicket,,,,,,,,,,,,Azure,,,,,,,,Developer,TVW,,,,,,,,http://www.office365sharepoint.com,,
"NoSQLCamp SF Oct 3, 2011",2097243913,NoSQLCamp,64964564,5090190664964560000,"Sep 20, 2011",Gomez Palacio,Bernardo,bernardo.gomezpalacio@gmail.com,,Gomez Palacio,Bernardo,,bernardo.gomezpalacio@gmail.com,1,Attendee,"Oct 3, 2011 at 6:00 PM",,,"San Mateo, CA, United States",,,,50901906,Free Order,USD,0,0,0,0,0,Attending,eTicket,,,,,,,,,,,,"VM Management, Replication, Eventual Consistency",Yes,,,,,,,Sr. Software Engineer,IGN Entertainment,,,,,,,,,,
"NoSQLCamp SF Oct 3, 2011",2097243913,NoSQLCamp,66478212,5209647866478210000,"Sep 28, 2011",Ho,Bess,bess.ho@gmail.com,,Ho,Bess,,bess.ho@gmail.com,1,Attendee,"Oct 3, 2011 at 6:00 PM",,,"Berkeley, CA, United States",,,,52096478,Free Order,USD,0,0,0,0,0,Attending,eTicket,,,,,,,,,,,,NoSQL Mobile,,,,,,,,,,,,,,,,,,,
"NoSQLCamp SF Oct 3, 2011",2097243913,NoSQLCamp,66843716,5238305066843720000,"Sep 30, 2011",Paras,Bim,bimp@bimparas.com,,Paras,Bim,,bimp@bimparas.com,1,Attendee,"Oct 3, 2011 at 6:00 PM",,,"Fremont, CA, United States",,,,52383050,Free Order,USD,0,0,0,0,0,Attending,eTicket,,,,,,,,,,,,Use cases of NoSQL versus SQL,,,,,,,,,,,,,,,,,,,
"NoSQLCamp SF Oct 3, 2011",2097243913,NoSQLCamp,66083222,5178648866083220000,"Sep 26, 2011",Jeans,Barnaby,bjeans@vmware.com,,Jeans,Barnaby,,bjeans@vmware.com,1,Attendee,"Oct 3, 2011 at 6:00 PM",,,"Cambridge, ON, Canada",,,,51786488,Free Order,USD,0,0,0,0,0,Attending,eTicket,,,,,,,,,,,,not sure yet,Yes,,,,,,,Sr. Systems Engineer,VMware Canada,,,,,,,,http://barnabyjeans.ca,http://twitter.com/bjeans,
"NoSQLCamp SF Oct 3, 2011",2097243913,NoSQLCamp,66926676,5244717266926680000,"Sep 30, 2011",Morse,Benjamin,bjmorse@gmail.com,,Morse,Benjamin,,bjmorse@gmail.com,1,Attendee,"Oct 3, 2011 at 6:00 PM",,,"Santa Clara, CA, United States",,,,52447172,Free Order,USD,0,0,0,0,0,Attending,eTicket,,,,,,,,,,,,"NoSql, VoltDB",Yes,,,,,,,NoSql Hacker,Port Forward Podcast,,,,,,,,http://portforwardpodcast.com/,http://portforwardpodcast.com/,
"NoSQLCamp SF Oct 3, 2011",2097243913,NoSQLCamp,67208474,5267162667208470000,"Oct 3, 2011",Miloradovic,Bojana,bojana.miloradovic@yahoo.com,,Miloradovic,Bojana,,bojana.miloradovic@yahoo.com,1,Attendee,"Oct 3, 2011 at 6:00 PM",,,"Redwood City, CA, United States",,,,52671626,Free Order,USD,0,0,0,0,0,Attending,eTicket,,,,,,,,,,,,"nosql vs sql use cases
",Yes,,,,,,,sr sales consultant,oracle,,,,,,,,,,
"NoSQLCamp SF Oct 3, 2011",2097243913,NoSQLCamp,66526116,5213317866526120000,"Sep 28, 2011",Munoz,Juan Carlos,bong@techie.com,,Munoz,Juan Carlos,,bong@techie.com,1,Attendee,"Oct 3, 2011 at 6:00 PM",,,"Daly City, CA, United States",,,,52133178,Free Order,USD,0,0,0,0,0,Attending,eTicket,,,,,,,,,,,,How do you maintain performance with an ever growing repository?,No,,,,,,,Senior Software Engineer,"Quid, Inc.",,,,,,,,http://www.quid.com,,
"NoSQLCamp SF Oct 3, 2011",2097243913,NoSQLCamp,66537118,5214186266537120000,"Sep 29, 2011",Pasupuleti,Bharath,bpasupuleti@hotmail.com,,Pasupuleti,Bharath,,bpasupuleti@hotmail.com,1,Attendee,"Oct 3, 2011 at 6:00 PM",,,"Mountain View, CA, United States",,,,52141862,Free Order,USD,0,0,0,0,0,Attending,eTicket,,,,,,,,,,,,Foundation topics,,,,,,,,,,,,,,,,,,,
"NoSQLCamp SF Oct 3, 2011",2097243913,NoSQLCamp,66853676,5239044466853680000,"Sep 30, 2011",Goodwin,Brad,brad.goodwin@oracle.com,,Goodwin,Brad,,brad.goodwin@oracle.com,1,Attendee,"Oct 3, 2011 at 6:00 PM",,,"Vancouver, WA, United States",,,,52390444,Free Order,USD,0,0,0,0,0,Attending,eTicket,,,,,,,,,,,,NoSQL design patterns,,,,,,,,Enterprise Architect,Oracle Corp,,,,,,,,,,
"NoSQLCamp SF Oct 3, 2011",2097243913,NoSQLCamp,66856498,5239256266856500000,"Sep 30, 2011",Rikhy,Sudeep,califceo@gmail.com,,Rikhy,Sudeep,,califceo@gmail.com,1,Attendee,"Oct 3, 2011 at 6:00 PM",,,"San Jose, CA, United States",,,,52392562,Free Order,USD,0,0,0,0,0,Attending,eTicket,,,,,,,,,,,,Listen to general discussion,No,,,,,,,CEO,FonTouch,,,,,,,,,,
"NoSQLCamp SF Oct 3, 2011",2097243913,NoSQLCamp,66946774,5246263866946770000,"Sep 30, 2011",Daw,Cathy,cathy@datastax.com,,Daw,Cathy,,cathy@datastax.com,1,Attendee,"Oct 3, 2011 at 6:00 PM",,,"Dublin, CA, United States",,,,52462638,Free Order,USD,0,0,0,0,0,Attending,eTicket,,,,,,,,,,,,Big Data Use Cases,Yes,,,,,,,,,,,,,,,,,,
"NoSQLCamp SF Oct 3, 2011",2097243913,NoSQLCamp,66922210,5244367066922210000,"Sep 30, 2011",Brown,Clyde,cbrown@ign.com,,Brown,Clyde,,cbrown@ign.com,1,Attendee,"Oct 3, 2011 at 6:00 PM",,,"San Francisco, CA, United States",,,,52443670,Free Order,USD,0,0,0,0,0,Attending,eTicket,,,,,,,,,,,,?,No,,,,,,,Senior Software Developer,IGN Entertainment Inc.,,,,,,,,,,
"NoSQLCamp SF Oct 3, 2011",2097243913,NoSQLCamp,62900860,4925508062900860000,"Sep 9, 2011",Guo,Jingqiang,charles.j.guo@gmail.com,,Guo,Jingqiang,,charles.j.guo@gmail.com,1,Attendee,"Oct 3, 2011 at 6:00 PM",,,"Singapore, Singapore",,,erec,49255080,Free Order,USD,0,0,0,0,0,Attending,eTicket,,,,,,,,,,,,  __,No,,,,,,,,,,,,,,,,,,
"NoSQLCamp SF Oct 3, 2011",2097243913,NoSQLCamp,65945986,5167947665945990000,"Sep 26, 2011",Johnson,Charles,CharlesOne@Yahoo.Com,,Johnson,Charles,,CharlesOne@Yahoo.Com,1,Attendee,"Oct 3, 2011 at 6:00 PM",,,"Mountain View, CA, United States",,,,51679476,Free Order,USD,0,0,0,0,0,Attending,eTicket,,,,,,,,,,,,Consistency for user-facing systems,Yes,,,,,,,Chief Technology Officer,Valverde Computing,,,,,,,,http://ValverdeComputing.com,,
"NoSQLCamp SF Oct 3, 2011",2097243913,NoSQLCamp,67311478,5275643267311480000,"Oct 3, 2011",Plainfield,Yu Cherri,cherripi@gmail.com,,Plainfield,Yu Cherri,,cherripi@gmail.com,1,Attendee,"Oct 3, 2011 at 6:00 PM",,,"San Francisco, CA, United States",,,,52756432,Free Order,USD,0,0,0,0,0,Attending,eTicket,,,,,,,,,,,,na,No,,,,,,,,,,,,,,,,,,
"NoSQLCamp SF Oct 3, 2011",2097243913,NoSQLCamp,66820770,5236502066820770000,"Sep 30, 2011",Lambert,Chris,chris@backyardgeo.com,,Lambert,Chris,,chris@backyardgeo.com,1,Attendee,"Oct 3, 2011 at 6:00 PM",,,"San Francisco, CA, United States",,,eanrecl,52365020,Free Order,USD,0,0,0,0,0,Attending,eTicket,,,,,,,,,,,,*,No,,,,,,,,,,,,,,,,,,
"NoSQLCamp SF Oct 3, 2011",2097243913,NoSQLCamp,66478144,5209642866478140000,"Sep 28, 2011",Saylor,Christopher,cwsaylor@gmail.com,,Saylor,Christopher,,cwsaylor@gmail.com,1,Attendee,"Oct 3, 2011 at 6:00 PM",,,"San Francisco, CA, United States",,,,52096428,Free Order,USD,0,0,0,0,0,Attending,eTicket,,,,,,,,,,,,NA,No,,,,,,,,Tastyplanner,,,,,,,,http://tastyplanner.com,http://justhack.com,
"NoSQLCamp SF Oct 3, 2011",2097243913,NoSQLCamp,65829218,5158648865829220000,"Sep 25, 2011",Wee,Phil,cyber_peewee@yahoo.com,,Wee,Phil,,cyber_peewee@yahoo.com,1,Attendee,"Oct 3, 2011 at 6:00 PM",,,"San Francisco, CA, United States",,,,51586488,Free Order,USD,0,0,0,0,0,Attending,eTicket,,,,,,,,,,,,n/a,,,,,,,,web developer,freelance,,,,,,,,,,
"NoSQLCamp SF Oct 3, 2011",2097243913,NoSQLCamp,66926974,5244743866926980000,"Sep 30, 2011",Hutchinson,Daria,daria@datastax.com,,Hutchinson,Daria,,daria@datastax.com,1,Attendee,"Oct 3, 2011 at 6:00 PM",,,"San Francisco, CA, United States",,,,52447438,Free Order,USD,0,0,0,0,0,Attending,eTicket,,,,,,,,,,,,Cassandra use cases,No,,,,,,,Technical Writer,DataStax,,,,,,,,http://www.datastax.com/docs/0.8/index,,
"NoSQLCamp SF Oct 3, 2011",2097243913,NoSQLCamp,67288750,5273742667288750000,"Oct 3, 2011",Ben-Gera,Danielle,dbengera@quid.com,,Ben-Gera,Danielle,,dbengera@quid.com,1,Attendee,"Oct 3, 2011 at 6:00 PM",,,"San Francisco, CA, United States",,,,52737426,Free Order,USD,0,0,0,0,0,Attending,eTicket,,,,,,,,,,,,Big data,No,,,,,,,Software Developer,Quid Inc,,,,,,,,,,
"NoSQLCamp SF Oct 3, 2011",2097243913,NoSQLCamp,66039852,5175302466039850000,"Sep 26, 2011",Chang,David,dchang@ou.edu,,Chang,David,,dchang@ou.edu,1,Attendee,"Oct 3, 2011 at 6:00 PM",,,"San Francisco, CA, United States",,,,51753024,Free Order,USD,0,0,0,0,0,Attending,eTicket,,,,,,,,,,,,Everything listed sounds great [sorry for not really having helpful input],No,,,,,,,Front End Developer,Style Says,,,,,,,,http://dchang.me,,
"NoSQLCamp SF Oct 3, 2011",2097243913,NoSQLCamp,66852574,5238961466852580000,"Sep 30, 2011",Das,Debasish,debasish.das83@gmail.com,,Das,Debasish,,debasish.das83@gmail.com,1,Attendee,"Oct 3, 2011 at 6:00 PM",,,"Austin, TX, United States",,,,52389614,Free Order,USD,0,0,0,0,0,Attending,eTicket,,,,,,,,,,,,Scalable graph databases,Yes,,,,,,,,,,,,,,,,,,
"NoSQLCamp SF Oct 3, 2011",2097243913,NoSQLCamp,67113754,5259486467113750000,"Oct 2, 2011",Ariyadewa,Deependra,deep@wso2.com,,Ariyadewa,Deependra,,deep@wso2.com,1,Attendee,"Oct 3, 2011 at 6:00 PM",,,"Palo Alto, CA, United States",,,,52594864,Free Order,USD,0,0,0,0,0,Attending,eTicket,,,,,,,,,,,,PaaS NoSQl,Yes,,,,,,,Technical Lead,200,,,,,,,,http://wso2.com,http://wso2.org,
"NoSQLCamp SF Oct 3, 2011",2097243913,NoSQLCamp,66841664,5238149466841660000,"Sep 30, 2011",Florescu,Daniela,dflorescu@mac.com,,Florescu,Daniela,,dflorescu@mac.com,1,Attendee,"Oct 3, 2011 at 6:00 PM",,,"Palo Alto, CA, United States",,,,52381494,Free Order,USD,0,0,0,0,0,Attending,eTicket,,,,,,,,,,,,Query languages for semi-structured data,Yes,,,,,,,database software architect,Oracle,,,,,,,,http://www.oracle.com,,
"NoSQLCamp SF Oct 3, 2011",2097243913,NoSQLCamp,61325501,4801953161325500000,"Aug 30, 2011",Nielsen,Dave,dnielsen@gmail.com,,Nielsen,Dave,,dnielsen@gmail.com,1,Attendee,"Oct 3, 2011 at 6:00 PM",,,"Mountain View, CA, United States",,,,48019531,Free Order,USD,0,0,0,0,0,Attending,eTicket,,,,,,,,,,,,What topics are most interesting?,Yes,,,,,,,Co-founder,CloudCamp,,,,,,,,http://www.cloudcamp.org,http://twitter.com/davenielsen,
"NoSQLCamp SF Oct 3, 2011",2097243913,NoSQLCamp,65962040,5169200865962040000,"Sep 26, 2011",Downey,James,downeyj@gmail.com,,Downey,James,,downeyj@gmail.com,1,Attendee,"Oct 3, 2011 at 6:00 PM",,,"San Mateo, CA, United States",,,,51692008,Free Order,USD,0,0,0,0,0,Attending,eTicket,,,,,,,,,,,,Not decided.,No,,,,,,,Solution Architect,Dell,,,,,,,,http://dell.com,http://CloudOfInnovation.com,
"NoSQLCamp SF Oct 3, 2011",2097243913,NoSQLCamp,67120720,5260051667120720000,"Oct 3, 2011",Eifrem,Emil,emil@neotechnology.com,,Eifrem,Emil,,emil@neotechnology.com,1,Attendee,"Oct 3, 2011 at 6:00 PM",,,"Santa Cruz, CA, United States",,,,52600516,Free Order,USD,0,0,0,0,0,Attending,eTicket,,,,,,,,,,,,Graph databases!,No,,,,,,,CEO,Neo4j,,,,,,,,http://neo4j.org,http://blogs.neotechnology.com/emil,
"NoSQLCamp SF Oct 3, 2011",2097243913,NoSQLCamp,67262184,5271465267262180000,"Oct 3, 2011",Petrone,Emile,emile@simplegeo.com,,Petrone,Emile,,emile@simplegeo.com,1,Attendee,"Oct 3, 2011 at 6:00 PM",,,"San Francisco, CA, United States",,,,52714652,Free Order,USD,0,0,0,0,0,Attending,eTicket,,,,,,,,,,,,Anything,No,,,,,,,Developer Advocate,SimpleGeo,,,,,,,,http://simplegeo.com,,
"NoSQLCamp SF Oct 3, 2011",2097243913,NoSQLCamp,61716885,4830807761716880000,"Sep 1, 2011",Bloch,Eric,eric.bloch@gmail.com,,Bloch,Eric,,eric.bloch@gmail.com,1,Attendee,"Oct 3, 2011 at 6:00 PM",,,"San Mateo, CA, United States",,,,48308077,Free Order,USD,0,0,0,0,0,Attending,eTicket,,,,,,,,,,,,"- scaling fulltext search
- tools for analytics 
- building your own multi-tenant cloud
",No,,,,,,,"Director, Community",MarkLogic Corporation,,,,,,,,http://developer.marklogic.com,http://developer.marklogic.com/blog,
"NoSQLCamp SF Oct 3, 2011",2097243913,NoSQLCamp,66946668,5246255666946670000,"Sep 30, 2011",Ting,E,eting@us.ibm.com,,Ting,E,,eting@us.ibm.com,1,Attendee,"Oct 3, 2011 at 6:00 PM",,,"San Ramon, CA, United States",,,,52462556,Free Order,USD,0,0,0,0,0,Attending,eTicket,,,,,,,,,,,,GraphDB's,,,,,,,,,,,,,,,,,,,
"NoSQLCamp SF Oct 3, 2011",2097243913,NoSQLCamp,63067564,4938845663067560000,"Sep 9, 2011",Gorringe,Carl,expo@carl.gorringe.org,,Gorringe,Carl,,expo@carl.gorringe.org,1,Attendee,"Oct 3, 2011 at 6:00 PM",,,"San Francisco, CA, United States",,,erec,49388456,Free Order,USD,0,0,0,0,0,Attending,eTicket,,,,,,,,,,,,not sure,No,,,,,,,,,,,,,,,,,,
"NoSQLCamp SF Oct 3, 2011",2097243913,NoSQLCamp,66023282,5174008666023280000,"Sep 26, 2011",Recco,Giampiero,g.recco@x2.tv,,Recco,Giampiero,,g.recco@x2.tv,1,Attendee,"Oct 3, 2011 at 6:00 PM",,,"Campbell, CA, United States",,,,51740086,Free Order,USD,0,0,0,0,0,Attending,eTicket,,,,,,,,,,,,"100% nosql on large projects, is it possible?",No,,,,,,,President & CEO,X2TV,,,,,,,,http://x2.tv,,
"NoSQLCamp SF Oct 3, 2011",2097243913,NoSQLCamp,66842722,5238225666842720000,"Sep 30, 2011",Elkinbard,Gregory,gelkinbard@mirantis.com,,Elkinbard,Gregory,,gelkinbard@mirantis.com,1,Attendee,"Oct 3, 2011 at 6:00 PM",,,"Redwood City, CA, United States",,,,52382256,Free Order,USD,0,0,0,0,0,Attending,eTicket,,,,,,,,,,,,nosql performance,,,,,,,,,,,,,,,,,,,
"NoSQLCamp SF Oct 3, 2011",2097243913,NoSQLCamp,63043810,4936898663043810000,"Sep 9, 2011",de Bordeaux,Gilles,gillesdebordeaux@hotmail.com,,de Bordeaux,Gilles,,gillesdebordeaux@hotmail.com,1,Attendee,"Oct 3, 2011 at 6:00 PM",,,"San Mateo, CA, United States",,,eorg,49368986,Free Order,USD,0,0,0,0,0,Attending,eTicket,,,,,,,,,,,,Any,No,,,,,,,Director,G-ESI,,,,,,,,www.g-esi.com,,
"NoSQLCamp SF Oct 3, 2011",2097243913,NoSQLCamp,61759419,4834082761759420000,"Sep 1, 2011",Rayzman,Gregory,grayzman@yahoo.com,,Rayzman,Gregory,,grayzman@yahoo.com,1,Attendee,"Oct 3, 2011 at 6:00 PM",,,"San Francisco, CA, United States",,,eorg,48340827,Free Order,USD,0,0,0,0,0,Attending,eTicket,,,,,,,,,,,,Analysis,Yes,,,,,,,Senior Database Archirtect,TheFind inc,,,,,,,,http://www.thefind.com,,
"NoSQLCamp SF Oct 3, 2011",2097243913,NoSQLCamp,66913468,5243705866913470000,"Sep 30, 2011",Golberg,Gregory,grisha@adotube.com,,Golberg,Gregory,,grisha@adotube.com,1,Attendee,"Oct 3, 2011 at 6:00 PM",,,"Kiev, Ukraine",,,,52437058,Free Order,USD,0,0,0,0,0,Attending,eTicket,,,,,,,,,,,,data,Yes,,,,,,,CTO,Adotube,,,,,,,,http://www.adotube.com,,
"NoSQLCamp SF Oct 3, 2011",2097243913,NoSQLCamp,61759323,4834074361759320000,"Sep 1, 2011",Golberg,Gregory,grisha@alum.mit.edu,,Golberg,Gregory,,grisha@alum.mit.edu,1,Attendee,"Oct 3, 2011 at 6:00 PM",,,"Burlingame, CA, United States",,,,48340743,Free Order,USD,0,0,0,0,0,Attending,eTicket,,,,,,,,,,,,noisy neighbors,Yes,,,,,,,,,,,,,,,,,,
"NoSQLCamp SF Oct 3, 2011",2097243913,NoSQLCamp,66471722,5209146866471720000,"Sep 28, 2011",Krishnan,Harish,harishk@gmail.com,,Krishnan,Harish,,harishk@gmail.com,1,Attendee,"Oct 3, 2011 at 6:00 PM",,,"Redwood City, CA, United States",,,,52091468,Free Order,USD,0,0,0,0,0,Attending,eTicket,,,,,,,,,,,,NoSQL stuff,No,,,,,,,,,,,,,,,,,,
"NoSQLCamp SF Oct 3, 2011",2097243913,NoSQLCamp,61931012,4847861461931010000,"Sep 2, 2011",Kendall,Henry,henry.kendall@lmco.com,,Kendall,Henry,,henry.kendall@lmco.com,1,Attendee,"Oct 3, 2011 at 6:00 PM",,,"Mcdonough, GA, United States",,,eorg,48478614,Free Order,USD,0,0,0,0,0,Attending,eTicket,,,,,,,,,,,,Lynx Server,Yes,,,,,,,,,,,,,,,,,,
"NoSQLCamp SF Oct 3, 2011",2097243913,NoSQLCamp,67037358,5253492667037360000,"Oct 2, 2011",dyckoff,howard,howarddy@gmail.com,,dyckoff,howard,,howarddy@gmail.com,1,Attendee,"Oct 3, 2011 at 6:00 PM",,,"Oakland, CA, United States",,,,52534926,Free Order,USD,0,0,0,0,0,Attending,eTicket,,,,,,,,,,,,big data,Yes,,,,,,,analyst,new paradigm,,,,,,,,http://newparadigm.com,,
"NoSQLCamp SF Oct 3, 2011",2097243913,NoSQLCamp,66856554,5239260066856550000,"Sep 30, 2011",Aksinin,Igor,igor.aksinin@altoros.com,,Aksinin,Igor,,igor.aksinin@altoros.com,1,Attendee,"Oct 3, 2011 at 6:00 PM",,,"Sunnyvale, CA, United States",,,,52392600,Free Order,USD,0,0,0,0,0,Attending,eTicket,,,,,,,,,,,,Interested in learning how different companies solve Scale-out problems,Yes,,,,,,,Business Development Manager,Altoros,,,,,,,,,,
"NoSQLCamp SF Oct 3, 2011",2097243913,NoSQLCamp,66905510,5243078266905510000,"Sep 30, 2011",Sombra,Ines,ines@engineyard.com,,Sombra,Ines,,ines@engineyard.com,1,Attendee,"Oct 3, 2011 at 6:00 PM",,,"San Francisco, CA, United States",,,,52430782,Free Order,USD,0,0,0,0,0,Attending,eTicket,,,,,,,,,,,,cluster reconfiguration,No,,,,,,,Data Enginer,Engine Yard,,,,,,,,http://engineyard.com,http://blog.engineyard.com,
"NoSQLCamp SF Oct 3, 2011",2097243913,NoSQLCamp,66415108,5204793266415110000,"Sep 28, 2011",Brass,Joel,info@techwoodsystems.com,,Brass,Joel,,info@techwoodsystems.com,1,Attendee,"Oct 3, 2011 at 6:00 PM",,,"San Francisco, CA, United States",,,,52047932,Free Order,USD,0,0,0,0,0,Attending,eTicket,,,,,,,,,,,,building analytics engines in nosql,No,,,,,,,,,,,,,,,,,,
"NoSQLCamp SF Oct 3, 2011",2097243913,NoSQLCamp,67294402,5274208467294400000,"Oct 3, 2011",Ingenthron,Matt,ingenthr@cep.net,,Ingenthron,Matt,,ingenthr@cep.net,1,Attendee,"Oct 3, 2011 at 6:00 PM",,,"Palo Alto, CA, United States",,,,52742084,Free Order,USD,0,0,0,0,0,Attending,eTicket,,,,,,,,,,,,Scale out app development,,,,,,,,,,,,,,,,,,,
"NoSQLCamp SF Oct 3, 2011",2097243913,NoSQLCamp,66939028,5245661066939030000,"Sep 30, 2011",Roth,Issac,iroth@redhat.com,,Roth,Issac,,iroth@redhat.com,1,Attendee,"Oct 3, 2011 at 6:00 PM",,,"San Carlos, CA, United States",,,,52456610,Free Order,USD,0,0,0,0,0,Attending,eTicket,,,,,,,,,,,,NoSQL,No,,,,,,,,,,,,,,,,,,
"NoSQLCamp SF Oct 3, 2011",2097243913,NoSQLCamp,66991362,5249872266991360000,"Oct 1, 2011",Abe,Makoto,JapanBusinessSolutions@gmail.com,,Abe,Makoto,,JapanBusinessSolutions@gmail.com,1,Attendee,"Oct 3, 2011 at 6:00 PM",,,"San Jose, CA, United States",,,,52498722,Free Order,USD,0,0,0,0,0,Attending,eTicket,,,,,,,,,,,,"Differences between NoSQL and NewSQL, etc.",No,,,,,,,,,,,,,,,,,,
"NoSQLCamp SF Oct 3, 2011",2097243913,NoSQLCamp,66907440,5243233266907440000,"Sep 30, 2011",Ostapowicz,Jarek,jarek@10gen.com,,Ostapowicz,Jarek,,jarek@10gen.com,1,Attendee,"Oct 3, 2011 at 6:00 PM",,,"San Carlos, CA, United States",,,,52432332,Free Order,USD,0,0,0,0,0,Attending,eTicket,,,,,,,,,,,,"NoSQL Production Deployments, why NoSQL vs.Relational DB",No,,,,,,,Account Manager,10Gen,,,,,,,,http://www.10Gen.com,,
"NoSQLCamp SF Oct 3, 2011",2097243913,NoSQLCamp,61396323,4807381361396320000,"Aug 31, 2011",Anderson,Chris,jchris@couchbase.com,,Anderson,Chris,,jchris@couchbase.com,1,Attendee,"Oct 3, 2011 at 6:00 PM",,,"El Cerrito, CA, United States",,,,48073813,Free Order,USD,0,0,0,0,0,Attending,eTicket,,,,,,,,,,,,"NoSQL, Web Standards, Offline Access",No,,,,,,,Chief Architect,Couchbase,,,,,,,,http://couchbase.com,http://twitter.com/jchris,
"NoSQLCamp SF Oct 3, 2011",2097243913,NoSQLCamp,66843752,5238308066843750000,"Sep 30, 2011",Rubin,Jim,jimdrubin@yahoo.com,,Rubin,Jim,,jimdrubin@yahoo.com,1,Attendee,"Oct 3, 2011 at 6:00 PM",,,"San Rafael, CA, United States",,,,52383080,Free Order,USD,0,0,0,0,0,Attending,eTicket,,,,,,,,,,,,Flume,Yes,,,,,,,Chief Evangelist,mppApps,,,,,,,,,,
"NoSQLCamp SF Oct 3, 2011",2097243913,NoSQLCamp,65030374,5095404865030380000,"Sep 20, 2011",Duncan,J.D.,john.duncan@oracle.com,,Duncan,J.D.,,john.duncan@oracle.com,1,Attendee,"Oct 3, 2011 at 6:00 PM",,,"Redwood City, CA, United States",,,,50954048,Free Order,USD,0,0,0,0,0,Attending,eTicket,,,,,,,,,,,,Relational and non-relational data models,No,,,,,,,Software Engineer,MySQL Cluster,,,,,,,,,http://mysqlblog.lenoxway.net/,
"NoSQLCamp SF Oct 3, 2011",2097243913,NoSQLCamp,66841696,5238152066841700000,"Sep 30, 2011",Robie,Jonathan,jonathan.robie@gmail.com,,Robie,Jonathan,,jonathan.robie@gmail.com,1,Attendee,"Oct 3, 2011 at 6:00 PM",,,"Durham, NC, United States",,,,52381520,Free Order,USD,0,0,0,0,0,Attending,eTicket,,,,,,,,,,,,Query Languages,,,,,,,,,Self,,,,,,,,,,
"NoSQLCamp SF Oct 3, 2011",2097243913,NoSQLCamp,64676994,5066947664676990000,"Sep 19, 2011",q,julie,julieq22sf@yahoo.com,,q,julie,,julieq22sf@yahoo.com,1,Attendee,"Oct 3, 2011 at 6:00 PM",,,"Hayward, CA, United States",,,,50669476,Free Order,USD,0,0,0,0,0,Attending,eTicket,,,,,,,,,,,,"jobs, opportunities",Yes,,,,,,,,,,,,,,,,,,
"NoSQLCamp SF Oct 3, 2011",2097243913,NoSQLCamp,66410840,5204458066410840000,"Sep 28, 2011",Lee,JungHak,junghak.lee@gmail.com,,Lee,JungHak,,junghak.lee@gmail.com,1,Attendee,"Oct 3, 2011 at 6:00 PM",,,"San Jose, CA, United States",,,,52044580,Free Order,USD,0,0,0,0,0,Attending,eTicket,,,,,,,,,,,,NoSQL,No,,,,,,,Software Engineer,,,,,,,,,,,
"NoSQLCamp SF Oct 3, 2011",2097243913,NoSQLCamp,66665840,5224331066665840000,"Sep 29, 2011",Zeiler,Claudia,junk_gg@yahoo.com,,Zeiler,Claudia,,junk_gg@yahoo.com,1,Attendee,"Oct 3, 2011 at 6:00 PM",,,"San Francisco, CA, United States",,,,52243310,Free Order,USD,0,0,0,0,0,Attending,eTicket,,,,,,,,,,,,nosql vs sql db's,No,,,,,,,dba,self,,,,,,,,,,
"NoSQLCamp SF Oct 3, 2011",2097243913,NoSQLCamp,66937046,5245504666937050000,"Sep 30, 2011",Kim,Hyejin,kim.heyjin@gmail.com,,Kim,Hyejin,,kim.heyjin@gmail.com,1,Attendee,"Oct 3, 2011 at 6:00 PM",,,"San Francisco, CA, United States",,,erec,52455046,Free Order,USD,0,0,0,0,0,Attending,eTicket,,,,,,,,,,,,real-time data,No,,,,,,,programmer,sr,,,,,,,,,,
"NoSQLCamp SF Oct 3, 2011",2097243913,NoSQLCamp,66917788,5244032666917790000,"Sep 30, 2011",Crossman,Kimo,kimo@webnetic.net,,Crossman,Kimo,,kimo@webnetic.net,1,Attendee,"Oct 3, 2011 at 6:00 PM",,,"San Francisco, CA, United States",,,,52440326,Free Order,USD,0,0,0,0,0,Attending,eTicket,,,,,,,,,,,,How to scale,Yes,,,,,,,Tech Project Manager,First Republic Bank,,,,,,,,,,
"NoSQLCamp SF Oct 3, 2011",2097243913,NoSQLCamp,64103866,5021393064103870000,"Sep 15, 2011",KRUZICH,KEVIN,kkruzich@cloud-designs.com,,KRUZICH,KEVIN,,kkruzich@cloud-designs.com,1,Attendee,"Oct 3, 2011 at 6:00 PM",,,"Oakland, CA, United States",,,,50213930,Free Order,USD,0,0,0,0,0,Attending,eTicket,,,,,,,,,,,,"API, migration",,,,,,,,,,,,,,,,,http://cloud-designs.com,http://cloud-designs.com,
"NoSQLCamp SF Oct 3, 2011",2097243913,NoSQLCamp,66405818,5204026066405820000,"Sep 28, 2011",Barton,Kyle,kyle.humberto@gmail.com,,Barton,Kyle,,kyle.humberto@gmail.com,1,Attendee,"Oct 3, 2011 at 6:00 PM",,,"San Francisco, CA, United States",,,,52040260,Free Order,USD,0,0,0,0,0,Attending,eTicket,,,,,,,,,,,,Pros and Cons to using a nosql database in various situations.,No,,,,,,,Sr. Software Engineer,kyle.humberto@gmail.com,,,,,,,,http://www.mylookout.com,http://github.com/sideshowbandana,
"NoSQLCamp SF Oct 3, 2011",2097243913,NoSQLCamp,66737498,5229874066737500000,"Sep 29, 2011",Ballard,Lisa,lballard.cat@gmail.com,,Ballard,Lisa,,lballard.cat@gmail.com,1,Attendee,"Oct 3, 2011 at 6:00 PM",,,"Castro Valley, CA, United States",,,eanrecb,52298740,Free Order,USD,0,0,0,0,0,Attending,eTicket,,,,,,,,,,,,"big data, pagination, complex queries",,,,,,,,Web developer,"NASA PDS Rings Node, SETI Institute",,,,,,,,,,
"NoSQLCamp SF Oct 3, 2011",2097243913,NoSQLCamp,67035608,5253341067035610000,"Oct 2, 2011",Plainfield,Samuel,lolqii@gmail.com,,Plainfield,Samuel,,lolqii@gmail.com,1,Attendee,"Oct 3, 2011 at 6:00 PM",,,"Aptos, CA, United States",,,,52533410,Free Order,USD,0,0,0,0,0,Attending,eTicket,,,,,,,,,,,,Red is & MySQL,No,,,,,,,,,,,,,,,,,,
"NoSQLCamp SF Oct 3, 2011",2097243913,NoSQLCamp,66924310,5244522866924310000,"Sep 30, 2011",Bender,Lynn,lynnbender@geekaustin.org,,Bender,Lynn,,lynnbender@geekaustin.org,1,Attendee,"Oct 3, 2011 at 6:00 PM",,,"San Francisco, CA, United States",,,,52445228,Free Order,USD,0,0,0,0,0,Attending,eTicket,,,,,,,,,,,,0,No,,,,,,,Events / Oureach,DataStax,,,,,,,,http://datastax.com,http://geekaustin.org,
"NoSQLCamp SF Oct 3, 2011",2097243913,NoSQLCamp,65866124,5161550065866120000,"Sep 25, 2011",Lam,Chuck,mackalicious@yahoo.com,,Lam,Chuck,,mackalicious@yahoo.com,1,Attendee,"Oct 3, 2011 at 6:00 PM",,,"South San Francisco, CA, United States",,,,51615500,Free Order,USD,0,0,0,0,0,Attending,eTicket,,,,,,,,,,,,mongoDB,,,,,,,,,,,,,,,,,,,
"NoSQLCamp SF Oct 3, 2011",2097243913,NoSQLCamp,66875558,5240710066875560000,"Sep 30, 2011",Velayudhan,Mini,mail2mini@gmail.com,,Velayudhan,Mini,,mail2mini@gmail.com,1,Attendee,"Oct 3, 2011 at 6:00 PM",,,"San Bruno, CA, United States",,,,52407100,Free Order,USD,0,0,0,0,0,Attending,eTicket,,,,,,,,,,,,NoSQL Use Cases,No,,,,,,,Technology Architect,Infosys,,,,,,,,,,
"NoSQLCamp SF Oct 3, 2011",2097243913,NoSQLCamp,65473046,5130503265473050000,"Sep 22, 2011",J,Malathi,malathi@nishthacorp.com,,J,Malathi,,malathi@nishthacorp.com,1,Attendee,"Oct 3, 2011 at 6:00 PM",,,"San Jose, CA, United States",,,,51305032,Free Order,USD,0,0,0,0,0,Attending,eTicket,,,,,,,,,,,,-,,,,,,,,,,,,,,,,,,,
"NoSQLCamp SF Oct 3, 2011",2097243913,NoSQLCamp,65488214,5131725865488210000,"Sep 22, 2011",Alcorn,Michael,malcorn4you@yahoo.com,,Alcorn,Michael,,malcorn4you@yahoo.com,1,Attendee,"Oct 3, 2011 at 6:00 PM",,,"Morgan Hill, CA, United States",,,,51317258,Free Order,USD,0,0,0,0,0,Attending,eTicket,,,,,,,,,,,,Big Data Analytics (Near-Real Time),No,,,,,,,Sr. Software Eng | PMP,CloudApps,,,,,,,,,,
"NoSQLCamp SF Oct 3, 2011",2097243913,NoSQLCamp,66754920,5231278866754920000,"Sep 30, 2011",Harihara,Mani,mani@appsmatics.com,,Harihara,Mani,,mani@appsmatics.com,1,Attendee,"Oct 3, 2011 at 6:00 PM",,,"Cupertino, CA, United States",,,eanrecb,52312788,Free Order,USD,0,0,0,0,0,Attending,eTicket,,,,,,,,,,,,CouchDB,No,,,,,,,,,,,,,,,,,,
"NoSQLCamp SF Oct 3, 2011",2097243913,NoSQLCamp,67084180,5257145267084180000,"Oct 2, 2011",Klefter,Marc,marc@admedius.com,,Klefter,Marc,,marc@admedius.com,1,Attendee,"Oct 3, 2011 at 6:00 PM",,,"Palo Alto, CA, United States",,,,52571452,Free Order,USD,0,0,0,0,0,Attending,eTicket,,,,,,,,,,,,Graph Databases.,No,,,,,,,"CEO, Co - Founder",Admedius,,,,,,,,http://www.admedius.com,http://twitter.com/admedius,
"NoSQLCamp SF Oct 3, 2011",2097243913,NoSQLCamp,62049942,4857412862049940000,"Sep 4, 2011",Few,Mark,markfew@hotmail.com,,Few,Mark,,markfew@hotmail.com,1,Attendee,"Oct 3, 2011 at 6:00 PM",,,"West Sacramento, CA, United States",,,,48574128,Free Order,USD,0,0,0,0,0,Attending,eTicket,,,,,,,,,,,,soa,Yes,,,,,,,,,,,,,,,,,,
"NoSQLCamp SF Oct 3, 2011",2097243913,NoSQLCamp,66883812,5241364066883810000,"Sep 30, 2011",Gossage,Marta,martagossage@yahoo.com,,Gossage,Marta,,martagossage@yahoo.com,1,Attendee,"Oct 3, 2011 at 6:00 PM",,,"Berkeley, CA, United States",,,,52413640,Free Order,USD,0,0,0,0,0,Attending,eTicket,,,,,,,,,,,,the advancement of NoSQL - horizontal scalability,Yes,,,,,,,,,,,,,,,,,,
"NoSQLCamp SF Oct 3, 2011",2097243913,NoSQLCamp,66842278,5238191866842280000,"Sep 30, 2011",Brantner,Matthias,matthias.brantner@28msec.com,,Brantner,Matthias,,matthias.brantner@28msec.com,1,Attendee,"Oct 3, 2011 at 6:00 PM",,,"Palo Alto, CA, United States",,,eorg,52381918,Free Order,USD,0,0,0,0,0,Attending,eTicket,,,,,,,,,,,,cloud semi-structured databases,Yes,,,,,,,Chief architect,28msec,,,,,,,,http://www.28msec.com,,
"NoSQLCamp SF Oct 3, 2011",2097243913,NoSQLCamp,67127094,5260608067127090000,"Oct 3, 2011",Gupta,Mohit,mgupta.rocks@gmail.com,,Gupta,Mohit,,mgupta.rocks@gmail.com,1,Attendee,"Oct 3, 2011 at 6:00 PM",,,"Sunnyvale, CA, United States",,,,52606080,Free Order,USD,0,0,0,0,0,Attending,eTicket,,,,,,,,,,,,"NoSQL usecases
NoSQL production issues",No,,,,,,,,,,,,,,,,,,
"NoSQLCamp SF Oct 3, 2011",2097243913,NoSQLCamp,66729616,5229266866729620000,"Sep 29, 2011",Kocikowski,Mik,mik@quid.com,,Kocikowski,Mik,,mik@quid.com,1,Attendee,"Oct 3, 2011 at 6:00 PM",,,"San Francisco, CA, United States",,,,52292668,Free Order,USD,0,0,0,0,0,Attending,eTicket,,,,,,,,,,,,blah,No,,,,,,,,Quid Inc,,,,,,,,,,
"NoSQLCamp SF Oct 3, 2011",2097243913,NoSQLCamp,67306532,5275232667306530000,"Oct 3, 2011",Schumpert,Matthew,mls5f@hotmail.com,,Schumpert,Matthew,,mls5f@hotmail.com,1,Attendee,"Oct 3, 2011 at 6:00 PM",,,"San Mateo, CA, United States",,,,52752326,Free Order,USD,0,0,0,0,0,Attending,eTicket,,,,,,,,,,,,?,No,,,,,,,Senior Solution Engineer,"Datameer, Inc.",,,,,,,,http://www.datameer.com,http://datameer.com/blog,
"NoSQLCamp SF Oct 3, 2011",2097243913,NoSQLCamp,64783120,5075601664783120000,"Sep 19, 2011",Pandit,Manish,mpandit@ign.com,,Pandit,Manish,,mpandit@ign.com,1,Attendee,"Oct 3, 2011 at 6:00 PM",,,"San Francisco, CA, United States",,,,50756016,Free Order,USD,0,0,0,0,0,Attending,eTicket,,,,,,,,,,,,"Using MongoDB at IGN with Ruby/Java and Scala, Deployment, Performance, and Administration.",No,,,,,,,Sr. Engineering Manager,IGN Entertainment,,,,,,,,http://www.ign.com,http://contrarianwisdom.blogspot.com,
"NoSQLCamp SF Oct 3, 2011",2097243913,NoSQLCamp,66195808,5187590466195810000,"Sep 27, 2011",Seyed,Mubarak,mubarak.seyed@gmail.com,,Seyed,Mubarak,,mubarak.seyed@gmail.com,1,Attendee,"Oct 3, 2011 at 6:00 PM",,,"San Mateo, CA, United States",,,,51875904,Free Order,USD,0,0,0,0,0,Attending,eTicket,,,,,,,,,,,,Graph,No,,,,,,,,,,,,,,,,,,
"NoSQLCamp SF Oct 3, 2011",2097243913,NoSQLCamp,66913268,5243688466913270000,"Sep 30, 2011",Weir,Michael,mweir@datastax.com,,Weir,Michael,,mweir@datastax.com,1,Attendee,"Oct 3, 2011 at 6:00 PM",,,"San Carlos, CA, United States",,,,52436884,Free Order,USD,0,0,0,0,0,Attending,eTicket,,,,,,,,,,,,Other sizes of data besides big.,No,,,,,,,"VP, MARKETING",DataStax,,,,,,,,http://www.datastax.com,http://www.datastax.com/blog,
"NoSQLCamp SF Oct 3, 2011",2097243913,NoSQLCamp,66862704,5239727066862700000,"Sep 30, 2011",dragomirecky,Martin,mxd@alum.rpi.edu,,dragomirecky,Martin,,mxd@alum.rpi.edu,1,Attendee,"Oct 3, 2011 at 6:00 PM",,,"San Francisco, CA, United States",,,,52397270,Free Order,USD,0,0,0,0,0,Attending,eTicket,,,,,,,,,,,,Scaling ACID transactional workloads,,,,,,,,Director,Arvay & Co.,,,,,,,,,,
"NoSQLCamp SF Oct 3, 2011",2097243913,NoSQLCamp,67223968,5268383867223970000,"Oct 3, 2011",Jayawardana,Nandika,nandika@wso2.com,,Jayawardana,Nandika,,nandika@wso2.com,1,Attendee,"Oct 3, 2011 at 6:00 PM",,,"Sunnyvale, CA, United States",,,,52683838,Free Order,USD,0,0,0,0,0,Attending,eTicket,,,,,,,,,,,,PaaS and NoSQL,,,,,,,,Tech Lead,WSO2,,,,,,,,http://wso2.com,http://nandikajayawardana.blogspot.com,
"NoSQLCamp SF Oct 3, 2011",2097243913,NoSQLCamp,67248124,5270326267248120000,"Oct 3, 2011",Needham,David,needham_david@yahoo.com,,Needham,David,,needham_david@yahoo.com,1,Attendee,"Oct 3, 2011 at 6:00 PM",,,"Foster City, CA, United States",,,,52703262,Free Order,USD,0,0,0,0,0,Attending,eTicket,,,,,,,,,,,,Listener...,No,,,,,,,,,,,,,,,,,,
"NoSQLCamp SF Oct 3, 2011",2097243913,NoSQLCamp,65995016,5171792265995020000,"Sep 26, 2011",Bourque,Nicky,NICKYBOURQUE@GMAIL.COM,,Bourque,Nicky,,NICKYBOURQUE@GMAIL.COM,1,Attendee,"Oct 3, 2011 at 6:00 PM",,,"San Francisco, CA, United States",,,,51717922,Free Order,USD,0,0,0,0,0,Attending,eTicket,,,,,,,,,,,,Learn More,No,,,,,,,,,,,,,,,,,,
"NoSQLCamp SF Oct 3, 2011",2097243913,NoSQLCamp,66846716,5238545866846720000,"Sep 30, 2011",SUTHAR,NIRAJ,NIRAJSUTHAR@GMAIL.COM,,SUTHAR,NIRAJ,,NIRAJSUTHAR@GMAIL.COM,1,Attendee,"Oct 3, 2011 at 6:00 PM",,,"San Francisco, CA, United States",,,,52385458,Free Order,USD,0,0,0,0,0,Attending,eTicket,,,,,,,,,,,,NOSQL VS RDBMS FOR ENTERPRISE SOFTWARE.,No,,,,,,,SOFTWARE ENGINEER INTERN,EXACT SOFTWARE NORTH AMERICA,,,,,,,,,,
"NoSQLCamp SF Oct 3, 2011",2097243913,NoSQLCamp,65183794,5107997265183790000,"Sep 21, 2011",Mackenzie,Neil,nmackenzie@live.com,,Mackenzie,Neil,,nmackenzie@live.com,1,Attendee,"Oct 3, 2011 at 6:00 PM",,,"San Francisco, CA, United States",,,,51079972,Free Order,USD,0,0,0,0,0,Attending,eTicket,,,,,,,,,,,,Interested in finding out more about the various offerings.,No,,,,,,,,None,,,,,,,,,http://convective.wordpress.com/,
"NoSQLCamp SF Oct 3, 2011",2097243913,NoSQLCamp,66536660,5214149666536660000,"Sep 29, 2011",Shrieve,Jesse,nosqlcamp@vmdaemon.org,,Shrieve,Jesse,,nosqlcamp@vmdaemon.org,1,Attendee,"Oct 3, 2011 at 6:00 PM",,,"San Francisco, CA, United States",,,,52141496,Free Order,USD,0,0,0,0,0,Attending,eTicket,,,,,,,,,,,,?,,,,,,,,,,,,,,,,,,,
"NoSQLCamp SF Oct 3, 2011",2097243913,NoSQLCamp,61831438,4839506261831440000,"Sep 2, 2011",Pagani,Oscar,paganio@yahoo.com,,Pagani,Oscar,,paganio@yahoo.com,1,Attendee,"Oct 3, 2011 at 6:00 PM",,,"Philadelphia, PA, United States",,,,48395062,Free Order,USD,0,0,0,0,0,Attending,eTicket,,,,,,,,,,,,Mm,No,,,,,,,Front End Developer,Wells Fargo Bank,,,,,,,,,,
"NoSQLCamp SF Oct 3, 2011",2097243913,NoSQLCamp,66919468,5244157066919470000,"Sep 30, 2011",Echague,Patricio,patricioe@gmail.com,,Echague,Patricio,,patricioe@gmail.com,1,Attendee,"Oct 3, 2011 at 6:00 PM",,,"San Carlos, CA, United States",,,,52441570,Free Order,USD,0,0,0,0,0,Attending,eTicket,,,,,,,,,,,,Different noSQL solutions.,,,,,,,,Software Engineer,Datastax,,,,,,,,,,
"NoSQLCamp SF Oct 3, 2011",2097243913,NoSQLCamp,67034150,5253218067034150000,"Oct 1, 2011",Grojean,Paul,paul_grojean@comcast.net,,Grojean,Paul,,paul_grojean@comcast.net,1,Attendee,"Oct 3, 2011 at 6:00 PM",,,"Berkeley, CA, United States",,,,52532180,Free Order,USD,0,0,0,0,0,Attending,eTicket,,,,,,,,,,,,Ruby RoR Node.js,Yes,,,,,,,SSE,CA,,,,,,,,,,
"NoSQLCamp SF Oct 3, 2011",2097243913,NoSQLCamp,66418816,5205073866418820000,"Sep 28, 2011",Hepworth,Paul,paul@peppyheppy.com,,Hepworth,Paul,,paul@peppyheppy.com,1,Attendee,"Oct 3, 2011 at 6:00 PM",,,"Mountain View, CA, United States",,,,52050738,Eventbrite Completed,USD,0,0,0,0,0,Attending,eTicket,,,,,,,,,,,,typical problems encountered from changing from the RDBM to NoSQL and how to overcome them/ taking the jump,No,,,,,,,"Sr. Engineer, yada yada",User Testing,,,,,,,,http://www.usertesting.com,http://peppyheppy.com,
"NoSQLCamp SF Oct 3, 2011",2097243913,NoSQLCamp,66351278,5199692066351280000,"Sep 28, 2011",Agronin,Paul,paul@securusenterprises.com,,Agronin,Paul,,paul@securusenterprises.com,1,Attendee,"Oct 3, 2011 at 6:00 PM",,,"Fremont, CA, United States",,,,51996920,Free Order,USD,0,0,0,0,0,Attending,eTicket,,,,,,,,,,,,databases,Yes,,,,,,,CEO,SECURUS ENTERPRISES,,,,,,,,http://www.securusenterprises.com,,
"NoSQLCamp SF Oct 3, 2011",2097243913,NoSQLCamp,66842728,5238226266842730000,"Sep 30, 2011",Huo,Peiying,peiying.huo@cbs.com,,Huo,Peiying,,peiying.huo@cbs.com,1,Attendee,"Oct 3, 2011 at 6:00 PM",,,"Oakland, CA, United States",,,,52382262,Free Order,USD,0,0,0,0,0,Attending,eTicket,,,,,,,,,,,,"MapReduce, MongoDB, performance",No,,,,,,,,,,,,,,,,,,
"NoSQLCamp SF Oct 3, 2011",2097243913,NoSQLCamp,62839766,4920717662839770000,"Sep 8, 2011",Chow,Perry,perrychow@yahoo.com,,Chow,Perry,,perrychow@yahoo.com,1,Attendee,"Oct 3, 2011 at 6:00 PM",,,"San Francisco, CA, United States",,,erec,49207176,Free Order,USD,0,0,0,0,0,Attending,eTicket,,,,,,,,,,,,Mobile and web applications,Yes,,,,,,,,,,,,,,,,,,
"NoSQLCamp SF Oct 3, 2011",2097243913,NoSQLCamp,67214820,5267652667214820000,"Oct 3, 2011",Karjalainen,Pertti,pertti@northernlightssoftware.com,,Karjalainen,Pertti,,pertti@northernlightssoftware.com,1,Attendee,"Oct 3, 2011 at 6:00 PM",,,"San Rafael, CA, United States",,,,52676526,Free Order,USD,0,0,0,0,0,Attending,eTicket,,,,,,,,,,,,Use cases for the differnt No/NewSQL companies presenting at the event,No,,,,,,,Director of Technology Research,infotech-associates.net,,,,,,,,http://www.infotech-associates.net,,
"NoSQLCamp SF Oct 3, 2011",2097243913,NoSQLCamp,66808394,5235534866808390000,"Sep 30, 2011",Gavlan,Philip,pgavlan@gmail.com,,Gavlan,Philip,,pgavlan@gmail.com,1,Attendee,"Oct 3, 2011 at 6:00 PM",,,"San Francisco, CA, United States",,,eanrecfeatb,52355348,Free Order,USD,0,0,0,0,0,Attending,eTicket,,,,,,,,,,,,Infrastructure solutions to support NoSQL in a hosted environment.,No,,,,,,,Solutions Architect,GoGrid,,,,,,,,http://about.me/philipgavlan,,
"NoSQLCamp SF Oct 3, 2011",2097243913,NoSQLCamp,66497476,5211161066497480000,"Sep 28, 2011",Stilwell,Tim,polarbearcold@gmail.com,,Stilwell,Tim,,polarbearcold@gmail.com,1,Attendee,"Oct 3, 2011 at 6:00 PM",,,"Redwood City, CA, United States",,,,52111610,Free Order,USD,0,0,0,0,0,Attending,eTicket,,,,,,,,,,,,exactly how nosql trumps mysql + memcached,Yes,,,,,,,QA Automation Engineer,Kabam,,,,,,,,,,
"NoSQLCamp SF Oct 3, 2011",2097243913,NoSQLCamp,65479236,5130997465479240000,"Sep 22, 2011",Prasad,Puneeth,pune2th@gmail.com,,Prasad,Puneeth,,pune2th@gmail.com,1,Attendee,"Oct 3, 2011 at 6:00 PM",,,"Los Altos, CA, United States",,,,51309974,Free Order,USD,0,0,0,0,0,Attending,eTicket,,,,,,,,,,,,Scalability and benchmarking competing platforms,,,,,,,,,,,,,,,,,,,
"NoSQLCamp SF Oct 3, 2011",2097243913,NoSQLCamp,67000336,5250531267000340000,"Oct 1, 2011",Clark,Merrick,raccer@gmail.com,,Clark,Merrick,,raccer@gmail.com,1,Attendee,"Oct 3, 2011 at 6:00 PM",,,"Santa Cruz, CA, United States",,,,52505312,Free Order,USD,0,0,0,0,0,Attending,eTicket,,,,,,,,,,,,GTL!,No,,,,,,,,TextMyQueue,,,,,,,,,,
"NoSQLCamp SF Oct 3, 2011",2097243913,NoSQLCamp,66912400,5243620666912400000,"Sep 30, 2011",Fox,Rauhmel,Rauhmel@WHOmentors.com,,Fox,Rauhmel,,Rauhmel@WHOmentors.com,1,Attendee,"Oct 3, 2011 at 6:00 PM",,,"San Francisco, CA, United States",,,estw,52436206,Free Order,USD,0,0,0,0,0,Attending,eTicket,,,,,,,,,,,,Current issues ,,,,,,,,Director & CEO,"WHOmentors.com, Inc.",,,,,,,,http://www.WHOmentors.com,,
"NoSQLCamp SF Oct 3, 2011",2097243913,NoSQLCamp,65472954,5130495865472950000,"Sep 22, 2011",Vyakaranam,Ravikumar,ravi1521@yahoo.com,,Vyakaranam,Ravikumar,,ravi1521@yahoo.com,1,Attendee,"Oct 3, 2011 at 6:00 PM",,,"San Jose, CA, United States",,,,51304958,Free Order,USD,0,0,0,0,0,Attending,eTicket,,,,,,,,,,,,Database,No,,,,,,,Senior Consultant,Self Employed,,,,,,,,,,
"NoSQLCamp SF Oct 3, 2011",2097243913,NoSQLCamp,66710728,5227770266710730000,"Sep 29, 2011",Khasanshyn,Renat,renat.k@altoros.com,,Khasanshyn,Renat,,renat.k@altoros.com,1,Attendee,"Oct 3, 2011 at 6:00 PM",,,"Sunnyvale, CA, United States",,,,52277702,Free Order,USD,0,0,0,0,0,Attending,eTicket,,,,,,,,,,,,Replication/mobileNoSQL,No,,,,,,,,,,,,,,,,,,
"NoSQLCamp SF Oct 3, 2011",2097243913,NoSQLCamp,66842206,5238186066842210000,"Sep 30, 2011",Kozicki,Richard,rkozicki@versant.com,,Kozicki,Richard,,rkozicki@versant.com,1,Attendee,"Oct 3, 2011 at 6:00 PM",,,"San Jose, CA, United States",,,,52381860,Free Order,USD,0,0,0,0,0,Attending,eTicket,,,,,,,,,,,,differences between various products,Yes,,,,,,,National Account Manager,Versant Corporation,,,,,,,,,,
"NoSQLCamp SF Oct 3, 2011",2097243913,NoSQLCamp,66180596,5186422666180600000,"Sep 27, 2011",Hodges,Robert,robert.hodges@continuent.com,,Hodges,Robert,,robert.hodges@continuent.com,1,Attendee,"Oct 3, 2011 at 6:00 PM",,,"Oakland, CA, United States",,,,51864226,Free Order,USD,0,0,0,0,0,Attending,eTicket,,,,,,,,,,,,Replicating data from MySQL to MongoDB in real time. ,,,,,,,,CEO,"Continuent, Inc.",,,,,,,,http://www.continuent.com,http://scale-out-blog.blogspot.com,
"NoSQLCamp SF Oct 3, 2011",2097243913,NoSQLCamp,66924364,5244526866924360000,"Sep 30, 2011",Semeine,Roman,roman.semein@gmail.com,,Semeine,Roman,,roman.semein@gmail.com,1,Attendee,"Oct 3, 2011 at 6:00 PM",,,"Los Angeles, CA, United States",,,,52445268,Free Order,USD,0,0,0,0,0,Attending,eTicket,,,,,,,,,,,,Scale and Data,No,,,,,,,,,,,,,,,,,,
"NoSQLCamp SF Oct 3, 2011",2097243913,NoSQLCamp,66881012,5241148266881010000,"Sep 30, 2011",Ru,Xiaoming,ruxmcs@gmail.com,,Ru,Xiaoming,,ruxmcs@gmail.com,1,Attendee,"Oct 3, 2011 at 6:00 PM",,,"Hayward, CA, United States",,,erec,52411482,Free Order,USD,0,0,0,0,0,Attending,eTicket,,,,,,,,,,,,no-sql usage,Yes,,,,,,,,,,,,,,,,,,
"NoSQLCamp SF Oct 3, 2011",2097243913,NoSQLCamp,66243898,5191348466243900000,"Sep 27, 2011",Thompson,Hank Ryan,ryan.hank@gmail.com,,Thompson,Hank Ryan,,ryan.hank@gmail.com,1,Attendee,"Oct 3, 2011 at 6:00 PM",,,"San Francisco, CA, United States",,,,51913484,Free Order,USD,0,0,0,0,0,Attending,eTicket,,,,,,,,,,,,Cloud development,No,,,,,,,CEO & Co-Founder,Knowledgestreem,,,,,,,,http://questioncloud.com,http://kstreem.com,
"NoSQLCamp SF Oct 3, 2011",2097243913,NoSQLCamp,66506496,5211836066506500000,"Sep 28, 2011",Gokhale,Sagar,sagar.gokhale@gmail.com,,Gokhale,Sagar,,sagar.gokhale@gmail.com,1,Attendee,"Oct 3, 2011 at 6:00 PM",,,"San Francisco, CA, United States",,,,52118360,Free Order,USD,0,0,0,0,0,Attending,eTicket,,,,,,,,,,,,Large scale deployments of nosql solutions,No,,,,,,,Software Engineer,MedHelp,,,,,,,,,,
"NoSQLCamp SF Oct 3, 2011",2097243913,NoSQLCamp,66883266,5241324666883270000,"Sep 30, 2011",Goel,Shalab,shalab.goel@gmail.com,,Goel,Shalab,,shalab.goel@gmail.com,1,Attendee,"Oct 3, 2011 at 6:00 PM",,,"Sunnyvale, CA, United States",,,eanrecfeatb,52413246,Free Order,USD,0,0,0,0,0,Attending,eTicket,,,,,,,,,,,,NoSQL,No,,,,,,,,,,,,,,,,,,
"NoSQLCamp SF Oct 3, 2011",2097243913,NoSQLCamp,66001262,5172289466001260000,"Sep 26, 2011",Bezalel,Shira,shirabez@gmail.com,,Bezalel,Shira,,shirabez@gmail.com,1,Attendee,"Oct 3, 2011 at 6:00 PM",,,"Oakland, CA, United States",,,,51722894,Free Order,USD,0,0,0,0,0,Attending,eTicket,,,,,,,,,,,,database integrity,No,,,,,,,DBA,San Francisco Estuary Institute,,,,,,,,http://www.sfei.org,,
"NoSQLCamp SF Oct 3, 2011",2097243913,NoSQLCamp,66037398,5175113466037400000,"Sep 26, 2011",Masud,Sajjad,smasud@ziplabs.com,,Masud,Sajjad,,smasud@ziplabs.com,1,Attendee,"Oct 3, 2011 at 6:00 PM",,,"San Mateo, CA, United States",,,,51751134,Free Order,USD,0,0,0,0,0,Attending,eTicket,,,,,,,,,,,,Selection criteria for NoSQL data stores,No,,,,,,,,,,,,,,,,,,
"NoSQLCamp SF Oct 3, 2011",2097243913,NoSQLCamp,67312470,5275721467312470000,"Oct 3, 2011",Eun,Sol,soleun@gmail.com,,Eun,Sol,,soleun@gmail.com,1,Attendee,"Oct 3, 2011 at 6:00 PM",,,"San Francisco, CA, United States",,,,52757214,Free Order,USD,0,0,0,0,0,Attending,eTicket,,,,,,,,,,,,graph database,,,,,,,,Intelligence Associate,"Quid, Inc.",,,,,,,,http://quid.com,,
"NoSQLCamp SF Oct 3, 2011",2097243913,NoSQLCamp,66414172,5204718866414170000,"Sep 28, 2011",wu,solomon,solowu@cisco.com,,wu,solomon,,solowu@cisco.com,1,Attendee,"Oct 3, 2011 at 6:00 PM",,,"San Jose, CA, United States",,,,52047188,Free Order,USD,0,0,0,0,0,Attending,eTicket,,,,,,,,,,,,scalability,No,,,,,,,sw engineer,Cisco,,,,,,,,,http://nextgenapp.blogspot.com,
"NoSQLCamp SF Oct 3, 2011",2097243913,NoSQLCamp,66022732,5173966666022730000,"Sep 26, 2011",Roussey,Steven,sroussey@gmail.com,,Roussey,Steven,,sroussey@gmail.com,1,Attendee,"Oct 3, 2011 at 6:00 PM",,,"San Francisco, CA, United States",,,,51739666,Free Order,USD,0,0,0,0,0,Attending,eTicket,,,,,,,,,,,,Debugging?,No,,,,,,,,,,,,,,,,,,
"NoSQLCamp SF Oct 3, 2011",2097243913,NoSQLCamp,62891832,4924798662891830000,"Sep 9, 2011",Mackey,Thoms,tdmackey@booleanhaiku.com,,Mackey,Thoms,,tdmackey@booleanhaiku.com,1,Attendee,"Oct 3, 2011 at 6:00 PM",,,"Napa, CA, United States",,,erec,49247986,Free Order,USD,0,0,0,0,0,Attending,eTicket,,,,,,,,,,,,anything,No,,,,,,,,,,,,,,,,,,
"NoSQLCamp SF Oct 3, 2011",2097243913,NoSQLCamp,65999836,5172179265999840000,"Sep 26, 2011",Smith,Andrew,tenrecandrew@hotmail.com,,Smith,Andrew,,tenrecandrew@hotmail.com,1,Attendee,"Oct 3, 2011 at 6:00 PM",,,"Houston, TX, United States",,,,51721792,Free Order,USD,0,0,0,0,0,Attending,eTicket,,,,,,,,,,,,Just want to get more familiar w/ noSQL ,No,,,,,,,,,,,,,,,,,,
"NoSQLCamp SF Oct 3, 2011",2097243913,NoSQLCamp,67295602,5274305267295600000,"Oct 3, 2011",Zidian,Matthew,tgtttgt@gmail.com,,Zidian,Matthew,,tgtttgt@gmail.com,1,Attendee,"Oct 3, 2011 at 6:00 PM",,,"San Francisco, CA, United States",,,,52743052,Free Order,USD,0,0,0,0,0,Attending,eTicket,,,,,,,,,,,,Big data,,,,,,,,Software Engineer,"Quid, Inc",,,,,,,,,,
"NoSQLCamp SF Oct 3, 2011",2097243913,NoSQLCamp,61876502,4843033861876500000,"Sep 2, 2011",Lee,Isa ,the.sf.isa@gmail.com,,Lee,Isa ,,the.sf.isa@gmail.com,1,Attendee,"Oct 3, 2011 at 6:00 PM",,,"San Francisco, CA, United States",,,,48430338,Free Order,USD,0,0,0,0,0,Attending,eTicket,,,,,,,,,,,,open,,,,,,,,,,,,,,,,,,,
"NoSQLCamp SF Oct 3, 2011",2097243913,NoSQLCamp,64711412,5069744264711410000,"Sep 19, 2011",Faulkner,Chris,thefaulkner@gmail.com,,Faulkner,Chris,,thefaulkner@gmail.com,1,Attendee,"Oct 3, 2011 at 6:00 PM",,,"San Francisco, CA, United States",,,,50697442,Free Order,USD,0,0,0,0,0,Attending,eTicket,,,,,,,,,,,,How to scale tacos.,No,,,,,,,Err:510,Basis,,,,,,,,,,
"NoSQLCamp SF Oct 3, 2011",2097243913,NoSQLCamp,66405822,5204026266405820000,"Sep 28, 2011",Nguyen,Thomson,thomson.nguyen@mylookout.com,,Nguyen,Thomson,,thomson.nguyen@mylookout.com,1,Attendee,"Oct 3, 2011 at 6:00 PM",,,"San Francisco, CA, United States",,,,52040262,Free Order,USD,0,0,0,0,0,Attending,eTicket,,,,,,,,,,,,"MongoDB, Cassandra, when SQL is more appropriate than NoSQL",No,,,,,,,Data Scientist,Lookout Inc,,,,,,,,http://www.mylookout.com,http://www.squareheadgroup.com,
"NoSQLCamp SF Oct 3, 2011",2097243913,NoSQLCamp,63814542,4998738463814540000,"Sep 14, 2011",Kunze,Tobias,tkunze@redhat.com,,Kunze,Tobias,,tkunze@redhat.com,1,Attendee,"Oct 3, 2011 at 6:00 PM",,,"Palo Alto, CA, United States",,,,49987384,Free Order,USD,0,0,0,0,0,Attending,eTicket,,,,,,,,,,,,tbd,No,,,,,,,,,,,,,,,,,,
"NoSQLCamp SF Oct 3, 2011",2097243913,NoSQLCamp,61385911,4806571561385910000,"Aug 31, 2011",Tarlano,Anthony,tony@exablox.com,,Tarlano,Anthony,,tony@exablox.com,1,Attendee,"Oct 3, 2011 at 6:00 PM",,,"Menlo Park, CA, United States",,,,48065715,Free Order,USD,0,0,0,0,0,Attending,eTicket,,,,,,,,,,,,"Redis, cloud nosql ",Yes,,,,,,,,Exablox,,,,,,,,http://www.exablox.com,,
"NoSQLCamp SF Oct 3, 2011",2097243913,NoSQLCamp,67198492,5266381067198490000,"Oct 3, 2011",topaloglu,rasit,topalogluro@gmail.com,,topaloglu,rasit,,topalogluro@gmail.com,1,Attendee,"Oct 3, 2011 at 6:00 PM",,,"Alameda, CA, United States",,,,52663810,Free Order,USD,0,0,0,0,0,Attending,eTicket,,,,,,,,,,,,graph databases,,,,,,,,,,,,,,,,,,,
"NoSQLCamp SF Oct 3, 2011",2097243913,NoSQLCamp,66883234,5241322466883230000,"Sep 30, 2011",Harper,Tupshin,tupshin@tupshin.com,,Harper,Tupshin,,tupshin@tupshin.com,1,Attendee,"Oct 3, 2011 at 6:00 PM",,,"San Carlos, CA, United States",,,,52413224,Free Order,USD,0,0,0,0,0,Attending,eTicket,,,,,,,,,,,,horizontal scalability,No,,,,,,,,,,,,,,,,,,
"NoSQLCamp SF Oct 3, 2011",2097243913,NoSQLCamp,61561603,4819153361561600000,"Sep 1, 2011",Yu,Thomas,tyu333@yahoo.com,,Yu,Thomas,,tyu333@yahoo.com,1,Attendee,"Oct 3, 2011 at 6:00 PM",,,"Fremont, CA, United States",,,eanrecfeatb,48191533,Free Order,USD,0,0,0,0,0,Attending,eTicket,,,,,,,,,,,,Cassandra,Yes,,,,,,,Software Architect,Ruckus Wireless,,,,,,,,,,
"NoSQLCamp SF Oct 3, 2011",2097243913,NoSQLCamp,66907446,5243233866907450000,"Sep 30, 2011",allman,valerie,valerie@10gen.com,,allman,valerie,,valerie@10gen.com,1,Attendee,"Oct 3, 2011 at 6:00 PM",,,"San Carlos, CA, United States",,,,52432338,Free Order,USD,0,0,0,0,0,Attending,eTicket,,,,,,,,,,,,Why is NoSQL even important,Yes,,,,,,,Account Manager,10gen,,,,,,,,10gen.com,,
"NoSQLCamp SF Oct 3, 2011",2097243913,NoSQLCamp,67316958,5276092667316960000,"Oct 3, 2011",Karra,Vishy,vishy@10gen.com,,Karra,Vishy,,vishy@10gen.com,1,Attendee,"Oct 3, 2011 at 6:00 PM",,,"San Francisco, CA, United States",,,,52760926,Free Order,USD,0,0,0,0,0,Attending,eTicket,,,,,,,,,,,,NoSQL offerings,No,,,,,,,VP Engineering,10gen,,,,,,,,,,
"NoSQLCamp SF Oct 3, 2011",2097243913,NoSQLCamp,66890726,5241909466890730000,"Sep 30, 2011",Leetventchouk,Vlad,vlad.v@altoros.com,,Leetventchouk,Vlad,,vlad.v@altoros.com,1,Attendee,"Oct 3, 2011 at 6:00 PM",,,"Sunnyvale, CA, United States",,,,52419094,Free Order,USD,0,0,0,0,0,Attending,eTicket,,,,,,,,,,,,NoSQL databases,Yes,,,,,,,Project Manager,Altoros Systems,,,,,,,,http://www.altoros.com,,
"NoSQLCamp SF Oct 3, 2011",2097243913,NoSQLCamp,66527706,5213443866527710000,"Sep 28, 2011",Spence,Tim,yogi.wan.kenobi@gmail.com,,Spence,Tim,,yogi.wan.kenobi@gmail.com,1,Attendee,"Oct 3, 2011 at 6:00 PM",,,"Berkeley, CA, United States",,,,52134438,Free Order,USD,0,0,0,0,0,Attending,eTicket,,,,,,,,,,,,High volume analytics,Yes,,,,,,,Senior Infrastructure Engineer,MedHelp,,,,,,,,http://www.medhelp.org/,,
