Order #,Event Name,Event ID,Organizer Name,Attendee #,Barcode #,Order Date,Buyer Last Name,Buyer First Name,Buyer Email,Prefix,Last Name,First Name,Suffix,Email,Quantity,Ticket Type,Date Attending,Device #,Check-In Date,IP Location,Discount,Group,Affiliate,Order Type,Currency,Total Paid,Fees Paid,Eventbrite Fees,Eventbrite Payment Processing,Tax Paid,Attendee Status,Ticket Delivery Method,Home Address 1,Home Address 2,Home City,Home State,Home Zip,Home Country,Home Phone,Cell Phone,Gender,Age,Birth Date,What topics are you interested in?,Would you like to receive Ops-related information from our sponsors?,Do you require vegetarian food or Gluten free food?,Shipping Address 1,Shipping Address 2,Shipping City,Shipping State,Shipping Zip,Shipping Country,Job Title,Company,Work Address 1,Work Address 2,Work City,Work State,Work Zip,Work Country,Work Phone,Website,Blog,Notes
11648373,"OpsCamp San Francisco - May 15, 2010",569249641,OpsCamp,15562542,,"May 6, 2010",Peterson,Aaron,aaron@opscode.com,,Peterson,Aaron,,aaron@opscode.com,1,Attendee,"May 15, 2010 at 9:00 AM",,,"Scottsdale, AZ, United States",,,,Free Order,USD,0,0,0,0,0,Attending,eTicket,,,,,,,,,,,,automating operations at scale,Yes,No special requirements,,,,,,,Technical Evangelist,Opscode,,,,,,,,http://www.opscode.com,,
11226588,"OpsCamp San Francisco - May 15, 2010",569249641,OpsCamp,15018661,,"Apr 21, 2010",Burnett,Allan,aburnett@vmware.com,,Burnett,Allan,,aburnett@vmware.com,1,Attendee,"May 15, 2010 at 9:00 AM",,,"San Jose, CA, United States",,,,Free Order,USD,0,0,0,0,0,Attending,eTicket,,,,,,,,,,,,monitoring,No,No special requirements,,,,,,,Architect,VMware,,,,,,,,,,
11230689,"OpsCamp San Francisco - May 15, 2010",569249641,OpsCamp,15023981,,"Apr 21, 2010",Wiggins,Adam,adam@heroku.com,,Wiggins,Adam,,adam@heroku.com,1,Attendee,"May 15, 2010 at 9:00 AM",,,"San Francisco, CA, United States",,,,Free Order,USD,0,0,0,0,0,Attending,eTicket,,,,,,,,,,,,"Capacity planning, security, opex optimization, monitoring and pager systems, fault
tolerance",No,No special requirements,,,,,,,Founder,Heroku,,,,,,,,http://heroku.com/,http://adam.blog.heroku.com/,
11284139,"OpsCamp San Francisco - May 15, 2010",569249641,OpsCamp,15091767,,"Apr 23, 2010",D'Amico,Adam,adamico@alum.mit.edu,,D'Amico,Adam,,adamico@alum.mit.edu,1,Attendee,"May 15, 2010 at 9:00 AM",,,"Milpitas, CA, United States",,,,Free Order,USD,0,0,0,0,0,Attending,eTicket,,,,,,,,,,,,Everything,No,No special requirements,,,,,,,,,,,,,,,,,,
10593172,"OpsCamp San Francisco - May 15, 2010",569249641,OpsCamp,14203345,,"Mar 31, 2010",Ullal,Adwait,adwait.ullal@gmail.com,,Ullal,Adwait,,adwait.ullal@gmail.com,1,Attendee,"May 15, 2010 at 9:00 AM",,,"New York, NY, United States",,,,Free Order,USD,0,0,0,0,0,Attending,eTicket,,,,,,,,,,,,cloud monitoring integration with on-premise applications,Yes,,,,,,,,CTO,AumSoft Consultants,,,,,,,,http://www.adwait.com,,
9517470,"OpsCamp San Francisco - May 15, 2010",569249641,OpsCamp,12820370,,"Feb 20, 2010",KELKAR,ASHISH,akelkar@gmail.com,,KELKAR,ASHISH,,akelkar@gmail.com,1,Attendee with donation,"May 15, 2010 at 9:00 AM",,,"Hayward, CA, United States",,,,PayPal Completed,USD,11.24,1.24,1.24,0,0,Attending,eTicket,,,,,,,,,,,,"Open Source CMS, Drupal, Maps API's",Yes,,,,,,,,PRINCIPAL - MERGERS & INTEGRATION,GOOGLE INC,,,,,,,,,,
11430551,"OpsCamp San Francisco - May 15, 2010",569249641,OpsCamp,15280404,,"Apr 28, 2010",Lee,Alex,alex.lee@g.2win.com,,Lee,Alex,,alex.lee@g.2win.com,1,Attendee,"May 15, 2010 at 9:00 AM",,,"San Francisco, CA, United States",,,,Free Order,USD,0,0,0,0,0,Attending,eTicket,,,,,,,,,,,,production monitoring and operation automation.,Yes,No special requirements,,,,,,,Technical Consultant,"2Win Information Systems, Inc.",,,,,,,,,,
11214675,"OpsCamp San Francisco - May 15, 2010",569249641,OpsCamp,15003441,,"Apr 21, 2010",Ma,Alex,ama@vmware.com,,Ma,Alex,,ama@vmware.com,1,Attendee,"May 15, 2010 at 9:00 AM",,,"San Francisco, CA, United States",,,,Free Order,USD,0,0,0,0,0,Attending,eTicket,,,,,,,,,,,,automation/security/monitoring,No,No special requirements,,,,,,,Senior Systems Engineer,Vmware,,,,,,,,,,
11894588,"OpsCamp San Francisco - May 15, 2010",569249641,OpsCamp,15882530,,"May 14, 2010",Malinovich,Alex,amalinovich@engineyard.com,,Malinovich,Alex,,amalinovich@engineyard.com,1,Attendee,"May 15, 2010 at 9:00 AM",,,"San Francisco, CA, United States",,,,Free Order,USD,0,0,0,0,0,Attending,eTicket,,,,,,,,,,,,Scaling,No,No special requirements,,,,,,,Cloud Support Engineer,Engine Yard,,,,,,,,http://engineyard.com,,
11728275,"OpsCamp San Francisco - May 15, 2010",569249641,OpsCamp,15667212,,"May 10, 2010",Piplani,Amit,amit.piplani@gmail.com,,Piplani,Amit,,amit.piplani@gmail.com,1,Attendee,"May 15, 2010 at 9:00 AM",,,"San Ramon, CA, United States",,,,Free Order,USD,0,0,0,0,0,Attending,eTicket,,,,,,,,,,,,Application deployment & operations in cloud.,No,Vegetarian food,,,,,,,,CSC,,,,,,,,,,
10965620,"OpsCamp San Francisco - May 15, 2010",569249641,OpsCamp,14683641,,"Apr 13, 2010",Abascal,Amy,amya@gwos.com,,Abascal,Amy,,amya@gwos.com,1,Attendee,"May 15, 2010 at 9:00 AM",,,"San Francisco, CA, United States",,,,Free Order,USD,0,0,0,0,0,Attending,eTicket,,,,,,,,,,,,..,Yes,,,,,,,,Sr Mgr Web/Online Marketing,GWOS,,,,,,,,http://www.gwos.com,,
11183380,"OpsCamp San Francisco - May 15, 2010",569249641,OpsCamp,14964045,,"Apr 20, 2010",Wain,Amir,awain@i2cinc.com,,Wain,Amir,,awain@i2cinc.com,1,Attendee,"May 15, 2010 at 9:00 AM",,,"Menlo Park, CA, United States",,,,Free Order,USD,0,0,0,0,0,Attending,eTicket,,,,,,,,,,,,"Monitoring, app performance, Ops in general",Yes,No special requirements,,,,,,,,,,,,,,,,,,
9412164,"OpsCamp San Francisco - May 15, 2010",569249641,OpsCamp,12690761,,"Feb 16, 2010",Subramanian,Bala,bala@salesforce.com,,Subramanian,Bala,,bala@salesforce.com,1,Attendee,"May 15, 2010 at 9:00 AM",,,"San Francisco, CA, United States",,,,Free Order,USD,0,0,0,0,0,Attending,eTicket,,,,,,,,,,,,Datacenter Automation,Yes,,,,,,,,Architect,salesforce.com,,,,,,,,http://www.salesforce.com,,
11188869,"OpsCamp San Francisco - May 15, 2010",569249641,OpsCamp,14971406,,"Apr 20, 2010",Rajah,Venki,bayareafox@gmail.com,,Rajah,Venki,,bayareafox@gmail.com,1,Attendee,"May 15, 2010 at 9:00 AM",,,"Mound, MN, United States",,,,Free Order,USD,0,0,0,0,0,Attending,eTicket,,,,,,,,,,,,Provisioning and Monitoring,No,Vegetarian food,,,,,,,,,,,,,,,,,,
11901393,"OpsCamp San Francisco - May 15, 2010",569249641,OpsCamp,15892317,,"May 14, 2010",Dymek,Bill,Bdymek@ Internap.com,,Dymek,Bill,,Bdymek@Internap.com,1,Attendee,"May 15, 2010 at 9:00 AM",,,United States,,,,Free Order,USD,0,0,0,0,0,Attending,eTicket,,,,,,,,,,,,,Yes,No special requirements,,,,,,,,Internap,,,,,,,,,,
11601103,"OpsCamp San Francisco - May 15, 2010",569249641,OpsCamp,15501614,,"May 5, 2010",Golden,Bernard,bernard.golden@hyperstratus.com,,Golden,Bernard,,bernard.golden@hyperstratus.com,1,Attendee,"May 15, 2010 at 9:00 AM",,,"San Carlos, CA, United States",,,,Free Order,USD,0,0,0,0,0,Attending,eTicket,,,,,,,,,,,,Ops,No,No special requirements,,,,,,,CEO,HyperStratus,,,,,,,,http://www.hyperstratus.com,http://http://www.hyperstratus.com/drupal/blog,
11806060,"OpsCamp San Francisco - May 15, 2010",569249641,OpsCamp,15768464,,"May 12, 2010",Sadler,Bess,bess@stanford.edu,,Sadler,Bess,,bess@stanford.edu,1,Attendee,"May 15, 2010 at 9:00 AM",,,"Stanford, CA, United States",,,,Free Order,USD,0,0,0,0,0,Attending,eTicket,,,,,,,,,,,,How can we get sysadmins and developers talking to each other more effectively?,No,No special requirements,,,,,,,Senior Software Engineer,Stanford University Library,,,,,,,,http://searchworks.stanford.edu/,http://ibiblio.org/bess,
11813270,"OpsCamp San Francisco - May 15, 2010",569249641,OpsCamp,15777544,,"May 12, 2010",Ritter,Jordan,jpr5@darkridge.com,,Baldwin,Brendan,,brendan.baldwin@gmail.com,1,Attendee,"May 15, 2010 at 9:00 AM",,,"San Francisco, CA, United States",,,,Free Order,USD,0,0,0,0,0,Attending,eTicket,,,,,,,,,,,,awesome,No,No special requirements,,,,,,,,,,,,,,,,,,
11771689,"OpsCamp San Francisco - May 15, 2010",569249641,OpsCamp,15723899,,"May 11, 2010",,,carolsand@gmail.com,,Sanders,Carol,,carolsand@gmail.com,1,Attendee,"May 15, 2010 at 9:00 AM",,,"San Francisco, CA, United States",,,,Free Order,USD,0,0,0,0,0,Attending,eTicket,,,,,,,,,,,,All,Yes,No special requirements,,,,,,,Network Engineer,Vyatta,,,,,,,,,,
11559490,"OpsCamp San Francisco - May 15, 2010",569249641,OpsCamp,15448447,,"May 4, 2010",Cooney,C.D.,cc94102@yahoo.com,,Cooney,C.D.,,cc94102@yahoo.com,1,Attendee,"May 15, 2010 at 9:00 AM",,,"San Francisco, CA, United States",,,,Free Order,USD,0,0,0,0,0,Attending,eTicket,,,,,,,,,,,,0,Yes,No special requirements,,,,,,,Analyst,,,,,,,,,,,
11829661,"OpsCamp San Francisco - May 15, 2010",569249641,OpsCamp,15798956,,"May 12, 2010",Ercen,Ceren,ceren@ercen.com,,Ercen,Ceren,,ceren@ercen.com,1,Attendee with donation,"May 15, 2010 at 9:00 AM",,,"San Francisco, CA, United States",,,,PayPal Completed,USD,11.24,1.24,1.24,0,0,Attending,eTicket,,,,,,,,,,,,"config management, automation, intelligent monitoring building",Yes,No special requirements,,,,,,,,,,,,,,,,,,
11832449,"OpsCamp San Francisco - May 15, 2010",569249641,OpsCamp,15802733,,"May 12, 2010",Patni,Chandra,chandra.patni@gmail.com,,Patni,Chandra,,chandra.patni@gmail.com,1,Attendee,"May 15, 2010 at 9:00 AM",,,"Palo Alto, CA, United States",,,,Free Order,USD,0,0,0,0,0,Attending,eTicket,,,,,,,,,,,,"Monitoring, deployment automation",No,Vegetarian food,,,,,,,Principal Software Engineer/Manager,IGN Entertainment Inc,,,,,,,,http://www.ign.com,http://rubyorchard.wordpress.com,
11283344,"OpsCamp San Francisco - May 15, 2010",569249641,OpsCamp,15090701,,"Apr 23, 2010",DiLauro,Chet,Chet@forhire.net,,DiLauro,Chet,,Chet@forhire.net,1,Attendee,"May 15, 2010 at 9:00 AM",,,"Oakland, CA, United States",,,,Free Order,USD,0,0,0,0,0,Attending,eTicket,,,,,,,,,,,,Architectures,No,No special requirements,,,,,,,Monitoring Solution Architect,Subject to change,,,,,,,,,,
11503982,"OpsCamp San Francisco - May 15, 2010",569249641,OpsCamp,15375840,,"May 1, 2010",Wright,Christian,christian@christianwright.com,,Wright,Christian,,christian@christianwright.com,1,Attendee,"May 15, 2010 at 9:00 AM",,,"Santa Clara, CA, United States",,,,Free Order,USD,0,0,0,0,0,Attending,eTicket,,,,,,,,,,,,Monitoring,No,No special requirements,,,,,,,,,,,,,,,,,,
11286653,"OpsCamp San Francisco - May 15, 2010",569249641,OpsCamp,15095118,,"Apr 23, 2010",Jones,Clyde,cjones@exelixis.com,,Jones,Clyde,,cjones@exelixis.com,1,Attendee,"May 15, 2010 at 9:00 AM",,,"San Francisco, CA, United States",,,,Free Order,USD,0,0,0,0,0,Attending,eTicket,,,,,,,,,,,,"Nagios, system admin, clustering",Yes,No special requirements,,,,,,,Sr Operation Developer,Exelixis,,,,,,,,http://www.exelixis.com,,
11283824,"OpsCamp San Francisco - May 15, 2010",569249641,OpsCamp,15091319,,"Apr 23, 2010",Shrieve,Chris,Cshrieve@gwos.com,,Shrieve,Chris,,Cshrieve@gwos.com,1,Attendee,"May 15, 2010 at 9:00 AM",,,"San Francisco, CA, United States",,,,Free Order,USD,0,0,0,0,0,Attending,eTicket,,,,,,,,,,,,Network Monitoring,No,No special requirements,,,,,,,East Coast Sales,GroundWork Open Source,,,,,,,,http://www.groundworkopensource.com,,
11644757,"OpsCamp San Francisco - May 15, 2010",569249641,OpsCamp,15557716,,"May 6, 2010",Edwards,Damon,damon@dtosolutions.com,,Edwards,Damon,,damon@dtosolutions.com,1,Attendee,"May 15, 2010 at 9:00 AM",,,"San Francisco, CA, United States",,,,Free Order,USD,0,0,0,0,0,Attending,eTicket,,,,,,,,,,,,"DevOps, Automated Infrastructure",Yes,No special requirements,,,,,,,,DTO Solutions,,,,,,,,http://dtosolutions.com,http://dev2ops.org,
10261338,"OpsCamp San Francisco - May 15, 2010",569249641,OpsCamp,13777009,,"Mar 18, 2010",Brescia,Erica,erica@bitrock.com,,Lopez Ridruejo,Daniel,,daniel@bitrock.com,1,Attendee,"May 15, 2010 at 9:00 AM",,,Unknown Location,,,,Free Order,USD,0,0,0,0,0,Attending,eTicket,,,,,,,,,,,,cloud deployment,No,,,,,,,,CTO,BitRock / BitNami,,,,,,,,http://www.bitnami.org,,
11781790,"OpsCamp San Francisco - May 15, 2010",569249641,OpsCamp,15737239,,"May 11, 2010",Jacobs,Daniel,daniel@sibblingz.com,,Jacobs,Daniel,,daniel@sibblingz.com,1,Attendee,"May 15, 2010 at 9:00 AM",,,"Santa Rosa, CA, United States",,,,Free Order,USD,0,0,0,0,0,Attending,eTicket,,,,,,,,,,,,Chef,No,Vegetarian food,,,,,,,Lead Application Developer,Sibblingz,,,,,,,,,,
11540735,"OpsCamp San Francisco - May 15, 2010",569249641,OpsCamp,15423421,,"May 3, 2010",Pezely,Daniel,danielp@sonic.net,,Pezely,Daniel,,danielp@sonic.net,1,Attendee,"May 15, 2010 at 9:00 AM",,,"Chicago, IL, United States",,,,Free Order,USD,0,0,0,0,0,Attending,eTicket,,,,,,,,,,,,"Lean distributed systems, deploying Common Lisp",Yes,No special requirements,,,,,,,,,,,,,,,,http://play.org,,
11805991,"OpsCamp San Francisco - May 15, 2010",569249641,OpsCamp,15768376,,"May 12, 2010",Steinicke,Dan,dansteinicke@hotmail.com,,Steinicke,Dan,,dansteinicke@hotmail.com,1,Attendee,"May 15, 2010 at 9:00 AM",,,"Berkeley, CA, United States",,,,Free Order,USD,0,0,0,0,0,Attending,eTicket,,,,,,,,,,,,"Ruby, Rails, Javascript, Lean Startup",No,Vegetarian food,,,,,,,,,,,,,,,,,,
11746489,"OpsCamp San Francisco - May 15, 2010",569249641,OpsCamp,15691457,,"May 10, 2010",Wetterwald,Julien,julien@kaching.com,,Fortunato,David,,david@kaching.com,1,Attendee,"May 15, 2010 at 9:00 AM",,,United States,,,,Free Order,USD,0,0,0,0,0,Attending,eTicket,,,,,,,,,,,,"Testing infrastructure, deployment infrastructure",No,No special requirements,,,,,,,Senior Software Engineer,kaChing,,,,,,,,http://www.kaching.com,http://eng.kaching.com,
11572317,"OpsCamp San Francisco - May 15, 2010",569249641,OpsCamp,15464232,,"May 4, 2010",Dull,David,ddull@netcom.com,,Dull,David,,ddull@netcom.com,1,Attendee,"May 15, 2010 at 9:00 AM",,,"Riverside, CA, United States",,,,Free Order,USD,0,0,0,0,0,Attending,eTicket,,,,,,,,,,,,"Monitoring systems, operating systems, web services",No,No special requirements,,,,,,,Web Systems Engineer,Wells Fargo,,,,,,,,http://www.wellsfargo.com,,
11607826,"OpsCamp San Francisco - May 15, 2010",569249641,OpsCamp,15510115,,"May 5, 2010",Dutta,Debojyoti,dedutta@cisco.com,,Dutta,Debojyoti,,dedutta@cisco.com,1,Attendee,"May 15, 2010 at 9:00 AM",,,"San Jose, CA, United States",,,,Free Order,USD,0,0,0,0,0,Attending,eTicket,,,,,,,,,,,,"IaaS, PaaS, noSQL",No,No special requirements,,,,,,,Software Engineer,Cisco,,,,,,,,,,
11335647,"OpsCamp San Francisco - May 15, 2010",569249641,OpsCamp,15158810,,"Apr 26, 2010",Perez,Derek,derek@caring.com,,Perez,Derek,,derek@caring.com,1,Attendee,"May 15, 2010 at 9:00 AM",,,"Fremont, CA, United States",,,,Free Order,USD,0,0,0,0,0,Attending,eTicket,,,,,,,,,,,,"Chef, Newrelic.",No,No special requirements,,,,,,,,Caring.com,,,,,,,,http://www.caring.com,http://blog.derekperez.com,
11284687,"OpsCamp San Francisco - May 15, 2010",569249641,OpsCamp,15092493,,"Apr 23, 2010",Santucci,Nicholas,nicksan@gmail.com,,Lee,Dwayne,,dleeorama@gmail.com,1,Attendee,"May 15, 2010 at 9:00 AM",,,"Englewood, CO, United States",,,,Abandoned,USD,0,0,0,0,0,Abandoned,eTicket,,,,,,,,,,,,open source system and network monitoring,No,No special requirements,,,,,,,Sr. Staff Engineer,DIRECTV,,,,,,,,http://www.directv.com,,
11581673,"OpsCamp San Francisco - May 15, 2010",569249641,OpsCamp,15476438,,"May 4, 2010",Divakar,MP,docdivakar@yahoo.com,,Divakar,MP,,docdivakar@yahoo.com,1,Attendee,"May 15, 2010 at 9:00 AM",,,"San Francisco, CA, United States",,,,Free Order,USD,0,0,0,0,0,Attending,eTicket,,,,,,,,,,,,Open source network management,No,No special requirements,,,,,,,Consultant,,,,,,,,,,,
9417921,"OpsCamp San Francisco - May 15, 2010",569249641,OpsCamp,12697834,,"Feb 17, 2010",Willoughby,Doug,Doug.Willoughby@Compuware.com,,Willoughby,Doug,,Doug.Willoughby@Compuware.com,1,Attendee,"May 15, 2010 at 9:00 AM",,,"Durham, NC, United States",,,,Free Order,USD,0,0,0,0,0,Attending,eTicket,,,,,,,,,,,,Cloud Monitoring,Yes,,,,,,,,Director,Compuware,,,,,,,,http://www.compuware.com,http://www.compuware.com,
11740464,"OpsCamp San Francisco - May 15, 2010",569249641,OpsCamp,15683361,,"May 10, 2010",Stainton,David,dstainton415@gmail.com,,Stainton,David,,dstainton415@gmail.com,1,Attendee,"May 15, 2010 at 9:00 AM",,,"San Francisco, CA, United States",,,,Free Order,USD,0,0,0,0,0,Attending,eTicket,,,,,,,,,,,,"I'm interested in scaling and high availability challenges; I am interested to know what
other Ops Engineers consider ""best practices"".",No,No special requirements,,,,,,,Senior System Administrator,,,,,,,,,http://www.lumiere.net/~mrdavid/resume/,http://david415.wordpress.com/,
10261338,"OpsCamp San Francisco - May 15, 2010",569249641,OpsCamp,13777008,,"Mar 18, 2010",Brescia,Erica,erica@bitrock.com,,Brescia,Erica,,erica@bitrock.com,1,Attendee,"May 15, 2010 at 9:00 AM",,,Unknown Location,,,,Free Order,USD,0,0,0,0,0,Attending,eTicket,,,,,,,,,,,,cloud deployment,Yes,,,,,,,,CEO,BitRock / BitNami,,,,,,,,http://www.bitnami.org,,
11856782,"OpsCamp San Francisco - May 15, 2010",569249641,OpsCamp,15833677,,"May 13, 2010",Edgeworth,Eric,ericedge@gmail.com,,Edgeworth,Eric,,ericedge@gmail.com,1,Attendee,"May 15, 2010 at 9:00 AM",,,"Corte Madera, CA, United States",,,,Free Order,USD,0,0,0,0,0,Attending,eTicket,,,,,,,,,,,,"fleet-wide configuration, monitoring, metrics gathering/display, deployment tools,
load balancing, data storage, scaling",Yes,No special requirements,,,,,,,,,,,,,,,,,,
11517280,"OpsCamp San Francisco - May 15, 2010",569249641,OpsCamp,15393292,,"May 2, 2010",Khatibi,Ramin,eventbrite.com@badapple.net,,Khatibi,Ramin,,eventbrite.com@badapple.net,1,Attendee with donation,"May 15, 2010 at 9:00 AM",,,"San Francisco, CA, United States",,,,PayPal Completed,USD,52.24,2.24,2.24,0,0,Attending,eTicket,,,,,,,,,,,,"Monitoring, trending, scaling, web apps, databases, nosql",Yes,No special requirements,,,,,,,Sr Operations Engineer,,,,,,,,,,,
11232108,"OpsCamp San Francisco - May 15, 2010",569249641,OpsCamp,15025670,,"Apr 22, 2010",Zygmuntowicz,Ezra,Ez@engineyard.com,,Zygmuntowicz,Ezra,,Ez@engineyard.com,1,Attendee,"May 15, 2010 at 9:00 AM",,,United States,,,,Free Order,USD,0,0,0,0,0,Attending,eTicket,,,,,,,,,,,,"Configuration automation, command and control, orchestration, devops in general. AWS,
vcloud, rackspace, gogrid PasS, IaaS, *aaA",Yes,No special requirements,,,,,,,Founder,Engine Yard Inc,,,,,,,,http://Engineyard.com,http://Brainspl.at,
11449191,"OpsCamp San Francisco - May 15, 2010",569249641,OpsCamp,15304747,,"Apr 29, 2010",Baum,Felix,fbaum@adobe.com,,Baum,Felix,,fbaum@adobe.com,1,Attendee,"May 15, 2010 at 9:00 AM",,,"Seattle, WA, United States",,,,Free Order,USD,0,0,0,0,0,Attending,eTicket,,,,,,,,,,,,"Operations monitoring and reporting, performance engineering, Database technologies and
HA.",Yes,No special requirements,,,,,,,Sr. Systems Manager,Adobe Systems,,,,,,,,http://www.adobe.com,,
11805818,"OpsCamp San Francisco - May 15, 2010",569249641,OpsCamp,15768157,,"May 12, 2010",Chong,Victor,victor@linkworksllc.com,,Sutanto,Ferry,,ferry@linkworksllc.com,1,Attendee,"May 15, 2010 at 9:00 AM",,,"Petaluma, CA, United States",,,,Free Order,USD,0,0,0,0,0,Attending,eTicket,,,,,,,,,,,,How to convert from PHP to Ruby.,No,No special requirements,,,,,,,Software Developer,Linkworks,,,,,,,,http://tinyurl.com/mangoapp,,
11483949,"OpsCamp San Francisco - May 15, 2010",569249641,OpsCamp,15349292,,"Apr 30, 2010",Singh,Gajraj,gajraj2007@gmail.com,,Singh,Gajraj,,gajraj2007@gmail.com,1,Attendee,"May 15, 2010 at 9:00 AM",,,"Santa Clara, CA, United States",,,,Free Order,USD,0,0,0,0,0,Attending,eTicket,,,,,,,,,,,,"Opensource software development outsourcing Specific application to remote security
management and web based security management",No,No special requirements,,,,,,,President,Zivio,,,,,,,,http://www.zivionetworks.com,,
11827922,"OpsCamp San Francisco - May 15, 2010",569249641,OpsCamp,15796574,,"May 12, 2010",Beary,Wesley,geemus@gmail.com,,Beary,Wesley,,geemus@gmail.com,1,Attendee,"May 15, 2010 at 9:00 AM",,,"Los Altos, CA, United States",,,eivtefrnd,Free Order,USD,0,0,0,0,0,Attending,eTicket,,,,,,,,,,,,"Cloud computing, storage and provisioning.",No,No special requirements,,,,,,,Software Engineer,Engine Yard,,,,,,,,http://github.com/geemus,,
11582491,"OpsCamp San Francisco - May 15, 2010",569249641,OpsCamp,15477477,,"May 4, 2010",Coulter,Geoffrey,geoffrey.coulter@gmail.com,,Coulter,Geoffrey,,geoffrey.coulter@gmail.com,1,Attendee,"May 15, 2010 at 9:00 AM",,,"San Francisco, CA, United States",,,,Free Order,USD,0,0,0,0,0,Attending,eTicket,,,,,,,,,,,,Managing security in clouds Non-intrusive visibility in complex environments,Yes,No special requirements,,,,,,,,,,,,,,,,,,
11341162,"OpsCamp San Francisco - May 15, 2010",569249641,OpsCamp,15166025,,"Apr 26, 2010",Freeman,Graham,graham.freeman@cernio.com,,Freeman,Graham,,graham.freeman@cernio.com,1,Attendee,"May 15, 2010 at 9:00 AM",,,"Berkeley, CA, United States",,,,Free Order,USD,0,0,0,0,0,Attending,eTicket,,,,,,,,,,,,"Open-source network management and hardware inventory/tracking tools; effective ways of
pre-configuring, packaging, and distributing open-source software (e.g. Firefox) to
Windows Active Directory clients; etc.",No,Vegetarian food,,,,,,,,Cernio Tech Co-op,,,,,,,,http://cernio.com/,,
11283660,"OpsCamp San Francisco - May 15, 2010",569249641,OpsCamp,15091101,,"Apr 23, 2010",Das,Hari,hari.das@cdicorp.com,,Das,Hari,,hari.das@cdicorp.com,1,Attendee,"May 15, 2010 at 9:00 AM",,,"Philadelphia, PA, United States",,,,Free Order,USD,0,0,0,0,0,Attending,eTicket,,,,,,,,,,,,IT services outsourcing,No,Vegetarian food,,,,,,,,,,,,,,,,,,
11898616,"OpsCamp San Francisco - May 15, 2010",569249641,OpsCamp,15888094,,"May 14, 2010",Carruzzo,Herve,herve@internap.com,,Carruzzo,Herve,,herve@internap.com,1,Attendee,"May 15, 2010 at 9:00 AM",,,"San Francisco, CA, United States",,,,Free Order,USD,0,0,0,0,0,Attending,eTicket,,,,,,,,,,,,distributed db,No,No special requirements,,,,,,,,,,,,,,,,,,
11809446,"OpsCamp San Francisco - May 15, 2010",569249641,OpsCamp,15772681,,"May 12, 2010",Kriel,Hans,hkriel@ijk.net,,Kriel,Hans,,hkriel@ijk.net,1,Attendee with donation,"May 15, 2010 at 9:00 AM",,,"Lafayette, CA, United States",,,,PayPal Completed,USD,26.61,1.61,1.61,0,0,Attending,eTicket,,,,,,,,,,,,agentless monitoring,Yes,No special requirements,,,,,,,Principal,Arcs and Sparks Inc,,,,,,,,,,
11339492,"OpsCamp San Francisco - May 15, 2010",569249641,OpsCamp,15163778,,"Apr 26, 2010",dyckoff,howard,howarddy@gmail.com,,dyckoff,howard,,howarddy@gmail.com,1,Attendee,"May 15, 2010 at 9:00 AM",,,"San Jose, CA, United States",,,,Free Order,USD,0,0,0,0,0,Attending,eTicket,,,,,,,,,,,,cloud ops; sematic web; -- also note: I am both vegetarian and gluten-free,No,Gluten free food,,,,,,,Tech Project Mgr,new paradigm,,,,,,,,,,
11896048,"OpsCamp San Francisco - May 15, 2010",569249641,OpsCamp,15884427,,"May 14, 2010",Bentley,Isaac,isaac.bentley@gmail.com,,Bentley,Isaac,,isaac.bentley@gmail.com,1,Attendee,"May 15, 2010 at 9:00 AM",,,"San Francisco, CA, United States",,,,Free Order,USD,0,0,0,0,0,Attending,eTicket,,,,,,,,,,,,Monitoring,No,No special requirements,,,,,,,Sr. NOC Administrator,Telenav Inc.,,,,,,,,http://telenav.com,,
10394149,"OpsCamp San Francisco - May 15, 2010",569249641,OpsCamp,13946185,,"Mar 24, 2010",Turner,Chris,j.chris.turner@gmail.com,,Turner,Chris,,j.chris.turner@gmail.com,1,Attendee,"May 15, 2010 at 9:00 AM",,,India,,,,Free Order,USD,0,0,0,0,0,Attending,eTicket,,,,,,,,,,,,"Continuous Deployment and Release Management, managing large grid of machines",No,,,,,,,,,ThoughtWorks Studios,,,,,,,,http://www.thoughtworks-studios.com/,,
11762947,"OpsCamp San Francisco - May 15, 2010",569249641,OpsCamp,15712690,,"May 11, 2010",Kaldenbaugh,Jake,jake@cloudstrategies.com,,Kaldenbaugh,Jake,,jake@cloudstrategies.com,1,Attendee,"May 15, 2010 at 9:00 AM",,,"Belmont, CA, United States",,,,Free Order,USD,0,0,0,0,0,Attending,eTicket,,,,,,,,,,,,"Real enterprise adoption, Cloud Fwd/Bkwd, cloud market, repeatable use-cases",No,No special requirements,,,,,,,Founder/Principal,CloudStrategies,,,,,,,,http://www.CloudStrategies.com,http://www.CloudStrategies.com/Blog,
11812284,"OpsCamp San Francisco - May 15, 2010",569249641,OpsCamp,15776270,,"May 12, 2010",Burgess,James,james@unwireiraq.com,,Burgess,James,,james@unwireiraq.com,1,Attendee,"May 15, 2010 at 9:00 AM",,,"San Leandro, CA, United States",,,,Free Order,USD,0,0,0,0,0,Attending,eTicket,,,,,,,,,,,,"Ops, scale, high availability, big data, nosql, rails",Yes,No special requirements,,,,,,,CIO,Lookout,,,,,,,,http://www.mylookout.com/,,
11833534,"OpsCamp San Francisco - May 15, 2010",569249641,OpsCamp,15804232,,"May 12, 2010",Griffith,James,jamestgriffith@gmail.com,,Griffith,James,,jamestgriffith@gmail.com,1,Attendee,"May 15, 2010 at 9:00 AM",,,"San Francisco, CA, United States",,,,Free Order,USD,0,0,0,0,0,Attending,eTicket,,,,,,,,,,,,"Network Security, Robotics, AI",No,No special requirements,,,,,,,Chief Software Engineer,BIG Robots,,,,,,,,,,
11485842,"OpsCamp San Francisco - May 15, 2010",569249641,OpsCamp,15351765,,"Apr 30, 2010",Curtis,Jared,jared@shift-e.info,,Curtis,Jared,,jared@shift-e.info,1,Attendee,"May 15, 2010 at 9:00 AM",,,"San Francisco, CA, United States",,,,Free Order,USD,0,0,0,0,0,Attending,eTicket,,,,,,,,,,,,"Monitoring, software deployment (puppet, cfengine, etc)",No,No special requirements,,,,,,,Sr. Linux Administrator,"Nixle, LLC",,,,,,,,http://www.nixle.com,,
11277054,"OpsCamp San Francisco - May 15, 2010",569249641,OpsCamp,15082263,,"Apr 23, 2010",Dusek,Jason,jason.dusek@gmail.com,,Dusek,Jason,,jason.dusek@gmail.com,1,Attendee,"May 15, 2010 at 9:00 AM",,,United States,,,,Free Order,USD,0,0,0,0,0,Attending,eTicket,,,,,,,,,,,,"Configuration management, software packaging.",No,No special requirements,,,,,,,Operations Engineer,Shop It To Me,,,,,,,,,,
11806641,"OpsCamp San Francisco - May 15, 2010",569249641,OpsCamp,15769167,,"May 12, 2010",Cook,Jason,jasonc@wikia-inc.com,,Cook,Jason,,jasonc@wikia-inc.com,1,Attendee,"May 15, 2010 at 9:00 AM",,,"San Francisco, CA, United States",,,,Free Order,USD,0,0,0,0,0,Attending,eTicket,,,,,,,,,,,,Automation Alerting Multi-site operation,No,No special requirements,,,,,,,Ops Engineer,Wikia,,,,,,,,http://www.wikia.com,,
11517643,"OpsCamp San Francisco - May 15, 2010",569249641,OpsCamp,15393820,,"May 2, 2010",Beisser,Johan,jb@thefind.com,,Beisser,Johan,,jb@thefind.com,1,Attendee,"May 15, 2010 at 9:00 AM",,,"San Francisco, CA, United States",,,,Free Order,USD,0,0,0,0,0,Attending,eTicket,,,,,,,,,,,,"Development and Operations, automation",No,Vegetarian food,,,,,,,,,,,,,,,,,,
11409232,"OpsCamp San Francisco - May 15, 2010",569249641,OpsCamp,15252488,,"Apr 28, 2010",Buckenthal,Jon,jbuckenthal@yahoo.com,,vanup,Arden,,jbuckenthal@yahoo.com,1,Attendee,"May 15, 2010 at 9:00 AM",,,"San Francisco, CA, United States",,,,Free Order,USD,0,0,0,0,0,Attending,eTicket,,,,,,,,,,,,IT,No,Vegetarian food,,,,,,,,,,,,,,,,,,
11605703,"OpsCamp San Francisco - May 15, 2010",569249641,OpsCamp,15507420,,"May 5, 2010",Bugwadia,Jim,jbugwadi@cisco.com,,Bugwadia,Jim,,jbugwadi@cisco.com,1,Attendee,"May 15, 2010 at 9:00 AM",,,"Fayetteville, AR, United States",,,,Free Order,USD,0,0,0,0,0,Attending,eTicket,,,,,,,,,,,,"PaaS, cloud automation",No,No special requirements,,,,,,,Solutions Architect,Cisco Systems,,,,,,,,,,
11542200,"OpsCamp San Francisco - May 15, 2010",569249641,OpsCamp,15425303,,"May 3, 2010",Cheng,John,jcheng@vindicia.kcom,,Cheng,John,,jcheng@vindicia.kcom,1,Attendee,"May 15, 2010 at 9:00 AM",,,"Redwood City, CA, United States",,,,Free Order,USD,0,0,0,0,0,Attending,eTicket,,,,,,,,,,,,ops stuff,No,No special requirements,,,,,,,,,,,,,,,,,,
11286092,"OpsCamp San Francisco - May 15, 2010",569249641,OpsCamp,15094358,,"Apr 23, 2010",Skokan,Jeffrey,jeffrey.skokan@wellsfargo.com,,Skokan,Jeffrey,,jeffrey.skokan@wellsfargo.com,1,Attendee,"May 15, 2010 at 9:00 AM",,,"Riverside, CA, United States",,,,Free Order,USD,0,0,0,0,0,Attending,eTicket,,,,,,,,,,,,Effective message filtering,Yes,No special requirements,,,,,,,Linux System Administrator,Wells Fargo & Co.,,,,,,,,http://www.wellsfargo.com,,
10285354,"OpsCamp San Francisco - May 15, 2010",569249641,OpsCamp,13807612,,"Mar 19, 2010",Robbins,Jesse,jesse@opscode.com,,Robbins,Jesse,,jesse@opscode.com,1,Attendee,"May 15, 2010 at 9:00 AM",,,"Seattle, WA, United States",,,,Free Order,USD,0,0,0,0,0,Attending,eTicket,,,,,,,,,,,,Ops!,Yes,,,,,,,,CEO,Opscode,,,,,,,,http://www.opscode.com,http://radar.oreilly.com/jesse/,
11849406,"OpsCamp San Francisco - May 15, 2010",569249641,OpsCamp,15824289,,"May 13, 2010",Arnold,Joe,joe@cloudscaling.com,,Arnold,Joe,,joe@cloudscaling.com,1,Attendee,"May 15, 2010 at 9:00 AM",,,"San Francisco, CA, United States",,,,Free Order,USD,0,0,0,0,0,Attending,eTicket,,,,,,,,,,,,"IaaS, cloud libraries",Yes,No special requirements,,,,,,,Director of Engineering,Cloudscaling,,,,,,,,http://cloudscaling.com,http://joearnold.com,
11782062,"OpsCamp San Francisco - May 15, 2010",569249641,OpsCamp,15737614,,"May 11, 2010",Ruscio,Joseph,joe@librato.com,,Ruscio,Joseph,,joe@librato.com,1,Attendee,"May 15, 2010 at 9:00 AM",,,"San Francisco, CA, United States",,,,Free Order,USD,0,0,0,0,0,Attending,eTicket,,,,,,,,,,,,"Workload consolidation, application performance monitoring/management",No,No special requirements,,,,,,,Chief Software Architect,Librato,,,,,,,,http://silverline.librato.com,,
11286102,"OpsCamp San Francisco - May 15, 2010",569249641,OpsCamp,15094370,,"Apr 23, 2010",Hallman,John,john.hallman@wellsfargo.com,,Hallman,John,,john.hallman@wellsfargo.com,1,Attendee,"May 15, 2010 at 9:00 AM",,,"Riverside, CA, United States",,,,Free Order,USD,0,0,0,0,0,Attending,eTicket,,,,,,,,,,,,creating a solid groundworks architecture with multiple sites / monitr,No,No special requirements,,,,,,,PC Lan Engineer,Wellsfargo,,,,,,,,,,
9421032,"OpsCamp San Francisco - May 15, 2010",569249641,OpsCamp,12701741,,"Feb 17, 2010",Willis,John,john@opscode.com,,Willis,John,,john@opscode.com,1,Attendee,"May 15, 2010 at 9:00 AM",,,Unknown Location,,,,Free Order,USD,0,0,0,0,0,Attending,eTicket,,,,,,,,,,,,Ops,Yes,,,,,,,,VP og Services,,,,,,,,,http://opscode.com,http://johnmwilis.com,
11755410,"OpsCamp San Francisco - May 15, 2010",569249641,OpsCamp,15703475,,"May 10, 2010",Walker,John Mark,johnmark@johnmark.org,,Walker,John Mark,,johnmark@johnmark.org,1,Attendee,"May 15, 2010 at 9:00 AM",,,"Palo Alto, CA, United States",,,,Free Order,USD,0,0,0,0,0,Attending,eTicket,,,,,,,,,,,,tara spalding ;),No,No special requirements,,,,,,,,Splunk,,,,,,,,http://www.splunk.com/,,
9493666,"OpsCamp San Francisco - May 15, 2010",569249641,OpsCamp,12790886,,"Feb 19, 2010",Johnson,Michael,johnsonm@rpath.com,,Johnson,Michael,,johnsonm@rpath.com,1,Attendee,"May 15, 2010 at 9:00 AM",,,"Raleigh, NC, United States",,,,Free Order,USD,0,0,0,0,0,Attending,eTicket,,,,,,,,,,,,"coordinated, complete, staged version control: software and configuration managed in sync",No,,,,,,,,Founding Engineer,rPath,,,,,,,,http://www.rpath.com/,,
11240071,"OpsCamp San Francisco - May 15, 2010",569249641,OpsCamp,15035511,,"Apr 22, 2010",Horowitz,Jonah,jonah@jonahhorowitz.com,,Horowitz,Jonah,,jonah@jonahhorowitz.com,1,Attendee,"May 15, 2010 at 9:00 AM",,,United States,,,,Free Order,USD,0,0,0,0,0,Attending,eTicket,,,,,,,,,,,,Monitoring and Performance,No,No special requirements,,,,,,,,,,,,,,,,,,
11813270,"OpsCamp San Francisco - May 15, 2010",569249641,OpsCamp,15777545,,"May 12, 2010",Ritter,Jordan,jpr5@darkridge.com,,Ritter,Jordan,,jpr5@darkridge.com,1,Attendee,"May 15, 2010 at 9:00 AM",,,"San Francisco, CA, United States",,,,Free Order,USD,0,0,0,0,0,Attending,eTicket,,,,,,,,,,,,awesome,No,No special requirements,,,,,,,None,None,,,,,,,,None,None,
11523929,"OpsCamp San Francisco - May 15, 2010",569249641,OpsCamp,15402500,,"May 2, 2010",Pruitt,Jeremy,jpruitt@juniper.net,,Pruitt,Jeremy,,jpruitt@juniper.net,1,Attendee,"May 15, 2010 at 9:00 AM",,,"Fremont, CA, United States",,,,Free Order,USD,0,0,0,0,0,Attending,eTicket,,,,,,,,,,,,"Service Assurance, Infra As Code, provisioning lifecycle.",Yes,No special requirements,,,,,,,Operations Manager,Juniper Networks,,,,,,,,http://www.juniper.net,,
11208891,"OpsCamp San Francisco - May 15, 2010",569249641,OpsCamp,14996052,,"Apr 21, 2010",Roy,John,jroy351@gmail.com,,Roy,John,,jroy351@gmail.com,1,Attendee,"May 15, 2010 at 9:00 AM",,,"Los Gatos, CA, United States",,,,Free Order,USD,0,0,0,0,0,Attending,eTicket,,,,,,,,,,,,best practices,Yes,No special requirements,,,,,,,Senior Business Analyst / Partner,BBG Partners,,,,,,,,,,
11781430,"OpsCamp San Francisco - May 15, 2010",569249641,OpsCamp,15736750,,"May 11, 2010",Ramirez,Julian,julian@julianramirez.com,,Ramirez,Julian,,julian@julianramirez.com,1,Attendee with donation,"May 15, 2010 at 9:00 AM",,,"Santa Rosa, CA, United States",,,,PayPal Completed,USD,11.24,1.24,1.24,0,0,Attending,eTicket,,,,,,,,,,,,"Rails, general web2.0, autooommmaaaatttiiooonnn",No,No special requirements,,,,,,,Rails Application Developer,Sibblingz,,,,,,,,,http://twitter.com/julianramirez,
11746489,"OpsCamp San Francisco - May 15, 2010",569249641,OpsCamp,15691458,,"May 10, 2010",Wetterwald,Julien,julien@kaching.com,,Wetterwald,Julien,,julien@kaching.com,1,Attendee,"May 15, 2010 at 9:00 AM",,,United States,,,,Free Order,USD,0,0,0,0,0,Attending,eTicket,,,,,,,,,,,,"Testing infrastructure, deployment infrastructure",No,No special requirements,,,,,,,Director of Engineering,kaChing,,,,,,,,http://www.kaching.com,http://eng.kaching.com,
11283842,"OpsCamp San Francisco - May 15, 2010",569249641,OpsCamp,15091337,,"Apr 23, 2010",Leung,KC,kc@papitv.com,,Leung,KC,,kc@papitv.com,1,Attendee,"May 15, 2010 at 9:00 AM",,,"Redwood City, CA, United States",,,,Free Order,USD,0,0,0,0,0,Attending,eTicket,,,,,,,,,,,,Everything you have in the program,Yes,No special requirements,,,,,,,Director/Consultant,Papitv,,,,,,,,http://www.papitv.com,,
11808504,"OpsCamp San Francisco - May 15, 2010",569249641,OpsCamp,15771500,,"May 12, 2010",Mahaffey,Kevin,kevin@mylookout.com,,Mahaffey,Kevin,,kevin@mylookout.com,1,Attendee,"May 15, 2010 at 9:00 AM",,,"San Leandro, CA, United States",,,,Free Order,USD,0,0,0,0,0,Attending,eTicket,,,,,,,,,,,,Scaling web services and large data systems,No,No special requirements,,,,,,,CTO,Lookout,,,,,,,,http://www.mylookout.com,,
11852855,"OpsCamp San Francisco - May 15, 2010",569249641,OpsCamp,15828674,,"May 13, 2010",Shaikh,Khalid,khaled.j.shaikh@gmail.com,,Shaikh,Khalid,,khaled.j.shaikh@gmail.com,1,Attendee,"May 15, 2010 at 9:00 AM",,,"Petaluma, CA, United States",,,,Free Order,USD,0,0,0,0,0,Attending,eTicket,,,,,,,,,,,,Ops,Yes,No special requirements,,,,,,,Web Architect,Enphase Energy,,,,,,,,http://www.enphaseenergy.com/,http://www.enphaseenergy.com/,
11793775,"OpsCamp San Francisco - May 15, 2010",569249641,OpsCamp,15753170,,"May 11, 2010",Inampudi,Kiran,kinampud@cisco.com,,Inampudi,Kiran,,kinampud@cisco.com,1,Attendee,"May 15, 2010 at 9:00 AM",,,"San Jose, CA, United States",,,,Free Order,USD,0,0,0,0,0,Attending,eTicket,,,,,,,,,,,,Cloud Computing,No,No special requirements,,,,,,,Solutions Architect,"Cisco,Inc",,,,,,,,http://www.cisco.com,,
10502707,"OpsCamp San Francisco - May 15, 2010",569249641,OpsCamp,14085412,,"Mar 28, 2010",,,kumarcadd@geocities.com,,Kumar,Raj,,kumarcadd@geocities.com,1,Attendee,"May 15, 2010 at 9:00 AM",,,"San Francisco, CA, United States",,,,Free Order,USD,0,0,0,0,0,Attending,eTicket,,,,,,,,,,,,General Interest,Yes,,,,,,,,,,,,,,,,,,,
11058607,"OpsCamp San Francisco - May 15, 2010",569249641,OpsCamp,14804218,,"Apr 16, 2010",,,kumarcadd@yahoo.com,,Kumar,Raj,,kumarcadd@yahoo.com,1,Attendee,"May 15, 2010 at 9:00 AM",,,"San Francisco, CA, United States",,,,Free Order,USD,0,0,0,0,0,Attending,eTicket,,,,,,,,,,,,Tech,Yes,Vegetarian food,,,,,,,,,,,,,,,,,,
11792614,"OpsCamp San Francisco - May 15, 2010",569249641,OpsCamp,15751329,,"May 11, 2010",Rehe,Lars,lars.rehe@gmail.com,,Rehe,Lars,,lars.rehe@gmail.com,1,Attendee with donation,"May 15, 2010 at 9:00 AM",,,"San Francisco, CA, United States",,,,PayPal Completed,USD,21.49,1.49,1.49,0,0,Attending,eTicket,,,,,,,,,,,,All things operations,No,No special requirements,,,,,,,Systems Administrator,,,,,,,,,,,
11761886,"OpsCamp San Francisco - May 15, 2010",569249641,OpsCamp,15711370,,"May 11, 2010",DeQuattro,Lisa,ldequattro@gmail.com,,DeQuattro,Lisa,,ldequattro@gmail.com,1,Attendee,"May 15, 2010 at 9:00 AM",,,"Santa Cruz, CA, United States",,,,Free Order,USD,0,0,0,0,0,Attending,eTicket,,,,,,,,,,,,"network management, heterogeneous environment, server management",Yes,Vegetarian food,,,,,,,Network/System Administrator,New Teacher Center,,,,,,,,http://www.newteachercenter.org,,
11253859,"OpsCamp San Francisco - May 15, 2010",569249641,OpsCamp,15053125,,"Apr 22, 2010",,,makwayne@gmail.com,,Mak,Wayne,,makwayne@gmail.com,1,Attendee,"May 15, 2010 at 9:00 AM",,,"San Francisco, CA, United States",,,,Free Order,USD,0,0,0,0,0,Attending,eTicket,,,,,,,,,,,,Large scalable systems,No,No special requirements,,,,,,,,,,,,,,,,,,
11784232,"OpsCamp San Francisco - May 15, 2010",569249641,OpsCamp,15740444,,"May 11, 2010",Nicosia,Marco,marco-opscamp@escape.org,,Nicosia,Marco,,marco-opscamp@escape.org,1,Attendee,"May 15, 2010 at 9:00 AM",,,"San Francisco, CA, United States",,,,Free Order,USD,0,0,0,0,0,Attending,eTicket,,,,,,,,,,,,Methods of automatic software deployment on cloud-sourced hsots.,No,No special requirements,,,,,,,Datacenter Operation & Infrastructure,Engine Yard,,,,,,,,,,
11133910,"OpsCamp San Francisco - May 15, 2010",569249641,OpsCamp,14900593,,"Apr 19, 2010",Ducea,Marius,marius.ducea@gmail.com,,Ducea,Marius,,marius.ducea@gmail.com,1,Attendee,"May 15, 2010 at 9:00 AM",,,"Cupertino, CA, United States",,,,Free Order,USD,0,0,0,0,0,Attending,eTicket,,,,,,,,,,,,"Operations, chef/puppet, automation, high scalability and performance in general.",No,No special requirements,,,,,,,CTO,Promet Soutions,,,,,,,,http://promethost.com,http://www.ducea.com,
11486710,"OpsCamp San Francisco - May 15, 2010",569249641,OpsCamp,15352905,,"Apr 30, 2010",Evans,Martin,martin.evans@relayhealth.com,,Evans,Martin Evans,,martin.evans@relayhealth.com,1,Attendee,"May 15, 2010 at 9:00 AM",,,"Costa Mesa, CA, United States",,,,Free Order,USD,0,0,0,0,0,Attending,eTicket,,,,,,,,,,,,Deployment frameworks. Monitoring tools.,Yes,No special requirements,,,,,,,"Manager, Systems Configuration Management",RelayHealth,,,,,,,,http://www.relayhealth.com,,
11840222,"OpsCamp San Francisco - May 15, 2010",569249641,OpsCamp,15812744,,"May 13, 2010",Carey,Mark,mcarey@gwos.com,,Carey,Mark,,mcarey@gwos.com,1,Attendee,"May 15, 2010 at 9:00 AM",,,"Brentwood, CA, United States",,,,Free Order,USD,0,0,0,0,0,Attending,eTicket,,,,,,,,,,,,"Automation, Configuration Management, Self Healing Services, Monitoring, DevOps",Yes,No special requirements,,,,,,,Support Engineer,Groundwork Opensource,,,,,,,,,,
11284062,"OpsCamp San Francisco - May 15, 2010",569249641,OpsCamp,15091657,,"Apr 23, 2010",Croff,Micah,mcroff@quantcast.com,,Croff,Micah,,mcroff@quantcast.com,1,Attendee,"May 15, 2010 at 9:00 AM",,,"San Francisco, CA, United States",,,,Free Order,USD,0,0,0,0,0,Attending,eTicket,,,,,,,,,,,,monitoring and alerting,Yes,No special requirements,,,,,,,SR. Network Engineer,Quantcast,,,,,,,,http://www.quantcast.com,,
11902428,"OpsCamp San Francisco - May 15, 2010",569249641,OpsCamp,15893576,,"May 15, 2010",Tao,Melodie,melodietao@gmail.com,,Tao,Melodie,,melodietao@gmail.com,1,Attendee,"May 15, 2010 at 9:00 AM",,,"San Francisco, CA, United States",,,,Free Order,USD,0,0,0,0,0,Attending,eTicket,,,,,,,,,,,,"Cloud computing, Social Media integration in new product development, Mobile application
development",No,Vegetarian food,,,,,,,Marketing Consultant / Social Media Strategist,Marketing Melodie,,,,,,,,http://www.marketingmelodie.com,,
11344385,"OpsCamp San Francisco - May 15, 2010",569249641,OpsCamp,15170094,,"Apr 26, 2010",Burdett,Mark,mfb@cernio.com,,Burdett,Mark,,mfb@cernio.com,1,Attendee,"May 15, 2010 at 9:00 AM",,,"Berkeley, CA, United States",,,,Free Order,USD,0,0,0,0,0,Attending,eTicket,,,,,,,,,,,,"system administration, configuration management, freebsd, debian/ubuntu",No,Vegetarian food,,,,,,,Consultant,Cernio,,,,,,,,,,
11881592,"OpsCamp San Francisco - May 15, 2010",569249641,OpsCamp,15866103,,"May 14, 2010",Higashi,Mike,mhigashi@gmail.com,,Higashi,Mike,,mhigashi@gmail.com,1,Attendee,"May 15, 2010 at 9:00 AM",,,"Alameda, CA, United States",,,,Free Order,USD,0,0,0,0,0,Attending,eTicket,,,,,,,,,,,,cloud computing,No,No special requirements,,,,,,,,,,,,,,,,,,
11368580,"OpsCamp San Francisco - May 15, 2010",569249641,OpsCamp,15200581,,"Apr 27, 2010",Hopkins,Michael,michael-hopkins@live.com,,Hopkins,Michael,,michael-hopkins@live.com,1,Attendee,"May 15, 2010 at 9:00 AM",,,"San Francisco, CA, United States",,,,Free Order,USD,0,0,0,0,0,Attending,eTicket,,,,,,,,,,,,systems management,No,No special requirements,,,,,,,Technical Consultant,"Taos, Inc.",,,,,,,,http://www.taos.com,,
11516012,"OpsCamp San Francisco - May 15, 2010",569249641,OpsCamp,15391556,,"May 2, 2010",Paoli,Michael,Michael.Paoli@cal.berkeley.edu,,Paoli,Michael,,Michael.Paoli@cal.berkeley.edu,1,Attendee,"May 15, 2010 at 9:00 AM",,,"Palo Alto, CA, United States",,,,Free Order,USD,0,0,0,0,0,Attending,eTicket,,,,,,,,,,,,"Linux Systems Administration, e.g. scalability & management Managing managers, e.g.
helping them do their jobs better with more information about optimization of various
resources, cost/benefit analysis, (lost) opportunity cost, ROI, etc. Various
Linux/Unix/POSIX/open source/software topics/areas.",No,No special requirements,,,,,,,Systems Administrator,,,,,,,,,,,
11539794,"OpsCamp San Francisco - May 15, 2010",569249641,OpsCamp,15422203,,"May 3, 2010",Horn,Mike,mike@vidder.com,,Horn,Mike,,mike@vidder.com,1,Attendee,"May 15, 2010 at 9:00 AM",,,"San Jose, CA, United States",,,,Free Order,USD,0,0,0,0,0,Attending,eTicket,,,,,,,,,,,,"configuration management and automation tools, especially for deploying to cloud based
servers",No,No special requirements,,,,,,,,,,,,,,,,,,
9378871,"OpsCamp San Francisco - May 15, 2010",569249641,OpsCamp,12649412,,"Feb 15, 2010",Hinkle,Mark,mrhinkle@zenoss.com,,Hinkle,Mark,,mrhinkle@zenoss.com,1,Attendee,"May 15, 2010 at 9:00 AM",,,"Raleigh, NC, United States",,,,Free Order,USD,0,0,0,0,0,Attending,eTicket,,,,,,,,,,,,Data center automation,Yes,,,,,,,,VP,Zenoss,,,,,,,,http://community.zenoss.org,http://blog.zenoss.com,
11226588,"OpsCamp San Francisco - May 15, 2010",569249641,OpsCamp,15018660,,"Apr 21, 2010",Burnett,Allan,aburnett@vmware.com,,Tran,My,,mtran@vmware.com,1,Attendee,"May 15, 2010 at 9:00 AM",,,"San Jose, CA, United States",,,,Free Order,USD,0,0,0,0,0,Attending,eTicket,,,,,,,,,,,,monitoring,No,No special requirements,,,,,,,Tools Developer,VMware,,,,,,,,,,
11012447,"OpsCamp San Francisco - May 15, 2010",569249641,OpsCamp,14743318,,"Apr 14, 2010",Robertson,M.T.,mtrobertson@gwos.com,,Robertson,M.T.,,mtrobertson@gwos.com,1,Attendee,"May 15, 2010 at 9:00 AM",,,"San Francisco, CA, United States",,,,Free Order,USD,0,0,0,0,0,Attending,eTicket,,,,,,,,,,,,Monitoring,No,,,,,,,,VP of Sales,GroundWork Open Source,,,,,,,,http://gwos.com,,
11844081,"OpsCamp San Francisco - May 15, 2010",569249641,OpsCamp,15817454,,"May 13, 2010",Bitar,Nadeem,Nadeem@gmail.com,,Bitar,Nadeem,,Nadeem@gmail.com,1,Attendee,"May 15, 2010 at 9:00 AM",,,"San Francisco, CA, United States",,,,Free Order,USD,0,0,0,0,0,Attending,eTicket,,,,,,,,,,,,Chef. Automation.,No,No special requirements,,,,,,,Engineering Manager,AffinityLabs,,,,,,,,,,
11448078,"OpsCamp San Francisco - May 15, 2010",569249641,OpsCamp,15303237,,"Apr 29, 2010",Hoover,Nathan,nahoover@adobe.com,,Hoover,Nathan,,nahoover@adobe.com,1,Attendee,"May 15, 2010 at 9:00 AM",,,"San Jose, CA, United States",,,,Free Order,USD,0,0,0,0,0,Attending,eTicket,,,,,,,,,,,,"Operations management for SaaS services, multiplatform/multi-datacenter ops",Yes,No special requirements,,,,,,,Engineering Manager,Adobe Systems,,,,,,,,http://businesscatalyst.com,http://twitter.com/twisty7867,
11333600,"OpsCamp San Francisco - May 15, 2010",569249641,OpsCamp,15156213,,"Apr 26, 2010",Narahari,Sateesh,narahari@hotmail.com,,Narahari,Sateesh,,narahari@hotmail.com,1,Attendee,"May 15, 2010 at 9:00 AM",,,"Englewood, CO, United States",,,,Free Order,USD,0,0,0,0,0,Attending,eTicket,,,,,,,,,,,,- App Servers in production,Yes,Vegetarian food,,,,,,,"Director, Product Management",MuleSoft,,,,,,,,http://www.mulesoft.com,http://blog.mulesoft.com,
11735365,"OpsCamp San Francisco - May 15, 2010",569249641,OpsCamp,15676492,,"May 10, 2010",Ramanathan,Narendran,naren@alumni.haas.org,,Ramanathan,Narendran,,naren@alumni.haas.org,1,Attendee,"May 15, 2010 at 9:00 AM",,,"Sausalito, CA, United States",,,,Free Order,USD,0,0,0,0,0,Attending,eTicket,,,,,,,,,,,,cloud computing,No,Vegetarian food,,,,,,,,,,,,,,,,,,
11542842,"OpsCamp San Francisco - May 15, 2010",569249641,OpsCamp,15426126,,"May 3, 2010",Kuriger,Nathan,nathank@evilmonkeys.com,,Kuriger,Nathan,,nathank@evilmonkeys.com,1,Attendee,"May 15, 2010 at 9:00 AM",,,"San Ramon, CA, United States",,,,Free Order,USD,0,0,0,0,0,Attending,eTicket,,,,,,,,,,,,IT Operations,No,No special requirements,,,,,,,Systems Admin,EM Labs,,,,,,,,http://www.evilmonkeys.com,,
11348801,"OpsCamp San Francisco - May 15, 2010",569249641,OpsCamp,15175745,,"Apr 26, 2010",Bennett,Nate,nbennett@gwos.com,,Bennett,Nate,,nbennett@gwos.com,1,Attendee,"May 15, 2010 at 9:00 AM",,,"San Francisco, CA, United States",,,,Free Order,USD,0,0,0,0,0,Attending,eTicket,,,,,,,,,,,,Open Source Development,No,No special requirements,,,,,,,NA West and Central Sales Rep,GroundWork Open Source,,,,,,,,http://gwos.com,,
9604098,"OpsCamp San Francisco - May 15, 2010",569249641,OpsCamp,12929361,,"Feb 23, 2010",,,nbuckley@cybersource.com,,Buckley,Neil,,nbuckley@cybersource.com,1,Attendee,"May 15, 2010 at 9:00 AM",,,"Clearlake, WA, United States",,,,Free Order,USD,0,0,0,0,0,Attending,eTicket,,,,,,,,,,,,"automation, deployment",No,,,,,,,,,,,,,,,,,,,
11287158,"OpsCamp San Francisco - May 15, 2010",569249641,OpsCamp,15095752,,"Apr 23, 2010",Davis,Nathaniel,ndavis@wcirbonline.org,,Davis,Nathaniel,,ndavis@wcirbonline.org,1,Attendee,"May 15, 2010 at 9:00 AM",,,"San Francisco, CA, United States",,,,Free Order,USD,0,0,0,0,0,Attending,eTicket,,,,,,,,,,,,"Monitoring, and deployment",Yes,No special requirements,,,,,,,IT Systems Administrator,WCIRB,,,,,,,,,,
11811357,"OpsCamp San Francisco - May 15, 2010",569249641,OpsCamp,15775078,,"May 12, 2010",Felsen,Nathaniel,nfelsen@gmail.com,,Felsen,Nat,,nfelsen@gmail.com,1,Attendee,"May 15, 2010 at 9:00 AM",,,"Oakland, CA, United States",,,,Free Order,USD,0,0,0,0,0,Attending,eTicket,,,,,,,,,,,,"NoSQL, high availability, load balancing",No,No special requirements,,,,,,,,ORB Networks,,,,,,,,http://orb.com,,
11284687,"OpsCamp San Francisco - May 15, 2010",569249641,OpsCamp,15092492,,"Apr 23, 2010",Santucci,Nicholas,nicksan@gmail.com,,Santucci,Nicholas,,nicksan@gmail.com,1,Attendee with donation,"May 15, 2010 at 9:00 AM",,,"Englewood, CO, United States",,,,Abandoned,USD,26.61,1.61,1.61,0,0,Abandoned,eTicket,,,,,,,,,,,,open source system and network monitoring,No,No special requirements,,,,,,,Sr. Staff Engineer,DIRECTV,,,,,,,,http://www.directv.com,,
11687639,"OpsCamp San Francisco - May 15, 2010",569249641,OpsCamp,15613189,,"May 7, 2010",Smith,JC,offroadjc76@yahoo.com,,Smith,JC,,offroadjc76@yahoo.com,1,Attendee,"May 15, 2010 at 9:00 AM",,,"San Francisco, CA, United States",,,,Free Order,USD,0,0,0,0,0,Attending,eTicket,,,,,,,,,,,,"virtualization, storage, cloud",Yes,No special requirements,,,,,,,Architect,,,,,,,,,,,
11517676,"OpsCamp San Francisco - May 15, 2010",569249641,OpsCamp,15393856,,"May 2, 2010",De smet,Brian,Opscamp.org@breg.fief.org,,De smet,Brian,,Opscamp.org@breg.fief.org,1,Attendee,"May 15, 2010 at 9:00 AM",,,United States,,,,Free Order,USD,0,0,0,0,0,Attending,eTicket,,,,,,,,,,,,Configuration management. System usage graphing for arbitrary data.,No,No special requirements,,,,,,,,,,,,,,,,,,
11334133,"OpsCamp San Francisco - May 15, 2010",569249641,OpsCamp,15156861,,"Apr 26, 2010",Oser,Jim,oserj@concentric.net,,Oser,Jim,,oserj@concentric.net,1,Attendee,"May 15, 2010 at 9:00 AM",,,"Novato, CA, United States",,,,Free Order,USD,0,0,0,0,0,Attending,eTicket,,,,,,,,,,,,rails programming in the cloud. Engine Yard and NewRelic,Yes,No special requirements,,,,,,,"Rails Programmer, Mac Consultant",Oser Computer Solutions,,,,,,,,"http://www,oserconsulting.com",,
11058619,"OpsCamp San Francisco - May 15, 2010",569249641,OpsCamp,14804231,,"Apr 16, 2010",,,p_brehony@yahoo.com,,Brehony,Patrick,,p_brehony@yahoo.com,1,Attendee,"May 15, 2010 at 9:00 AM",,,"San Francisco, CA, United States",,,,Free Order,USD,0,0,0,0,0,Attending,eTicket,,,,,,,,,,,,Social Apps,No,No special requirements,,,,,,,,,,,,,,,,,,
11329230,"OpsCamp San Francisco - May 15, 2010",569249641,OpsCamp,15150614,,"Apr 26, 2010",Braga,Paul,pagarb@gmail.com,,Braga,Paul,,pagarb@gmail.com,1,Attendee,"May 15, 2010 at 9:00 AM",,,"Novato, CA, United States",,,,Free Order,USD,0,0,0,0,0,Attending,eTicket,,,,,,,,,,,,"security, virtualization, network monitoring",Yes,No special requirements,,,,,,,IT Consultant/VAR,Image Quotient,,,,,,,,,,
11890034,"OpsCamp San Francisco - May 15, 2010",569249641,OpsCamp,15876776,,"May 14, 2010",,,palevsky@rocketmail.com,,Palevskhy,Nick,,palevsky@rocketmail.com,1,Attendee,"May 15, 2010 at 9:00 AM",,,"Beverly Hills, CA, United States",,,,Free Order,USD,0,0,0,0,0,Attending,eTicket,,,,,,,,,,,,Chef,No,No special requirements,,,,,,,,,,,,,,,,,,
10955407,"OpsCamp San Francisco - May 15, 2010",569249641,OpsCamp,14670417,,"Apr 13, 2010",Prashar,Pancham,pancham@cueblocks.com,,Prashar,Pancham,,pancham@cueblocks.com,1,Attendee,"May 15, 2010 at 9:00 AM",,,"Patiala, India",,,,Free Order,USD,0,0,0,0,0,Attending,eTicket,,,,,,,,,,,,"wordpress, mashups, magento, social media, online marketing",Yes,,,,,,,,"Co-Founder, President Sales & Marketing",Cue Blocks Technologies,,,,,,,,http://www.CueBlocks.com/,http://www.CueBlocks.com/blog,
11487142,"OpsCamp San Francisco - May 15, 2010",569249641,OpsCamp,15353496,,"Apr 30, 2010",Palmer,Phil,pdpalmer@pepwater.com,,Palmer,Phil,,pdpalmer@pepwater.com,1,Attendee,"May 15, 2010 at 9:00 AM",,,"Mountain View, CA, United States",,,,Free Order,USD,0,0,0,0,0,Attending,eTicket,,,,,,,,,,,,"Software as a Service, Security, Operations Management Tools",Yes,No special requirements,,,,,,,Principal Consultant,PepWater IT Solutions,,,,,,,,http://www.pepwater.com,,
11897946,"OpsCamp San Francisco - May 15, 2010",569249641,OpsCamp,15887043,,"May 14, 2010",Woo,Peter,peter.woo@wholeshare.com,,Woo,Peter,,peter.woo@wholeshare.com,1,Attendee,"May 15, 2010 at 9:00 AM",,,"San Francisco, CA, United States",,,,Free Order,USD,0,0,0,0,0,Attending,eTicket,,,,,,,,,,,,Ruby on Rails infrastructure,No,No special requirements,,,,,,,,,,,,,,,,,,
11577173,"OpsCamp San Francisco - May 15, 2010",569249641,OpsCamp,15470554,,"May 4, 2010",Loh,Peter,ploh@tapinsystems.com,,Loh,Peter,,ploh@tapinsystems.com,1,Attendee,"May 15, 2010 at 9:00 AM",,,"San Francisco, CA, United States",,,,Free Order,USD,0,0,0,0,0,Attending,eTicket,,,,,,,,,,,,automation,Yes,No special requirements,,,,,,,,Tap In Systems,,,,,,,,http://www.tapinsystems.com,,
11737365,"OpsCamp San Francisco - May 15, 2010",569249641,OpsCamp,15679267,,"May 10, 2010",Mikkilineni,Rao,rao@kawaobjects.com,,Mikkilineni,Rao,,rao@kawaobjects.com,1,Attendee,"May 15, 2010 at 9:00 AM",,,"Cupertino, CA, United States",,,,Free Order,USD,0,0,0,0,0,Attending,eTicket,,,,,,,,,,,,Operation and management of clouds,Yes,No special requirements,,,,,,,CTO,Kawa Objects,,,,,,,,http://www.kawaobjects.com,http://computingcloud.wordpress.com,
11289314,"OpsCamp San Francisco - May 15, 2010",569249641,OpsCamp,15098391,,"Apr 23, 2010",Berger,Robert,rberger@runa.com,,Berger,Robert,,rberger@runa.com,1,Attendee,"May 15, 2010 at 9:00 AM",,,"Hayward, CA, United States",,,,Free Order,USD,0,0,0,0,0,Attending,eTicket,,,,,,,,,,,,"Chef, AWS, Monitoring, HBase",No,No special requirements,,,,,,,CTO,Runa Inc.,,,,,,,,http://www.runa.com,http://blog.ibd.com,
11229150,"OpsCamp San Francisco - May 15, 2010",569249641,OpsCamp,15021974,,"Apr 21, 2010",Cobb,Rick,rcobb@quantcast.com,,Cobb,Rick,,rcobb@quantcast.com,1,Attendee,"May 15, 2010 at 9:00 AM",,,"San Francisco, CA, United States",,,,Free Order,USD,0,0,0,0,0,Attending,eTicket,,,,,,,,,,,,"Large-scale, simple operations designs with no SPoFs and few dependencies.",No,No special requirements,,,,,,,"Manager, Availability & Automation",Quantcast,,,,,,,,http://www.quantcast.com,,
11807232,"OpsCamp San Francisco - May 15, 2010",569249641,OpsCamp,15769886,,"May 12, 2010",Morin,Rich,rdm@cfcl.com,,Morin,Rich,,rdm@cfcl.com,1,Attendee,"May 15, 2010 at 9:00 AM",,,"Novato, CA, United States",,,,Free Order,USD,0,0,0,0,0,Attending,eTicket,,,,,,,,,,,,mechanized documentation; monitoring and reporting tools,No,No special requirements,,,,,,,Proprietor,Canta Forda Computer Laboratory,,,,,,,,http://cfcl.com,http://http://www.cfcl.com/rdm/weblog/,
11811250,"OpsCamp San Francisco - May 15, 2010",569249641,OpsCamp,15774929,,"May 12, 2010",Richard,Fink,ric@innermagic.com,,Richard,Fink,,ric@innermagic.com,1,Attendee,"May 15, 2010 at 9:00 AM",,,"San Francisco, CA, United States",,,eivtefrnd,Free Order,USD,0,0,0,0,0,Attending,eTicket,,,,,,,,,,,,Developer issues,No,No special requirements,,,,,,,Owneer,Wild Dog Apps,,,,,,,,,,
11240689,"OpsCamp San Francisco - May 15, 2010",569249641,OpsCamp,15036295,,"Apr 22, 2010",Crowley,Richard,richard@devstructure.com,,Crowley,Richard,,richard@devstructure.com,1,Attendee,"May 15, 2010 at 9:00 AM",,,"San Francisco, CA, United States",,,,Free Order,USD,0,0,0,0,0,Attending,eTicket,,,,,,,,,,,,"Developer tools, UNIX, automation.",No,No special requirements,,,,,,,CTO,DevStructure,,,,,,,,http://devstructure.com/,http://rcrowley.org/,
11630485,"OpsCamp San Francisco - May 15, 2010",569249641,OpsCamp,15539831,,"May 5, 2010",James,Robert,rjames@pacunion.com,,James,Robert,,rjames@pacunion.com,1,Attendee,"May 15, 2010 at 9:00 AM",,,"Gardena, CA, United States",,,,Free Order,USD,0,0,0,0,0,Attending,eTicket,,,,,,,,,,,,GroundWorks,Yes,No special requirements,,,,,,,System Administrator,Pacific Union Real Estate,,,,,,,,http://pacunion.com,,
11487177,"OpsCamp San Francisco - May 15, 2010",569249641,OpsCamp,15353547,,"Apr 30, 2010",Briley,Robert,robert@bedex.us,,Briley,Robert,,robert@bedex.us,1,Attendee,"May 15, 2010 at 9:00 AM",,,"Oakland, CA, United States",,,,Free Order,USD,0,0,0,0,0,Attending,eTicket,,,,,,,,,,,,"Cloud migration, Analytics, Linux Administration",No,No special requirements,,,,,,,Owner,Bedex,,,,,,,,http://bedex.us,,
11812859,"OpsCamp San Francisco - May 15, 2010",569249641,OpsCamp,15777026,,"May 12, 2010",Bennett,Simon,sbennett@gwos.com,,Bennett,Simon,,sbennett@gwos.com,1,Attendee,"May 15, 2010 at 9:00 AM",,,"San Francisco, CA, United States",,,,Free Order,USD,0,0,0,0,0,Attending,eTicket,,,,,,,,,,,,"Bandwidth monitoring, monitoring in dynamic clouds, application-oriented dashboards.",Yes,No special requirements,,,,,,,"Sr. Director, Products.",GWOS,,,,,,,,http://www.gwos.com/,http://www.gwos.com/blog,
11342480,"OpsCamp San Francisco - May 15, 2010",569249641,OpsCamp,15167717,,"Apr 26, 2010",Nelson Windels,Scott,scott.nelson@infocentricity.com,,Nelson Windels,Scott,,scott.nelson@infocentricity.com,1,Attendee,"May 15, 2010 at 9:00 AM",,,"Berkeley, CA, United States",,,,Free Order,USD,0,0,0,0,0,Attending,eTicket,,,,,,,,,,,,Monitoring Security Automation Configuration Management,No,No special requirements,,,,,,,Director of Operations,InfoCentricity,,,,,,,,http://www.infocentricity.com/,,
11901876,"OpsCamp San Francisco - May 15, 2010",569249641,OpsCamp,15892943,,"May 14, 2010",Kane,Shanley,shanley@apigee.com,,Kane,Shanley,,shanley@apigee.com,1,Attendee,"May 15, 2010 at 9:00 AM",,,"San Francisco, CA, United States",,,,Free Order,USD,0,0,0,0,0,Attending,eTicket,,,,,,,,,,,,"Open Cloud, devops, APIs, IT management across onprem/multiple cloud environments.",No,No special requirements,,,,,,,,Apigee,,,,,,,,http://www.apigee.com,,
11754259,"OpsCamp San Francisco - May 15, 2010",569249641,OpsCamp,15701899,,"May 10, 2010",Gopal,venu,venu@iopextech.com,,Thiagarajan,Sivakumar,,siv@iopextech.com,1,Attendee,"May 15, 2010 at 9:00 AM",,,"Cupertino, CA, United States",,,,Free Order,USD,0,0,0,0,0,Attending,eTicket,,,,,,,,,,,,"Operations optimization, Tech support, Inframanagement",Yes,No special requirements,,,,,,,President,iOpex Technologies,,,,,,,,http://iopextech.com,,
11286125,"OpsCamp San Francisco - May 15, 2010",569249641,OpsCamp,15094394,,"Apr 23, 2010",Smith,Roger,smith@artegenix.com,,Smith,Roger,,smith@artegenix.com,1,Attendee,"May 15, 2010 at 9:00 AM",,,"San Francisco, CA, United States",,,,Free Order,USD,0,0,0,0,0,Attending,eTicket,,,,,,,,,,,,"GroundWorks, storage management",Yes,No special requirements,,,,,,,Consultant,Artegenix,,,,,,,,,,
11731788,"OpsCamp San Francisco - May 15, 2010",569249641,OpsCamp,15671826,,"May 10, 2010",Nandwani,Suneet,suneet@speedilent.com,,Nandwani,Suneet,,suneet@speedilent.com,1,Attendee,"May 15, 2010 at 9:00 AM",,,"San Jose, CA, United States",,,,Free Order,USD,0,0,0,0,0,Attending,eTicket,,,,,,,,,,,,"Cloud Computing, Desktop Virtualization",Yes,No special requirements,,,,,,,President,Speedilent,,,,,,,,http://www.speedilent.com,http://techtalk4you.com,
11283274,"OpsCamp San Francisco - May 15, 2010",569249641,OpsCamp,15090611,,"Apr 23, 2010",Cudd,Thomas,TCUDD@CRAI.COM,,Cudd,Thomas,,TCUDD@CRAI.COM,1,Attendee,"May 15, 2010 at 9:00 AM",,,"Fremont, CA, United States",,,,Free Order,USD,0,0,0,0,0,Attending,eTicket,,,,,,,,,,,,All,No,No special requirements,,,,,,,Sr. Systems Administraotr,Charles River Associates,,,,,,,,,,
11744172,"OpsCamp San Francisco - May 15, 2010",569249641,OpsCamp,15688392,,"May 10, 2010",Thompson,Lee,thompson@dtosolutions.com,,Thompson,Lee,,thompson@dtosolutions.com,1,Attendee,"May 15, 2010 at 9:00 AM",,,"Austin, TX, United States",,,,Free Order,USD,0,0,0,0,0,Attending,eTicket,,,,,,,,,,,,devops,No,No special requirements,,,,,,,Consultant,DTO Solutions,,,,,,,,http://dtosolutions.com,http://dev2ops.org,
11766861,"OpsCamp San Francisco - May 15, 2010",569249641,OpsCamp,15717730,,"May 11, 2010",Mack,Tom,tmack@rpath.com,,Mack,Tom Mack,,tmack@rpath.com,1,Attendee,"May 15, 2010 at 9:00 AM",,,"Boston, MA, United States",,,,Free Order,USD,0,0,0,0,0,Attending,eTicket,,,,,,,,,,,,Deployment,Yes,No special requirements,,,,,,,Director,rPath,,,,,,,,http://www.rpath.com,,
11009218,"OpsCamp San Francisco - May 15, 2010",569249641,OpsCamp,14739121,,"Apr 14, 2010",spalding,Tara,tspalding@gwos.com,,Spalding,Tara,,tspalding@gwos.com,1,Attendee with donation,"May 15, 2010 at 9:00 AM",,,"San Francisco, CA, United States",,,,PayPal Completed,USD,2.01,1.01,1.01,0,0,Attending,eTicket,,,,,,,,,,,,"system, application & network monitoring",Yes,,,,,,,,CMO,GWOS,,,,,,,,http://gwos.com,http://gwos.com/blog,
11183380,"OpsCamp San Francisco - May 15, 2010",569249641,OpsCamp,14964044,,"Apr 20, 2010",Wain,Amir,awain@i2cinc.com,,Baig,Usman,,ubaig@i2cinc.com,1,Attendee,"May 15, 2010 at 9:00 AM",,,"Menlo Park, CA, United States",,,,Free Order,USD,0,0,0,0,0,Attending,eTicket,,,,,,,,,,,,dev - ops relationship,Yes,Vegetarian food,,,,,,,,,,,,,,,,,,
11667150,"OpsCamp San Francisco - May 15, 2010",569249641,OpsCamp,15586788,,"May 6, 2010",Kurland,Vadim,vadimk@gmail.com,,Kurland,Vadim,,vadimk@gmail.com,1,Attendee,"May 15, 2010 at 9:00 AM",,,"Oakland, CA, United States",,,,Free Order,USD,0,0,0,0,0,Attending,eTicket,,,,,,,,,,,,"configuration management and automation, monitoring",No,No special requirements,,,,,,,,NetCitadel LLC,,,,,,,,http://www.fwbuilder.org,,
11285491,"OpsCamp San Francisco - May 15, 2010",569249641,OpsCamp,15093552,,"Apr 23, 2010",Shiro,Val,val.shiro@decisionview.com,,Shiro,Val,,val.shiro@decisionview.com,1,Attendee,"May 15, 2010 at 9:00 AM",,,"San Francisco, CA, United States",,,,Free Order,USD,0,0,0,0,0,Attending,eTicket,,,,,,,,,,,,performance monitoring,Yes,No special requirements,,,,,,,"IT Manager, Solution Architect",Decisionview Inc.,,,,,,,,http://www.Decisionview.com,,
11754259,"OpsCamp San Francisco - May 15, 2010",569249641,OpsCamp,15701900,,"May 10, 2010",Gopal,venu,venu@iopextech.com,,Gopal,venu,,venu@iopextech.com,1,Attendee,"May 15, 2010 at 9:00 AM",,,"Cupertino, CA, United States",,,,Free Order,USD,0,0,0,0,0,Attending,eTicket,,,,,,,,,,,,"IT Operations, Optimization, Tech support, Infra Management",Yes,No special requirements,,,,,,,VP Strategic Business,iOpex Technologies,,,,,,,,http://iopextech.com,,
11805818,"OpsCamp San Francisco - May 15, 2010",569249641,OpsCamp,15768158,,"May 12, 2010",Chong,Victor,victor@linkworksllc.com,,Chong,Victor,,victor@linkworksllc.com,1,Attendee,"May 15, 2010 at 9:00 AM",,,"Petaluma, CA, United States",,,,Free Order,USD,0,0,0,0,0,Attending,eTicket,,,,,,,,,,,,Entrepreneurship ideas.,Yes,No special requirements,,,,,,,Business Development Manager,Linkworks,,,,,,,,http://tinyurl.com/mangoapp,,
11581673,"OpsCamp San Francisco - May 15, 2010",569249641,OpsCamp,15476439,,"May 4, 2010",Divakar,MP,docdivakar@yahoo.com,,Venkatesh,Vinay,,vinay4venkatesh@gmail.com,1,Attendee,"May 15, 2010 at 9:00 AM",,,"San Francisco, CA, United States",,,,Free Order,USD,0,0,0,0,0,Attending,eTicket,,,,,,,,,,,,"Network management, RRD",Yes,Vegetarian food,,,,,,,Energy Analyst,,,,,,,,,,,
11303946,"OpsCamp San Francisco - May 15, 2010",569249641,OpsCamp,15117741,,"Apr 24, 2010",Grado,Victor,vitekny@gmail.com,,Grado,Victor,,vitekny@gmail.com,1,Attendee,"May 15, 2010 at 9:00 AM",,,"San Mateo, CA, United States",,,,Free Order,USD,0,0,0,0,0,Attending,eTicket,,,,,,,,,,,,1) Cloud monitoring and management 2) Monitoring-as-a-Service,Yes,No special requirements,,,,,,,Sr Staff Engineer,Huawei,,,,,,,,http://www.huawei.com,,
11731470,"OpsCamp San Francisco - May 15, 2010",569249641,OpsCamp,15671393,,"May 10, 2010",Jacinto,Romel,webstuff@techbandit.com,,Jacinto,Romel,,webstuff@techbandit.com,1,Attendee,"May 15, 2010 at 9:00 AM",,,"San Francisco, CA, United States",,,,Free Order,USD,0,0,0,0,0,Attending,eTicket,,,,,,,,,,,,"Virtual server management, disaster recovery, cloud security",No,No special requirements,,,,,,,Systems Administrator,,,,,,,,,,,
11777413,"OpsCamp San Francisco - May 15, 2010",569249641,OpsCamp,15731282,,"May 11, 2010",Dan,Wozniak,wozniak.dan@gmail.com,,Dan,Wozniak,,wozniak.dan@gmail.com,1,Attendee,"May 15, 2010 at 9:00 AM",,,"Emeryville, CA, United States",,,,Free Order,USD,0,0,0,0,0,Attending,eTicket,,,,,,,,,,,,network monitoring techniques and troubleshooting,Yes,No special requirements,,,,,,,,,,,,,,,,,,
11621898,"OpsCamp San Francisco - May 15, 2010",569249641,OpsCamp,15528325,,"May 5, 2010",Yan,Crystal,yan.crystal.c@gmail.com,,Yan,Crystal,,yan.crystal.c@gmail.com,1,Attendee,"May 15, 2010 at 9:00 AM",,,"Campbell, CA, United States",,,,Free Order,USD,0,0,0,0,0,Attending,eTicket,,,,,,,,,,,,Learning more from the OpsCamp community!,No,No special requirements,,,,,,,,,,,,,,,,http://crystalcyan.com,http://crystaly.wordpress.com,
11859354,"OpsCamp San Francisco - May 15, 2010",569249641,OpsCamp,15837067,,"May 13, 2010",Epstein,Zedd,zedd.00@gmail.com,,Epstein,Zedd,,zedd.00@gmail.com,1,Attendee,"May 15, 2010 at 9:00 AM",,,"San Francisco, CA, United States",,,,Free Order,USD,0,0,0,0,0,Attending,eTicket,,,,,,,,,,,,Cloud Computing,Yes,No special requirements,,,,,,,DC Technician,GoGrid,,,,,,,,http://www.gogrid.com,,
11814681,"OpsCamp San Francisco - May 15, 2010",569249641,OpsCamp,15779325,,"May 12, 2010",Stevenson,Chris,zhcchz@gmail.com,,Stevenson,Chris,,zhcchz@gmail.com,1,Attendee,"May 15, 2010 at 9:00 AM",,,"San Francisco, CA, United States",,,,Free Order,USD,0,0,0,0,0,Attending,eTicket,,,,,,,,,,,,Mobile application development and deployment,No,No special requirements,,,,,,,Developer,"ThoughtWorks, Inc",,,,,,,,,http://www.skizz.biz,
11090497,"OpsCamp San Francisco - May 15, 2010",569249641,OpsCamp,14844691,,"Apr 16, 2010",Zhen,Jian,zhenjl@gmail.com,,Zhen,Jian,,zhenjl@gmail.com,1,Attendee,"May 15, 2010 at 9:00 AM",,,"Sebastopol, CA, United States",,,,Free Order,USD,0,0,0,0,0,Attending,eTicket,,,,,,,,,,,,devops,No,No special requirements,,,,,,,,,,,,,,,,,,
